Drug_ID,Drug_Name,Company,Region,Sale_Date,Approval_Date,Category,Units_Sold,Price_INR,Revenue_INR,Batch_Number,Manufacturing_Plant,Side_Effects_Reported,Clinical_Trial_Phase,Success_Rate,Regulatory_Status,Doctor_Prescriptions,Customer_Rating,Distribution_Channel,Country,Marketing_Spend_INR
1,Ibuprofen,Biocon,south ,2025-01-01 00:00:00,2015-04-29,Analgesic,495,7205.22,3566583.9,4556,Ahmedabad,25,Phase 3,50.93,Rejected,30,3.9,Retail Pharmacy,India,3960109.38
2,Azithromycin,Cipla,Central,2025-01-01 01:00:00,2021-02-20,Antidiabetic,233,21776.3,5073877.899999999,4051,Hyderabad,6,Phase 2,97.17,Rejected,65,3.9,Retail Pharmacy,India,2910912.85
3,Ciprofloxacin,Sun Pharma,NORTH ,2025-01-01 02:00:00,2018-10-16,Gastrointestinal,373,10127.75,3777650.75,1315,Bangalore,31,Phase 1,77.15,Approved,94,2.7,Hospital,India,842111.76
4,Amlodipine,Biocon,WEST,2025-01-01 03:00:00,2023-09-08,Vaccine,941,12281.6,11556985.6,4601,Hyderabad,41,Phase 3,56.88,Rejected,25,1.9,Distributor,India,2780791.65
5,Losartan,Glenmark,Central,2025-01-01 04:00:00,2015-10-16,Analgesic,103,33920.85,3493847.55,1954,Ahmedabad,10,Phase 4,98.0,Rejected,80,4.1,Hospital,India,1007785.76
6,Atorvastatin,Torrent,Central,2025-01-01 05:00:00,2023-12-01,Cardiovascular,783,8485.71,6644310.93,2643,Mumbai,36,Phase 1,84.31,Approved,24,2.6,Distributor,India,1752996.5
7,Losartan,Biocon,west region,2025-01-01 06:00:00,2024-05-01,Vaccine,894,38216.06,34165157.64,1079,Mumbai,40,Phase 2,58.8,Approved,56,4.1,Retail Pharmacy,India,2598284.32
8,Omeprazole,Sun Pharma,East Zone,2025-01-01 07:00:00,2023-05-31,Analgesic,11,16114.18,177255.98,1515,Bangalore,46,Phase 2,91.89,Approved,41,4.7,Distributor,India,373336.86
9,Paracetamol,Aurobindo,NORTH ,2025-01-01 08:00:00,2024-11-01,Cardiovascular,170,35535.82,6041089.4,1685,Ahmedabad,19,Phase 1,82.85,Pending,60,1.3,Retail Pharmacy,India,4835966.1
10,Omeprazole,Cadila,west region,2025-01-01 09:00:00,2021-05-30,Vaccine,160,22685.47,3629675.2,2890,Mumbai,31,Phase 2,87.33,Approved,17,2.9,Online,India,4678825.62
11,Losartan,Lupin, North Region,2025-01-01 10:00:00,2023-04-24,Analgesic,991,1100.28,1090377.48,4759,Hyderabad,29,Phase 4,64.84,Approved,85,2.9,Retail Pharmacy,India,4235701.82
12,Ibuprofen,Sun Pharma,north,2025-01-01 11:00:00,2017-02-23,Antidiabetic,545,27062.71,14749176.95,4165,Mumbai,23,Phase 1,52.82,Approved,76,1.0,Online,India,4628609.92
13,Metformin,Torrent,NORTH ,2025-01-01 12:00:00,2017-08-17,Antidiabetic,70,12184.67,852926.9,1146,Pune,5,Phase 3,87.32,Approved,38,4.9,Hospital,India,2125152.46
14,Losartan,Biocon,SOUTH,2025-01-01 13:00:00,2018-01-28,Vaccine,869,30288.4,26320619.6,3339,Bangalore,19,Phase 4,50.45,Rejected,63,2.0,Retail Pharmacy,India,1871785.26
15,Metformin,Cadila, North Region,2025-01-01 14:00:00,2019-04-19,Antidiabetic,269,39841.69,10717414.61,1070,Mumbai,31,Phase 2,95.76,Rejected,26,4.2,Distributor,India,2387143.1
16,Metformin,Torrent,WEST,2025-01-01 15:00:00,2020-10-24,Gastrointestinal,463,13758.52,6370194.76,4288,Bangalore,10,Phase 2,74.74,Approved,37,1.8,Distributor,India,2281453.42
17,Amoxicillin,Cipla,SOUTH,2025-01-01 16:00:00,2023-11-05,Vaccine,54,15845.63,855664.0199999999,2427,Pune,42,Phase 4,79.57,Approved,93,1.6,Hospital,India,4201285.55
18,Losartan,Dr. Reddy's,souTh,2025-01-01 17:00:00,2021-07-03,Analgesic,93,30194.51,2808089.43,4802,Ahmedabad,28,Phase 3,98.98,Approved,89,1.5,Online,India,516002.32
19,Amlodipine,Zydus,Central,2025-01-01 18:00:00,2022-06-09,Antidiabetic,815,4061.94,3310481.1,4028,Ahmedabad,28,Phase 3,65.95,Pending,34,2.7,Retail Pharmacy,India,2336942.91
20,Metformin,Torrent,north,2025-01-01 19:00:00,2016-02-12,Analgesic,255,2269.76,578788.8,3820,Hyderabad,16,Phase 3,56.5,Approved,89,2.4,Distributor,India,194206.38
21,Ciprofloxacin,Dr. Reddy's,SOUTH,2025-01-01 20:00:00,2021-08-13,Vaccine,699,9695.24,6776972.76,1683,Pune,45,Phase 4,73.15,Pending,58,1.8,Retail Pharmacy,India,3080231.48
22,Paracetamol,Cipla,north,2025-01-01 21:00:00,2022-04-16,Antibiotic,97,36524.36,3542862.92,3361,Hyderabad,40,Phase 1,99.71,Approved,31,1.2,Online,India,2600588.06
23,Amlodipine,Sun Pharma,East Zone,2025-01-01 22:00:00,2021-06-28,Cardiovascular,777,4017.67,3121729.59,3832,Mumbai,27,Phase 3,85.29,Approved,77,2.6,Online,India,2786898.76
24,Ciprofloxacin,Sun Pharma, North Region,2025-01-01 23:00:00,2017-11-27,Antidiabetic,88,4223.96,371708.48,4590,Hyderabad,29,Phase 2,95.48,Pending,90,2.9,Retail Pharmacy,India,3882489.65
25,Amlodipine,Cadila,Central,2025-01-02 00:00:00,2019-10-07,Gastrointestinal,321,38643.21,12404470.41,1144,Bangalore,13,Phase 3,94.22,Pending,93,4.3,Distributor,India,3022305.75
26,Losartan,Lupin,north,2025-01-02 01:00:00,2017-04-13,Gastrointestinal,789,11393.65,8989589.85,4413,Hyderabad,26,Phase 2,79.94,Rejected,56,1.9,Retail Pharmacy,India,1911352.24
27,Atorvastatin,Sun Pharma,souTh,2025-01-02 02:00:00,2022-09-28,Antidiabetic,589,28569.58,16827482.62,4905,Hyderabad,34,Phase 3,73.31,Pending,35,3.1,Online,India,2362019.98
28,Metformin,Cadila,SOUTH,2025-01-02 03:00:00,2022-09-08,Gastrointestinal,337,38588.25,13004240.25,3497,Mumbai,48,Phase 2,80.73,Approved,81,4.1,Retail Pharmacy,India,200805.42
29,Metformin,Biocon,Central,2025-01-02 04:00:00,2023-09-21,Cardiovascular,300,35593.35,10678005.0,2052,Bangalore,47,Phase 1,65.1,Approved,48,2.8,Hospital,India,4551975.94
30,,Lupin,Central,2025-01-02 05:00:00,2022-11-29,Gastrointestinal,402,27304.54,10976425.08,1288,Hyderabad,19,Phase 3,53.2,Approved,42,1.5,Retail Pharmacy,India,1730092.53
31,Atorvastatin,Cadila,East Zone,2025-01-02 06:00:00,2021-11-19,Vaccine,330,31404.84,10363597.2,2272,Pune,8,Phase 4,99.73,Rejected,19,4.0,Retail Pharmacy,India,1145596.05
32,Losartan,Sun Pharma,west region,2025-01-02 07:00:00,2024-03-10,Cardiovascular,110,9562.15,1051836.5,3302,Pune,23,Phase 3,68.63,Approved,43,2.4,Distributor,India,2493196.01
33,Ciprofloxacin,Cipla,south ,2025-01-02 08:00:00,2017-10-16,Antidiabetic,847,14792.3,12529078.1,3084,Ahmedabad,5,Phase 1,85.96,Rejected,90,2.4,Distributor,India,3479685.28
34,Azithromycin,Dr. Reddy's,WEST,2025-01-02 09:00:00,2018-12-20,Cardiovascular,324,9094.96,2946767.04,3301,Ahmedabad,15,Phase 1,62.26,Rejected,67,2.8,Online,India,3613124.41
35,Amlodipine,Cipla,south ,2025-01-02 10:00:00,2022-11-20,Vaccine,379,3052.05,1156726.95,3940,Hyderabad,7,Phase 1,56.13,Approved,52,2.1,Online,India,3504258.34
36,Atorvastatin,Aurobindo,WEST,2025-01-02 11:00:00,2019-12-08,Vaccine,749,23753.24,17791176.76,1383,Pune,11,Phase 2,80.41,Approved,45,3.0,Retail Pharmacy,India,3736438.34
37,Amoxicillin,Biocon,north,2025-01-02 12:00:00,2023-07-21,Vaccine,777,33876.74,26322226.98,2598,Mumbai,42,Phase 1,75.77,Rejected,62,2.0,Online,India,556520.76
38,Ciprofloxacin,Lupin,NORTH ,2025-01-02 13:00:00,2017-07-26,Analgesic,342,1437.41,491594.22,4296,Hyderabad,18,Phase 1,98.14,Pending,44,1.9,Distributor,India,4030221.96
39,Ciprofloxacin,Dr. Reddy's,west region,2025-01-02 14:00:00,2022-12-04,Antidiabetic,299,22376.4,6690543.600000001,4738,Hyderabad,1,Phase 1,98.42,Pending,91,4.8,Hospital,India,1869595.19
40,Ciprofloxacin,Glenmark,Central,2025-01-02 15:00:00,2023-05-18,Cardiovascular,833,25465.51,21212769.83,2079,Hyderabad,0,Phase 4,50.82,Rejected,97,3.4,Retail Pharmacy,India,1747172.44
41,Paracetamol,Cadila,south ,2025-01-02 16:00:00,2017-02-05,Antibiotic,600,22885.05,13731030.0,3755,Mumbai,26,Phase 3,86.31,Pending,78,3.9,Distributor,India,2144346.31
42,Atorvastatin,Dr. Reddy's,Central,2025-01-02 17:00:00,2021-11-22,Antibiotic,13,8945.78,116295.14,4753,Bangalore,18,Phase 3,73.97,Approved,23,4.4,Online,India,1982376.97
43,Ibuprofen,Biocon,souTh,2025-01-02 18:00:00,2021-04-10,Analgesic,679,17292.39,11741532.81,4234,Hyderabad,49,Phase 2,51.7,Rejected,10,2.8,Retail Pharmacy,India,906173.77
44,Losartan,Cadila,west region,2025-01-02 19:00:00,2021-10-25,Antibiotic,969,31257.22,30288246.18,3103,Ahmedabad,12,Phase 3,80.96,Pending,65,1.1,Distributor,India,2075570.22
45,Metformin,Cipla,WEST,2025-01-02 20:00:00,2019-09-06,Antibiotic,435,37117.24,16145999.4,1320,Ahmedabad,28,Phase 1,79.22,Approved,69,3.2,Retail Pharmacy,India,3464357.9
46,Ibuprofen,Lupin,north,2025-01-02 21:00:00,2023-06-30,Antibiotic,441,24241.46,10690483.86,1537,Hyderabad,21,Phase 1,97.11,Pending,83,3.1,Online,India,199614.65
47,Losartan,Aurobindo,north,2025-01-02 22:00:00,2016-07-24,Antibiotic,304,17263.05,5247967.2,3058,Bangalore,26,Phase 2,75.33,Rejected,18,4.4,Hospital,India,883779.3
48,Atorvastatin,Biocon, North Region,2025-01-02 23:00:00,2024-10-29,Analgesic,92,10969.06,1009153.52,3232,Pune,38,Phase 4,77.91,Approved,85,2.1,Online,India,2266712.99
49,Metformin,Sun Pharma,East Zone,2025-01-03 00:00:00,2017-11-23,Gastrointestinal,827,21608.75,17870436.25,2632,Ahmedabad,33,Phase 3,69.59,Approved,71,4.3,Hospital,India,1608510.74
50,Amoxicillin,Zydus,souTh,2025-01-03 01:00:00,2022-03-16,Antibiotic,99,26633.62,2636728.38,4179,Pune,18,Phase 4,83.29,Pending,27,3.4,Online,India,2750742.36
51,Metformin,Cipla,West ,2025-01-03 02:00:00,2022-09-02,Antidiabetic,658,18103.32,11911984.56,1702,Pune,35,Phase 4,93.5,Rejected,75,4.1,Hospital,India,704143.82
52,Metformin,Lupin,West ,2025-01-03 03:00:00,2019-01-13,Analgesic,628,13476.88,8463480.639999999,2427,Mumbai,24,Phase 4,59.13,Pending,75,4.3,Online,India,4109703.34
53,Ciprofloxacin,Zydus,WEST,2025-01-03 04:00:00,2023-07-11,Vaccine,419,10863.38,4551756.22,4597,Ahmedabad,35,Phase 3,98.92,Approved,39,4.0,Retail Pharmacy,India,601550.03
54,Atorvastatin,Sun Pharma,NORTH ,2025-01-03 05:00:00,2019-04-13,Antidiabetic,915,28007.36,25626734.4,3691,Pune,44,Phase 2,77.55,Approved,37,1.8,Hospital,India,4245307.41
55,Losartan,Torrent,Central,2025-01-03 06:00:00,2017-11-06,Gastrointestinal,32,15583.47,498671.04,1974,Hyderabad,11,Phase 1,90.75,Approved,47,4.1,Hospital,India,3642258.87
56,Azithromycin,Cipla, east,2025-01-03 07:00:00,2016-11-14,Antidiabetic,566,23524.75,13315008.5,4535,Ahmedabad,11,Phase 2,62.83,Pending,46,2.1,Distributor,India,1675466.66
57,,Cipla,souTh,2025-01-03 08:00:00,2015-11-24,Cardiovascular,838,13362.95,11198152.1,2585,Mumbai,8,Phase 1,88.46,Rejected,63,1.4,Retail Pharmacy,India,4789489.23
58,Ciprofloxacin,Dr. Reddy's,Central,2025-01-03 09:00:00,2020-09-26,Antibiotic,652,34858.69,22727865.880000003,3262,Ahmedabad,20,Phase 1,85.54,Pending,77,1.7,Retail Pharmacy,India,3533605.19
59,Azithromycin,Lupin,NORTH ,2025-01-03 10:00:00,2022-05-15,Analgesic,715,33000.8,23595572.000000004,2938,Mumbai,13,Phase 4,92.73,Rejected,94,2.5,Online,India,1245542.74
60,Omeprazole,Cipla,souTh,2025-01-03 11:00:00,2023-07-26,Antidiabetic,651,37631.2,24497911.2,1425,Mumbai,17,Phase 1,98.39,Pending,34,4.4,Retail Pharmacy,India,3544232.74
61,Azithromycin,Torrent,SOUTH,2025-01-03 12:00:00,2019-10-27,Vaccine,266,21111.4,5615632.4,2854,Mumbai,46,Phase 1,54.56,Pending,12,3.3,Online,India,4231518.35
62,Amlodipine,Aurobindo,East Zone,2025-01-03 13:00:00,2019-09-10,Antidiabetic,444,3998.86,1775493.84,4238,Bangalore,39,Phase 2,65.48,Approved,41,2.9,Online,India,4462492.47
63,Amoxicillin,Cipla,Central,2025-01-03 14:00:00,2024-09-09,Antidiabetic,42,39503.91,1659164.2200000002,4843,Mumbai,43,Phase 1,79.63,Rejected,11,1.6,Retail Pharmacy,India,2919809.02
64,Amoxicillin,Lupin,north,2025-01-03 15:00:00,2023-07-10,Antidiabetic,797,28455.72,22679208.84,2781,Hyderabad,40,Phase 2,71.22,Rejected,47,3.8,Online,India,4346133.02
65,Ibuprofen,Aurobindo,EAST,2025-01-03 16:00:00,2020-03-28,Gastrointestinal,253,6098.78,1542991.34,1525,Mumbai,10,Phase 4,61.16,Rejected,54,2.2,Retail Pharmacy,India,2894298.52
66,,Dr. Reddy's,East Zone,2025-01-03 17:00:00,2015-07-03,Cardiovascular,266,12411.53,3301466.98,3516,Hyderabad,38,Phase 4,80.34,Rejected,16,2.4,Online,India,164064.38
67,Metformin,Zydus,Central,2025-01-03 18:00:00,2019-07-02,Cardiovascular,723,12086.08,8738235.84,2392,Bangalore,31,Phase 2,55.85,Pending,99,4.8,Retail Pharmacy,India,1859048.69
68,Metformin,Biocon,WEST,2025-01-03 19:00:00,2022-11-19,Cardiovascular,231,8471.86,1956999.66,1749,Mumbai,3,Phase 4,80.06,Approved,74,4.6,Online,India,2396587.74
69,Atorvastatin,Biocon, North Region,2025-01-03 20:00:00,2018-05-09,Gastrointestinal,760,38115.05,28967438.000000004,4998,Ahmedabad,25,Phase 2,79.31,Approved,89,4.3,Hospital,India,3068030.29
70,Omeprazole,Cadila,north,2025-01-03 21:00:00,2015-03-11,Gastrointestinal,679,21129.49,14346923.71,4699,Mumbai,19,Phase 4,81.9,Rejected,59,4.0,Online,India,1412302.83
71,Amlodipine,Dr. Reddy's,SOUTH,2025-01-03 22:00:00,2023-09-12,Cardiovascular,730,1681.33,1227370.9,2651,Ahmedabad,46,Phase 4,79.39,Pending,28,1.8,Distributor,India,4539218.16
72,Omeprazole,Cipla,East Zone,2025-01-03 23:00:00,2018-04-04,Antibiotic,819,1608.19,1317107.61,4041,Hyderabad,36,Phase 1,71.55,Rejected,95,2.0,Hospital,India,3194706.26
73,Losartan,Glenmark,WEST,2025-01-04 00:00:00,2024-06-25,Vaccine,757,25884.78,19594778.46,1358,Bangalore,4,Phase 1,68.8,Approved,24,4.3,Distributor,India,4181118.7
74,Metformin,Lupin, east,2025-01-04 01:00:00,2022-01-07,Analgesic,824,30950.82,25503475.68,3503,Bangalore,8,Phase 4,84.96,Rejected,30,1.1,Retail Pharmacy,India,67752.19
75,Azithromycin,Glenmark,WEST,2025-01-04 02:00:00,2019-08-11,Antibiotic,199,38822.12,7725601.880000001,4178,Ahmedabad,19,Phase 4,75.19,Rejected,62,1.7,Retail Pharmacy,India,555726.13
76,Losartan,Cadila,NORTH ,2025-01-04 03:00:00,2023-12-03,Vaccine,595,34551.91,20558386.450000003,2947,Bangalore,21,Phase 2,53.02,Pending,28,4.3,Retail Pharmacy,India,4580639.62
77,Ciprofloxacin,Cipla,West ,2025-01-04 04:00:00,2023-08-12,Vaccine,546,38992.64,21289981.44,1051,Hyderabad,37,Phase 2,82.7,Rejected,48,2.1,Hospital,India,2753317.48
78,Omeprazole,Torrent,Central,2025-01-04 05:00:00,2020-12-03,Antidiabetic,958,12396.12,11875482.96,3656,Ahmedabad,30,Phase 4,72.03,Pending,44,4.3,Retail Pharmacy,India,4903387.81
79,Ciprofloxacin,Zydus,Central,2025-01-04 06:00:00,2024-04-06,Cardiovascular,904,34187.56,30905554.24,2062,Bangalore,45,Phase 1,50.59,Rejected,10,2.1,Distributor,India,320264.96
80,Omeprazole,Sun Pharma,WEST,2025-01-04 07:00:00,2022-05-28,Analgesic,558,27274.93,15219410.94,4605,Mumbai,43,Phase 4,79.04,Rejected,19,3.8,Hospital,India,2796122.95
81,Atorvastatin,Glenmark, east,2025-01-04 08:00:00,2022-01-24,Gastrointestinal,239,24823.54,5932826.0600000005,2327,Pune,10,Phase 4,54.12,Approved,81,1.8,Retail Pharmacy,India,641622.37
82,Atorvastatin,Lupin,Central,2025-01-04 09:00:00,2021-07-13,Antibiotic,843,9116.02,7684804.86,1409,Pune,29,Phase 2,99.04,Rejected,44,4.7,Distributor,India,713850.28
83,Ciprofloxacin,Cadila,Central,2025-01-04 10:00:00,2017-01-10,Cardiovascular,102,34803.56,3549963.12,2648,Mumbai,8,Phase 1,60.74,Approved,23,3.3,Retail Pharmacy,India,1756406.53
84,Metformin,Biocon, east,2025-01-04 11:00:00,2018-04-27,Cardiovascular,306,22280.68,6817888.08,1147,Mumbai,15,Phase 4,79.72,Approved,18,4.3,Distributor,India,3437482.57
85,Amoxicillin,Zydus,west region,2025-01-04 12:00:00,2019-02-01,Gastrointestinal,232,37496.86,8699271.52,3305,Mumbai,33,Phase 1,59.58,Approved,60,2.6,Online,India,1803225.36
86,Metformin,Cipla,south ,2025-01-04 13:00:00,2021-06-11,Cardiovascular,50,1756.86,87843.0,3024,Ahmedabad,25,Phase 1,58.19,Rejected,62,3.8,Distributor,India,4756676.92
87,Amoxicillin,Dr. Reddy's,SOUTH,2025-01-04 14:00:00,2017-09-23,Gastrointestinal,934,36879.62,34445565.080000006,3587,Mumbai,8,Phase 3,92.7,Approved,92,4.3,Distributor,India,921203.21
88,Amlodipine,Cipla,East Zone,2025-01-04 15:00:00,2017-10-12,Antibiotic,761,7235.46,5506185.06,3774,Ahmedabad,9,Phase 4,99.04,Pending,41,4.1,Distributor,India,4341829.14
89,Metformin,Aurobindo,west region,2025-01-04 16:00:00,2021-05-18,Antidiabetic,110,22113.17,2432448.7,1135,Ahmedabad,49,Phase 4,83.23,Approved,46,3.4,Hospital,India,3874189.29
90,Omeprazole,Sun Pharma,SOUTH,2025-01-04 17:00:00,2022-04-19,Analgesic,270,24215.36,6538147.2,3984,Mumbai,48,Phase 1,69.59,Approved,57,4.1,Distributor,India,1352982.35
91,Azithromycin,Torrent,Central,2025-01-04 18:00:00,2019-03-23,Vaccine,932,25601.56,23860653.92,4185,Bangalore,28,Phase 3,53.17,Approved,65,5.0,Hospital,India,1838157.54
92,Azithromycin,Torrent,south ,2025-01-04 19:00:00,2023-07-26,Antibiotic,40,34662.14,1386485.6,1170,Hyderabad,33,Phase 4,68.24,Pending,19,1.5,Online,India,2192587.87
93,Omeprazole,Cipla,west region,2025-01-04 20:00:00,2020-04-04,Cardiovascular,465,31664.03,14723773.95,3004,Mumbai,41,Phase 4,86.55,Pending,84,3.7,Distributor,India,4008443.28
94,Omeprazole,Cipla,souTh,2025-01-04 21:00:00,2020-06-03,Vaccine,129,34270.31,4420869.989999999,3421,Pune,10,Phase 1,81.22,Approved,38,1.2,Online,India,1657287.06
95,Ibuprofen,Cadila,west region,2025-01-04 22:00:00,2016-12-21,Cardiovascular,176,29557.72,5202158.720000001,3796,Bangalore,36,Phase 3,95.82,Rejected,71,2.6,Retail Pharmacy,India,4938092.39
96,Ciprofloxacin,Glenmark,west region,2025-01-04 23:00:00,2020-12-15,Antidiabetic,272,12132.63,3300075.36,1068,Mumbai,27,Phase 3,66.17,Rejected,10,2.5,Online,India,3203330.71
97,Atorvastatin,Cadila,EAST,2025-01-05 00:00:00,2022-06-29,Vaccine,592,6672.41,3950066.72,1875,Hyderabad,19,Phase 2,60.69,Rejected,46,2.7,Hospital,India,4979902.11
98,Ciprofloxacin,Sun Pharma,Central,2025-01-05 01:00:00,2016-10-21,Gastrointestinal,436,30782.24,13421056.64,3642,Mumbai,13,Phase 2,97.1,Approved,91,2.3,Hospital,India,1580982.62
99,Atorvastatin,Torrent, east,2025-01-05 02:00:00,2022-12-12,Gastrointestinal,60,3710.16,222609.6,4365,Bangalore,1,Phase 2,94.74,Rejected,89,2.4,Retail Pharmacy,India,2982602.75
100,Omeprazole,Biocon,East Zone,2025-01-05 03:00:00,2017-02-24,Antibiotic,459,10150.39,4659029.01,1950,Ahmedabad,24,Phase 2,52.5,Approved,14,2.2,Distributor,India,4698796.52
101,Ibuprofen,Lupin, east,2025-01-05 04:00:00,2020-05-19,Antidiabetic,830,19407.9,16108557.000000002,3345,Bangalore,48,Phase 2,50.35,Rejected,27,1.3,Distributor,India,4546820.71
102,Azithromycin,Aurobindo,WEST,2025-01-05 05:00:00,2017-12-29,Antibiotic,430,35008.65,15053719.5,2780,Bangalore,12,Phase 2,82.02,Pending,81,1.4,Hospital,India,1040706.29
103,Amlodipine,Biocon,NORTH ,2025-01-05 06:00:00,2022-09-18,Vaccine,133,27874.67,3707331.11,3765,Ahmedabad,33,Phase 1,95.9,Rejected,73,4.9,Retail Pharmacy,India,4534971.25
104,Amoxicillin,Glenmark,WEST,2025-01-05 07:00:00,2019-07-08,Antidiabetic,197,7673.51,1511681.47,3980,Hyderabad,32,Phase 4,74.59,Approved,79,1.1,Retail Pharmacy,India,3324202.05
105,Azithromycin,Glenmark,EAST,2025-01-05 08:00:00,2017-03-04,Analgesic,977,26841.12,26223774.24,2471,Hyderabad,30,Phase 2,56.11,Pending,82,2.0,Online,India,4498578.44
106,Metformin,Biocon,West ,2025-01-05 09:00:00,2016-03-03,Gastrointestinal,463,26426.9,12235654.7,1946,Pune,17,Phase 2,59.45,Approved,64,3.0,Online,India,1458130.36
107,Losartan,Cadila,south ,2025-01-05 10:00:00,2020-08-20,Cardiovascular,639,15746.57,10062058.23,4995,Ahmedabad,37,Phase 1,77.56,Rejected,59,1.5,Hospital,India,1289684.59
108,Ibuprofen,Dr. Reddy's,SOUTH,2025-01-05 11:00:00,2020-06-03,Gastrointestinal,624,31905.03,19908738.72,4974,Ahmedabad,26,Phase 2,91.41,Approved,12,4.6,Hospital,India,1832730.54
109,Ciprofloxacin,Torrent,Central,2025-01-05 12:00:00,2019-12-09,Cardiovascular,31,14740.99,456970.69,1837,Hyderabad,33,Phase 3,52.79,Pending,26,2.5,Distributor,India,341493.25
110,Atorvastatin,Torrent,west region,2025-01-05 13:00:00,2023-12-02,Antibiotic,837,33568.8,28097085.6,3565,Bangalore,44,Phase 3,97.17,Approved,38,4.3,Distributor,India,4202712.86
111,Ibuprofen,Torrent,south ,2025-01-05 14:00:00,2019-09-08,Antibiotic,352,27084.83,9533860.16,4553,Ahmedabad,26,Phase 3,69.37,Rejected,67,3.7,Retail Pharmacy,India,2488995.44
112,Losartan,Dr. Reddy's,NORTH ,2025-01-05 15:00:00,2021-07-11,Analgesic,259,18911.59,4898101.81,4082,Ahmedabad,2,Phase 1,60.04,Approved,23,4.3,Distributor,India,2452494.98
113,Atorvastatin,Biocon,EAST,2025-01-05 16:00:00,2015-02-21,Cardiovascular,584,17112.12,9993478.08,2135,Ahmedabad,18,Phase 1,66.45,Rejected,93,1.3,Distributor,India,4399715.89
114,Paracetamol,Aurobindo,Central,2025-01-05 17:00:00,2023-06-25,Cardiovascular,334,5861.67,1957797.78,1913,Pune,46,Phase 3,75.5,Rejected,55,3.1,Retail Pharmacy,India,1019909.97
115,Atorvastatin,Sun Pharma,Central,2025-01-05 18:00:00,2021-03-06,Analgesic,824,11262.98,9280695.52,3294,Mumbai,33,Phase 2,56.0,Approved,47,3.5,Online,India,896871.84
116,Amoxicillin,Aurobindo,SOUTH,2025-01-05 19:00:00,2020-06-05,Antibiotic,543,33476.29,18177625.47,1958,Bangalore,6,Phase 3,77.74,Pending,42,4.7,Hospital,India,4054968.6
117,Omeprazole,Torrent,south ,2025-01-05 20:00:00,2019-07-02,Antidiabetic,779,29233.03,22772530.37,4262,Hyderabad,3,Phase 2,65.43,Approved,23,3.9,Hospital,India,3947030.39
118,Losartan,Biocon, east,2025-01-05 21:00:00,2015-10-15,Antibiotic,553,20559.29,11369287.37,2916,Pune,1,Phase 4,53.84,Approved,67,4.4,Hospital,India,3157637.92
119,Ibuprofen,Aurobindo,SOUTH,2025-01-05 22:00:00,2024-09-13,Antibiotic,908,30110.69,27340506.52,2368,Hyderabad,27,Phase 3,94.02,Pending,63,4.3,Hospital,India,4288926.9
120,Losartan,Dr. Reddy's,WEST,2025-01-05 23:00:00,2017-01-21,Antidiabetic,681,28862.37,19655273.97,2617,Mumbai,31,Phase 1,99.07,Approved,13,4.2,Retail Pharmacy,India,2249888.21
121,Atorvastatin,Torrent,west region,2025-01-06 00:00:00,2020-06-04,Vaccine,389,748.35,291108.15,2308,Pune,7,Phase 4,86.14,Approved,92,3.9,Hospital,India,631251.62
122,Azithromycin,Dr. Reddy's,West ,2025-01-06 01:00:00,2020-06-14,Antibiotic,13,30634.73,398251.49,3371,Hyderabad,46,Phase 2,61.43,Rejected,70,4.4,Online,India,264358.07
123,Amlodipine,Cipla,Central,2025-01-06 02:00:00,2018-08-11,Cardiovascular,640,27679.24,17714713.6,3419,Hyderabad,33,Phase 1,60.8,Approved,35,3.2,Hospital,India,2287166.89
124,Atorvastatin,Sun Pharma,Central,2025-01-06 03:00:00,2016-02-20,Gastrointestinal,527,5766.51,3038950.77,2647,Ahmedabad,10,Phase 1,76.39,Approved,62,4.8,Hospital,India,65317.9
125,,Cipla,Central,2025-01-06 04:00:00,2017-04-06,Gastrointestinal,959,14885.44,14275136.96,3919,Bangalore,39,Phase 1,83.52,Pending,31,2.1,Online,India,1940171.9
126,Ibuprofen,Biocon,Central,2025-01-06 05:00:00,2015-12-26,Antidiabetic,486,36812.46,17890855.56,4165,Bangalore,42,Phase 1,77.87,Pending,47,4.6,Online,India,4388351.04
127,Atorvastatin,Aurobindo, North Region,2025-01-06 06:00:00,2022-01-12,Antidiabetic,222,15138.42,3360729.24,4824,Bangalore,38,Phase 1,89.04,Rejected,34,1.9,Distributor,India,3621362.97
128,Atorvastatin,Zydus,west region,2025-01-06 07:00:00,2019-09-14,Vaccine,381,27675.3,10544289.3,2724,Bangalore,1,Phase 1,84.2,Approved,49,2.5,Distributor,India,1208773.44
129,,Sun Pharma,EAST,2025-01-06 08:00:00,2019-12-14,Cardiovascular,102,16589.61,1692140.22,1754,Mumbai,43,Phase 1,93.75,Rejected,29,1.7,Online,India,1232402.36
130,Amoxicillin,Sun Pharma,Central,2025-01-06 09:00:00,2022-03-19,Cardiovascular,432,1541.57,665958.24,1028,Bangalore,12,Phase 3,98.69,Rejected,43,2.2,Online,India,937056.72
131,Metformin,Dr. Reddy's,souTh,2025-01-06 10:00:00,2020-10-31,Analgesic,535,19043.02,10188015.7,1236,Ahmedabad,24,Phase 3,53.86,Approved,32,4.5,Retail Pharmacy,India,3130049.09
132,Ibuprofen,Sun Pharma,Central,2025-01-06 11:00:00,2019-01-10,Antidiabetic,868,27227.07,23633096.76,4744,Pune,24,Phase 3,86.43,Rejected,52,1.8,Retail Pharmacy,India,3832746.62
133,Ciprofloxacin,Lupin, east,2025-01-06 12:00:00,2018-06-25,Analgesic,807,34830.92,28108552.44,1747,Hyderabad,18,Phase 1,82.14,Approved,13,1.6,Retail Pharmacy,India,2383089.53
134,Atorvastatin,Zydus,East Zone,2025-01-06 13:00:00,2019-05-07,Vaccine,222,6296.71,1397869.62,3268,Hyderabad,32,Phase 1,73.14,Rejected,61,3.1,Retail Pharmacy,India,844134.44
135,Paracetamol,Dr. Reddy's,SOUTH,2025-01-06 14:00:00,2016-10-17,Gastrointestinal,54,7000.39,378021.06,1785,Hyderabad,14,Phase 2,65.72,Pending,36,1.6,Online,India,738952.86
136,Azithromycin,Dr. Reddy's,west region,2025-01-06 15:00:00,2022-07-21,Cardiovascular,348,38061.82,13245513.36,4586,Mumbai,14,Phase 1,77.37,Rejected,19,2.1,Hospital,India,3081782.7
137,Ciprofloxacin,Biocon,SOUTH,2025-01-06 16:00:00,2022-07-17,Antidiabetic,361,27701.93,10000396.73,1610,Bangalore,3,Phase 4,90.93,Approved,79,2.4,Distributor,India,189389.86
138,Atorvastatin,Aurobindo,Central,2025-01-06 17:00:00,2015-05-08,Cardiovascular,186,6553.1,1218876.6,4300,Hyderabad,13,Phase 1,86.8,Rejected,44,1.1,Online,India,3494141.47
139,Paracetamol,Biocon,Central,2025-01-06 18:00:00,2021-12-21,Antibiotic,408,23243.19,9483221.52,2460,Ahmedabad,31,Phase 4,62.23,Approved,31,3.6,Hospital,India,2494647.77
140,Ciprofloxacin,Dr. Reddy's,WEST,2025-01-06 19:00:00,2021-01-16,Antibiotic,194,4738.33,919236.02,1808,Bangalore,9,Phase 2,83.73,Pending,95,4.5,Online,India,3352080.17
141,Amoxicillin,Biocon,NORTH ,2025-01-06 20:00:00,2016-08-06,Antibiotic,401,19546.6,7838186.6,4846,Pune,41,Phase 3,95.05,Approved,90,3.1,Online,India,4578243.42
142,Ciprofloxacin,Lupin,south ,2025-01-06 21:00:00,2019-07-19,Cardiovascular,174,20313.25,3534505.5,2040,Hyderabad,11,Phase 4,71.01,Rejected,45,2.1,Online,India,2827500.36
143,Amlodipine,Sun Pharma,WEST,2025-01-06 22:00:00,2019-03-12,Antidiabetic,909,10597.93,9633518.37,3732,Ahmedabad,30,Phase 2,92.81,Pending,64,3.3,Retail Pharmacy,India,1947911.06
144,Ciprofloxacin,Sun Pharma, North Region,2025-01-06 23:00:00,2015-07-15,Gastrointestinal,912,7895.33,7200540.96,2582,Bangalore,12,Phase 4,90.69,Approved,98,4.9,Distributor,India,787418.07
145,Azithromycin,Glenmark,SOUTH,2025-01-07 00:00:00,2019-12-19,Gastrointestinal,53,4942.88,261972.64,3732,Bangalore,46,Phase 4,66.9,Pending,30,3.9,Online,India,160801.56
146,Omeprazole,Dr. Reddy's,Central,2025-01-07 01:00:00,2020-04-01,Cardiovascular,873,15884.16,13866871.68,4454,Hyderabad,1,Phase 4,66.21,Pending,35,3.8,Hospital,India,1320505.66
147,Amoxicillin,Torrent,west region,2025-01-07 02:00:00,2015-12-20,Gastrointestinal,146,3287.1,479916.6,4647,Pune,12,Phase 2,93.14,Rejected,53,2.0,Retail Pharmacy,India,3048107.4
148,Losartan,Cadila,south ,2025-01-07 03:00:00,2016-09-15,Antidiabetic,797,31174.27,24845893.19,4892,Hyderabad,32,Phase 2,93.96,Approved,78,4.4,Online,India,2779924.68
149,Azithromycin,Cipla,south ,2025-01-07 04:00:00,2023-12-27,Gastrointestinal,530,36580.46,19387643.8,4531,Hyderabad,27,Phase 3,79.85,Rejected,24,1.7,Online,India,333947.67
150,Ibuprofen,Sun Pharma,souTh,2025-01-07 05:00:00,2015-10-06,Antibiotic,169,11330.98,1914935.62,1362,Ahmedabad,45,Phase 1,57.93,Pending,25,1.9,Hospital,India,60921.6
151,Ibuprofen,Zydus,SOUTH,2025-01-07 06:00:00,2024-11-06,Antidiabetic,880,10728.07,9440701.6,3073,Mumbai,42,Phase 2,70.32,Approved,18,3.9,Retail Pharmacy,India,1501192.35
152,Amlodipine,Aurobindo,Central,2025-01-07 07:00:00,2019-10-18,Antibiotic,217,2734.52,593390.84,2286,Ahmedabad,20,Phase 4,73.55,Approved,94,3.2,Hospital,India,3184870.8
153,Amlodipine,Torrent,EAST,2025-01-07 08:00:00,2024-03-07,Vaccine,237,26038.65,6171160.050000001,3107,Pune,3,Phase 2,66.93,Approved,65,4.0,Retail Pharmacy,India,1104480.7
154,Amoxicillin,Aurobindo,West ,2025-01-07 09:00:00,2015-08-10,Antibiotic,501,4457.6,2233257.6,1726,Mumbai,48,Phase 2,72.35,Approved,73,3.5,Retail Pharmacy,India,2134240.73
155,Paracetamol,Cadila,south ,2025-01-07 10:00:00,2015-11-28,Antibiotic,257,2694.69,692535.33,4677,Pune,25,Phase 4,92.66,Pending,95,2.2,Hospital,India,4287188.74
156,Amoxicillin,Biocon,WEST,2025-01-07 11:00:00,2016-01-30,Vaccine,404,10457.37,4224777.48,3059,Bangalore,13,Phase 2,99.9,Approved,34,1.3,Distributor,India,3363507.03
157,Amoxicillin,Cadila,south ,2025-01-07 12:00:00,2022-11-03,Gastrointestinal,419,5553.09,2326744.71,4112,Pune,41,Phase 1,50.95,Pending,85,4.4,Online,India,4061171.18
158,Losartan,Cipla,Central,2025-01-07 13:00:00,2020-07-04,Antidiabetic,950,39432.51,37460884.5,3422,Pune,35,Phase 1,93.9,Pending,52,3.5,Distributor,India,2932861.0
159,Amlodipine,Aurobindo,SOUTH,2025-01-07 14:00:00,2018-09-25,Vaccine,141,39681.01,5595022.41,4029,Hyderabad,38,Phase 4,89.93,Pending,87,4.8,Retail Pharmacy,India,3355018.27
160,Azithromycin,Aurobindo,East Zone,2025-01-07 15:00:00,2022-09-07,Analgesic,820,10241.51,8398038.2,1022,Hyderabad,22,Phase 3,94.8,Approved,12,3.8,Distributor,India,4940924.58
161,Azithromycin,Zydus,Central,2025-01-07 16:00:00,2023-11-05,Antibiotic,525,23782.03,12485565.75,1333,Pune,5,Phase 2,69.41,Pending,20,2.3,Hospital,India,2634479.03
162,Amlodipine,Glenmark,West ,2025-01-07 17:00:00,2019-06-26,Analgesic,656,31458.93,20637058.08,4598,Mumbai,37,Phase 4,92.13,Approved,96,3.7,Retail Pharmacy,India,3505291.45
163,Atorvastatin,Torrent,WEST,2025-01-07 18:00:00,2021-05-26,Vaccine,464,11729.84,5442645.76,2791,Hyderabad,48,Phase 2,96.02,Approved,23,2.6,Retail Pharmacy,India,1745466.85
164,Paracetamol,Zydus,WEST,2025-01-07 19:00:00,2022-12-07,Cardiovascular,189,5015.77,947980.53,4094,Pune,46,Phase 2,62.38,Pending,92,3.9,Hospital,India,3027356.16
165,Atorvastatin,Glenmark,East Zone,2025-01-07 20:00:00,2024-10-15,Gastrointestinal,106,30744.08,3258872.48,4172,Bangalore,35,Phase 3,80.71,Rejected,34,2.9,Online,India,331781.69
166,Amlodipine,Glenmark,EAST,2025-01-07 21:00:00,2018-06-26,Antibiotic,431,25307.02,10907325.62,4207,Hyderabad,41,Phase 4,57.31,Rejected,70,2.2,Retail Pharmacy,India,2335971.35
167,Ibuprofen,Torrent,Central,2025-01-07 22:00:00,2018-01-16,Antibiotic,325,10192.23,3312474.75,2156,Ahmedabad,30,Phase 4,57.7,Pending,15,3.7,Online,India,4680904.43
168,Azithromycin,Aurobindo,north,2025-01-07 23:00:00,2016-07-25,Gastrointestinal,77,29060.76,2237678.52,1959,Hyderabad,29,Phase 2,84.4,Pending,82,3.8,Distributor,India,1881108.59
169,Ciprofloxacin,Zydus, east,2025-01-08 00:00:00,2019-06-16,Vaccine,64,24440.17,1564170.88,4068,Mumbai,26,Phase 4,89.31,Rejected,15,3.3,Retail Pharmacy,India,4556649.6
170,Losartan,Biocon,south ,2025-01-08 01:00:00,2015-01-18,Antidiabetic,949,8077.12,7665186.88,4735,Mumbai,19,Phase 3,81.52,Pending,96,2.3,Retail Pharmacy,India,1002541.09
171,Paracetamol,Sun Pharma, North Region,2025-01-08 02:00:00,2022-12-02,Gastrointestinal,307,14302.86,4390978.0200000005,3238,Pune,15,Phase 3,74.04,Approved,76,2.7,Retail Pharmacy,India,1129408.68
172,Paracetamol,Glenmark, North Region,2025-01-08 03:00:00,2016-07-28,Cardiovascular,620,33203.62,20586244.4,1970,Bangalore,1,Phase 4,99.16,Rejected,26,4.3,Online,India,3075235.6
173,Losartan,Cipla,East Zone,2025-01-08 04:00:00,2022-07-25,Antibiotic,146,13139.8,1918410.8,4200,Bangalore,14,Phase 3,70.14,Approved,35,2.1,Online,India,4020762.55
174,Ciprofloxacin,Lupin,Central,2025-01-08 05:00:00,2022-03-09,Vaccine,785,15736.99,12353537.15,3581,Pune,26,Phase 4,59.3,Approved,46,1.5,Retail Pharmacy,India,3209435.73
175,Paracetamol,Sun Pharma,SOUTH,2025-01-08 06:00:00,2019-07-15,Analgesic,42,34588.18,1452703.56,4004,Ahmedabad,6,Phase 2,50.04,Pending,30,5.0,Distributor,India,1791674.6
176,Azithromycin,Zydus,souTh,2025-01-08 07:00:00,2018-04-27,Vaccine,591,37566.28,22201671.48,1478,Hyderabad,21,Phase 1,88.0,Pending,12,4.6,Online,India,2538761.76
177,Ciprofloxacin,Torrent,East Zone,2025-01-08 08:00:00,2019-06-06,Vaccine,80,4432.41,354592.8,3086,Bangalore,5,Phase 4,78.32,Approved,34,1.3,Retail Pharmacy,India,1854123.47
178,Ciprofloxacin,Cipla, North Region,2025-01-08 09:00:00,2016-11-18,Analgesic,526,37399.5,19672137.0,1669,Pune,28,Phase 1,52.93,Approved,11,2.3,Hospital,India,3156568.66
179,Atorvastatin,Glenmark,south ,2025-01-08 10:00:00,2020-06-05,Gastrointestinal,342,23900.9,8174107.800000001,1845,Hyderabad,29,Phase 3,97.28,Pending,79,3.5,Hospital,India,3777780.54
180,Metformin,Sun Pharma, east,2025-01-08 11:00:00,2020-02-12,Vaccine,676,18907.53,12781490.28,2416,Mumbai,32,Phase 3,78.04,Pending,39,4.8,Online,India,882897.37
181,Amlodipine,Dr. Reddy's,NORTH ,2025-01-08 12:00:00,2017-12-15,Analgesic,624,20364.44,12707410.56,1138,Mumbai,19,Phase 2,77.87,Pending,17,3.2,Hospital,India,161186.23
182,Losartan,Torrent,Central,2025-01-08 13:00:00,2024-10-29,Analgesic,125,5330.03,666253.75,4449,Ahmedabad,35,Phase 2,79.23,Approved,21,1.8,Retail Pharmacy,India,2076364.54
183,Ibuprofen,Cipla,West ,2025-01-08 14:00:00,2016-05-16,Cardiovascular,466,9459.48,4408117.68,4510,Hyderabad,13,Phase 4,86.54,Rejected,69,2.7,Distributor,India,3549879.59
184,Amoxicillin,Sun Pharma,south ,2025-01-08 15:00:00,2020-04-12,Antidiabetic,308,17875.63,5505694.04,4495,Ahmedabad,9,Phase 4,72.71,Rejected,17,3.6,Retail Pharmacy,India,604661.38
185,Azithromycin,Cipla,souTh,2025-01-08 16:00:00,2016-10-29,Gastrointestinal,778,29329.14,22818070.92,2504,Bangalore,6,Phase 4,79.72,Rejected,14,2.5,Distributor,India,3828101.41
186,Omeprazole,Dr. Reddy's,East Zone,2025-01-08 17:00:00,2024-12-14,Gastrointestinal,272,29221.71,7948305.12,4019,Mumbai,34,Phase 4,88.61,Approved,55,2.5,Hospital,India,935395.47
187,Amoxicillin,Cipla,Central,2025-01-08 18:00:00,2018-02-06,Antibiotic,764,12554.37,9591538.68,2841,Ahmedabad,5,Phase 3,69.06,Approved,88,1.7,Online,India,3707708.53
188,Azithromycin,Biocon,EAST,2025-01-08 19:00:00,2023-12-04,Antibiotic,723,25194.72,18215782.56,1764,Pune,45,Phase 4,78.4,Rejected,36,3.8,Hospital,India,614596.26
189,Ibuprofen,Biocon,south ,2025-01-08 20:00:00,2023-03-02,Analgesic,611,13789.99,8425683.89,1273,Hyderabad,42,Phase 2,67.88,Rejected,14,2.6,Distributor,India,3660094.34
190,Amoxicillin,Zydus, North Region,2025-01-08 21:00:00,2024-01-14,Antidiabetic,776,20015.59,15532097.84,1326,Mumbai,3,Phase 3,71.4,Rejected,65,3.9,Online,India,1397163.29
191,Omeprazole,Sun Pharma,East Zone,2025-01-08 22:00:00,2020-08-07,Vaccine,512,38670.88,19799490.56,4242,Bangalore,4,Phase 1,98.76,Rejected,57,4.8,Distributor,India,465242.49
192,Amlodipine,Glenmark,West ,2025-01-08 23:00:00,2019-03-15,Vaccine,892,21453.98,19136950.16,3992,Ahmedabad,42,Phase 1,63.43,Rejected,68,3.9,Retail Pharmacy,India,3741568.73
193,Metformin,Dr. Reddy's,souTh,2025-01-09 00:00:00,2015-09-18,Cardiovascular,982,16152.49,15861745.18,3015,Pune,30,Phase 2,54.69,Rejected,12,1.3,Retail Pharmacy,India,4961945.25
194,Metformin,Lupin,Central,2025-01-09 01:00:00,2018-08-05,Vaccine,913,4489.35,4098776.55,4732,Pune,6,Phase 4,87.33,Approved,50,1.2,Distributor,India,3691440.08
195,Omeprazole,Biocon,west region,2025-01-09 02:00:00,2023-10-19,Antibiotic,155,29163.01,4520266.55,3462,Bangalore,34,Phase 2,75.73,Approved,78,1.4,Distributor,India,2565630.68
196,Amoxicillin,Glenmark,SOUTH,2025-01-09 03:00:00,2022-04-15,Analgesic,404,32607.55,13173450.2,4995,Bangalore,46,Phase 3,72.92,Rejected,92,2.3,Retail Pharmacy,India,2176925.64
197,Ibuprofen,Biocon,WEST,2025-01-09 04:00:00,2024-06-05,Cardiovascular,69,31621.97,2181915.93,2491,Ahmedabad,34,Phase 4,92.13,Rejected,13,2.7,Hospital,India,528338.15
198,Omeprazole,Cadila,north,2025-01-09 05:00:00,2020-06-11,Gastrointestinal,772,32710.95,25252853.4,2096,Ahmedabad,49,Phase 3,91.76,Rejected,45,2.9,Distributor,India,640980.63
199,Metformin,Dr. Reddy's,SOUTH,2025-01-09 06:00:00,2016-02-27,Gastrointestinal,814,12963.84,10552565.76,1739,Hyderabad,44,Phase 2,81.69,Pending,53,2.4,Distributor,India,2460934.08
200,Ciprofloxacin,Zydus,Central,2025-01-09 07:00:00,2016-04-25,Gastrointestinal,586,27015.37,15831006.82,2186,Bangalore,19,Phase 4,86.85,Approved,37,2.3,Online,India,1867232.45
201,Amlodipine,Biocon,NORTH ,2025-01-09 08:00:00,2015-09-03,Vaccine,96,15263.61,1465306.56,2843,Hyderabad,5,Phase 4,55.22,Rejected,48,3.1,Retail Pharmacy,India,273442.76
202,Metformin,Zydus,SOUTH,2025-01-09 09:00:00,2019-05-22,Antibiotic,558,35688.84,19914372.72,3926,Hyderabad,47,Phase 4,53.08,Rejected,40,1.6,Retail Pharmacy,India,3544491.17
203,Losartan,Biocon,NORTH ,2025-01-09 10:00:00,2015-05-26,Antidiabetic,131,5390.2,706116.2,3580,Hyderabad,30,Phase 2,51.22,Approved,68,4.1,Hospital,India,4532995.79
204,Azithromycin,Glenmark,West ,2025-01-09 11:00:00,2016-07-03,Gastrointestinal,691,25737.71,17784757.61,2671,Pune,32,Phase 4,77.82,Approved,37,2.8,Online,India,2764440.79
205,Losartan,Glenmark,souTh,2025-01-09 12:00:00,2017-05-20,Antidiabetic,292,2767.51,808112.92,3338,Bangalore,31,Phase 2,81.57,Pending,37,3.0,Retail Pharmacy,India,2913385.94
206,Ciprofloxacin,Cadila,souTh,2025-01-09 13:00:00,2019-04-17,Analgesic,500,27979.6,13989800.0,1988,Pune,39,Phase 4,86.21,Rejected,54,3.7,Retail Pharmacy,India,462211.26
207,Azithromycin,Cadila, east,2025-01-09 14:00:00,2023-11-09,Antibiotic,186,22325.8,4152598.8,2181,Hyderabad,18,Phase 1,55.15,Approved,13,1.0,Distributor,India,1970879.11
208,Omeprazole,Cipla,West ,2025-01-09 15:00:00,2023-11-12,Cardiovascular,966,11211.31,10830125.46,3543,Hyderabad,25,Phase 4,70.55,Rejected,51,4.9,Distributor,India,2166293.88
209,Ibuprofen,Aurobindo,NORTH ,2025-01-09 16:00:00,2018-07-01,Antibiotic,987,825.22,814492.14,2353,Pune,34,Phase 3,53.07,Pending,22,1.7,Distributor,India,2542204.55
210,Omeprazole,Biocon, east,2025-01-09 17:00:00,2017-11-17,Antidiabetic,330,20718.03,6836949.899999999,4713,Mumbai,7,Phase 3,73.99,Pending,38,4.6,Retail Pharmacy,India,3182145.82
211,,Glenmark,west region,2025-01-09 18:00:00,2016-06-29,Vaccine,710,23325.72,16561261.2,3468,Mumbai,10,Phase 2,72.19,Pending,56,4.2,Distributor,India,1624675.11
212,Atorvastatin,Aurobindo,south ,2025-01-09 19:00:00,2017-05-03,Vaccine,797,33206.59,26465652.23,4462,Mumbai,24,Phase 1,57.98,Approved,31,2.9,Online,India,3542533.25
213,Ibuprofen,Dr. Reddy's,East Zone,2025-01-09 20:00:00,2017-12-21,Gastrointestinal,836,22324.47,18663256.92,1816,Ahmedabad,9,Phase 3,76.08,Pending,85,1.2,Hospital,India,1096607.02
214,Amoxicillin,Glenmark,EAST,2025-01-09 21:00:00,2018-03-28,Cardiovascular,649,22465.65,14580206.85,3731,Bangalore,46,Phase 3,66.95,Rejected,64,2.4,Hospital,India,3361063.35
215,Metformin,Cadila, North Region,2025-01-09 22:00:00,2020-03-02,Vaccine,858,29129.77,24993342.66,3047,Pune,18,Phase 1,65.79,Approved,60,3.7,Distributor,India,1558034.42
216,Amoxicillin,Dr. Reddy's,NORTH ,2025-01-09 23:00:00,2017-08-29,Antibiotic,204,17271.72,3523430.8800000004,4899,Hyderabad,32,Phase 1,54.48,Rejected,27,2.0,Hospital,India,2654384.68
217,Ciprofloxacin,Torrent, North Region,2025-01-10 00:00:00,2019-12-22,Vaccine,887,2084.87,1849279.69,1614,Bangalore,3,Phase 4,72.13,Pending,13,1.2,Retail Pharmacy,India,988309.1
218,Metformin,Lupin,West ,2025-01-10 01:00:00,2020-07-08,Cardiovascular,79,14935.73,1179922.67,3863,Bangalore,33,Phase 1,94.94,Pending,81,4.0,Distributor,India,3348126.78
219,Amoxicillin,Biocon,SOUTH,2025-01-10 02:00:00,2023-10-02,Analgesic,777,9644.69,7493924.130000001,1916,Pune,14,Phase 2,73.06,Approved,71,3.1,Online,India,1858900.54
220,Amlodipine,Glenmark,SOUTH,2025-01-10 03:00:00,2022-05-22,Vaccine,797,36735.23,29277978.31,3781,Hyderabad,15,Phase 1,59.16,Pending,13,4.1,Retail Pharmacy,India,4219432.96
221,Ciprofloxacin,Aurobindo,north,2025-01-10 04:00:00,2016-05-05,Cardiovascular,178,30605.42,5447764.76,4032,Bangalore,40,Phase 4,85.94,Approved,12,3.0,Hospital,India,4593404.03
222,Atorvastatin,Dr. Reddy's,NORTH ,2025-01-10 05:00:00,2024-08-07,Antibiotic,679,2952.44,2004706.76,1322,Hyderabad,46,Phase 4,99.53,Pending,33,1.9,Distributor,India,4455032.25
223,Omeprazole,Sun Pharma,Central,2025-01-10 06:00:00,2016-11-21,Analgesic,820,1006.68,825477.6,4059,Pune,4,Phase 1,78.82,Approved,90,1.8,Online,India,3177298.7
224,Omeprazole,Dr. Reddy's,East Zone,2025-01-10 07:00:00,2017-03-26,Vaccine,356,30654.09,10912856.04,2532,Mumbai,13,Phase 3,95.13,Pending,47,1.3,Distributor,India,1888003.69
225,Amlodipine,Cadila,NORTH ,2025-01-10 08:00:00,2017-06-28,Analgesic,318,34615.93,11007865.74,2489,Pune,47,Phase 3,74.38,Rejected,60,3.1,Hospital,India,4026900.22
226,Amoxicillin,Dr. Reddy's,souTh,2025-01-10 09:00:00,2022-02-23,Cardiovascular,459,36382.91,16699755.69,3706,Ahmedabad,1,Phase 2,70.43,Pending,74,3.2,Online,India,1606277.54
227,Azithromycin,Glenmark,west region,2025-01-10 10:00:00,2022-03-05,Vaccine,824,24164.42,19911482.08,1290,Pune,1,Phase 3,55.06,Approved,17,3.1,Hospital,India,1320859.77
228,Omeprazole,Sun Pharma,souTh,2025-01-10 11:00:00,2023-07-23,Antibiotic,887,11520.55,10218727.85,4675,Ahmedabad,29,Phase 3,54.45,Approved,70,4.3,Online,India,3044134.4
229,Omeprazole,Dr. Reddy's,EAST,2025-01-10 12:00:00,2015-10-13,Vaccine,149,39388.4,5868871.600000001,2605,Hyderabad,39,Phase 2,50.71,Rejected,44,4.4,Online,India,976258.94
230,Losartan,Biocon,south ,2025-01-10 13:00:00,2016-08-26,Gastrointestinal,234,32945.49,7709244.659999999,1503,Mumbai,19,Phase 1,95.89,Pending,89,2.9,Distributor,India,345347.09
231,Amlodipine,Zydus, North Region,2025-01-10 14:00:00,2022-01-23,Antibiotic,769,35483.74,27286996.06,2596,Pune,17,Phase 4,68.89,Approved,10,1.9,Distributor,India,3415788.77
232,Ibuprofen,Aurobindo,SOUTH,2025-01-10 15:00:00,2018-11-06,Gastrointestinal,357,19238.53,6868155.21,1896,Pune,35,Phase 2,90.38,Rejected,18,4.7,Retail Pharmacy,India,695462.63
233,Amlodipine,Lupin,West ,2025-01-10 16:00:00,2016-08-06,Antidiabetic,605,3532.4,2137102.0,1702,Pune,25,Phase 1,54.71,Approved,65,2.2,Hospital,India,3361601.98
234,Atorvastatin,Lupin,SOUTH,2025-01-10 17:00:00,2024-04-24,Antibiotic,864,24200.28,20909041.92,4746,Bangalore,41,Phase 3,77.96,Pending,12,1.1,Hospital,India,4411031.67
235,Amoxicillin,Glenmark,EAST,2025-01-10 18:00:00,2016-06-12,Gastrointestinal,774,22733.63,17595829.62,2135,Pune,32,Phase 4,91.47,Approved,76,2.2,Retail Pharmacy,India,2097545.76
236,Metformin,Aurobindo,Central,2025-01-10 19:00:00,2018-12-24,Antibiotic,229,14044.89,3216279.81,3188,Pune,9,Phase 1,82.95,Rejected,15,2.8,Hospital,India,3119717.09
237,Paracetamol,Lupin,Central,2025-01-10 20:00:00,2015-04-04,Antibiotic,408,6317.48,2577531.84,4334,Mumbai,27,Phase 3,93.36,Approved,81,2.0,Online,India,611117.28
238,,Dr. Reddy's,EAST,2025-01-10 21:00:00,2018-12-27,Antidiabetic,979,12861.18,12591095.22,2404,Pune,16,Phase 2,97.46,Pending,74,4.8,Distributor,India,2108162.58
239,Ciprofloxacin,Zydus, east,2025-01-10 22:00:00,2020-07-19,Gastrointestinal,134,15790.23,2115890.82,3414,Hyderabad,8,Phase 4,96.48,Pending,12,4.8,Online,India,385600.33
240,Amlodipine,Cipla,Central,2025-01-10 23:00:00,2016-10-14,Cardiovascular,215,14150.43,3042342.45,4722,Hyderabad,10,Phase 2,71.7,Pending,23,4.4,Hospital,India,248538.09
241,Azithromycin,Cadila,SOUTH,2025-01-11 00:00:00,2018-02-20,Antidiabetic,589,841.99,495932.11,2782,Mumbai,37,Phase 4,78.29,Rejected,90,4.7,Online,India,441478.59
242,Amlodipine,Cipla,Central,2025-01-11 01:00:00,2016-08-24,Antibiotic,98,927.43,90888.14,2944,Bangalore,22,Phase 4,66.17,Pending,27,2.2,Retail Pharmacy,India,830571.62
243,Omeprazole,Cadila,souTh,2025-01-11 02:00:00,2020-12-16,Antibiotic,357,39716.05,14178629.85,4957,Mumbai,43,Phase 2,95.14,Approved,70,3.2,Retail Pharmacy,India,735491.57
244,Azithromycin,Lupin,NORTH ,2025-01-11 03:00:00,2020-01-20,Cardiovascular,67,26630.82,1784264.94,2968,Bangalore,24,Phase 2,99.09,Rejected,27,2.8,Online,India,4825772.36
245,Azithromycin,Biocon,souTh,2025-01-11 04:00:00,2024-10-10,Gastrointestinal,520,24072.98,12517949.6,3662,Ahmedabad,12,Phase 2,81.73,Pending,96,4.9,Hospital,India,4319801.06
246,Azithromycin,Aurobindo,WEST,2025-01-11 05:00:00,2016-12-05,Cardiovascular,831,17338.45,14408251.95,4864,Mumbai,34,Phase 4,86.27,Rejected,48,4.9,Hospital,India,4869385.36
247,Ibuprofen,Lupin,West ,2025-01-11 06:00:00,2020-05-17,Antidiabetic,265,36390.69,9643532.85,1305,Pune,13,Phase 2,79.92,Approved,43,3.7,Online,India,3746581.39
248,Omeprazole,Zydus,NORTH ,2025-01-11 07:00:00,2017-04-01,Vaccine,716,30662.9,21954636.4,3265,Mumbai,40,Phase 4,78.85,Approved,34,1.9,Distributor,India,1605065.54
249,Amoxicillin,Aurobindo,north,2025-01-11 08:00:00,2016-03-28,Cardiovascular,731,19939.78,14575979.18,4239,Mumbai,21,Phase 2,76.25,Pending,80,4.3,Retail Pharmacy,India,4992530.3
250,Ciprofloxacin,Cadila,West ,2025-01-11 09:00:00,2016-12-14,Cardiovascular,648,26085.84,16903624.32,2751,Mumbai,49,Phase 3,89.74,Pending,47,1.1,Hospital,India,1772259.12
251,Paracetamol,Lupin,west region,2025-01-11 10:00:00,2015-04-27,Antidiabetic,772,12764.88,9854487.36,1335,Hyderabad,15,Phase 4,63.96,Rejected,51,2.2,Hospital,India,1044026.55
252,,Cipla,Central,2025-01-11 11:00:00,2022-01-05,Gastrointestinal,932,5803.97,5409300.04,3248,Mumbai,25,Phase 3,88.0,Pending,51,3.0,Hospital,India,4045801.65
253,Paracetamol,Cadila,south ,2025-01-11 12:00:00,2024-12-04,Cardiovascular,643,14346.96,9225095.28,2824,Mumbai,15,Phase 4,91.97,Rejected,75,4.5,Hospital,India,946163.36
254,Omeprazole,Sun Pharma,NORTH ,2025-01-11 13:00:00,2018-04-06,Antidiabetic,459,6198.93,2845308.87,4749,Bangalore,41,Phase 3,94.02,Rejected,44,3.0,Online,India,4238854.33
255,Paracetamol,Cipla,NORTH ,2025-01-11 14:00:00,2022-11-28,Gastrointestinal,876,4803.59,4207944.84,2260,Pune,34,Phase 4,61.65,Approved,35,3.9,Online,India,4820858.99
256,Atorvastatin,Lupin, North Region,2025-01-11 15:00:00,2023-12-04,Antibiotic,812,12542.38,10184412.56,3179,Mumbai,33,Phase 3,98.1,Approved,56,1.6,Hospital,India,1217290.03
257,Ibuprofen,Torrent,EAST,2025-01-11 16:00:00,2023-11-18,Cardiovascular,392,36716.62,14392915.04,2321,Bangalore,22,Phase 2,65.59,Rejected,91,1.6,Online,India,1194476.48
258,Azithromycin,Glenmark, east,2025-01-11 17:00:00,2018-08-02,Antibiotic,36,5818.22,209455.92,2631,Ahmedabad,49,Phase 4,73.3,Approved,37,3.4,Retail Pharmacy,India,2591637.54
259,Amlodipine,Cadila,East Zone,2025-01-11 18:00:00,2019-06-05,Gastrointestinal,398,1632.88,649886.24,3689,Bangalore,38,Phase 3,53.18,Pending,58,4.4,Retail Pharmacy,India,2249038.36
260,Paracetamol,Torrent,west region,2025-01-11 19:00:00,2024-06-07,Gastrointestinal,686,23930.91,16416604.26,3537,Hyderabad,48,Phase 2,50.25,Pending,25,1.4,Distributor,India,4957367.3
261,Paracetamol,Glenmark,north,2025-01-11 20:00:00,2023-09-12,Cardiovascular,975,20579.03,20064554.25,2275,Mumbai,33,Phase 4,56.11,Approved,95,3.5,Hospital,India,443343.56
262,Amlodipine,Zydus, east,2025-01-11 21:00:00,2015-05-22,Antidiabetic,886,15979.31,14157668.66,3156,Bangalore,49,Phase 1,74.23,Rejected,15,1.3,Retail Pharmacy,India,1295480.72
263,Ciprofloxacin,Lupin,SOUTH,2025-01-11 22:00:00,2021-06-06,Antibiotic,434,18025.79,7823192.86,1872,Ahmedabad,33,Phase 3,86.13,Approved,68,1.6,Online,India,552208.72
264,Azithromycin,Biocon,East Zone,2025-01-11 23:00:00,2022-08-26,Cardiovascular,841,25618.07,21544796.87,2383,Mumbai,23,Phase 1,89.84,Approved,38,2.3,Online,India,471759.88
265,Ciprofloxacin,Cipla,EAST,2025-01-12 00:00:00,2016-11-09,Antidiabetic,596,5768.5,3438026.0,1863,Bangalore,25,Phase 1,78.44,Pending,71,4.5,Distributor,India,4751203.71
266,Ciprofloxacin,Zydus,SOUTH,2025-01-12 01:00:00,2020-10-17,Cardiovascular,259,12415.95,3215731.0500000003,4580,Ahmedabad,34,Phase 2,50.71,Approved,42,4.7,Hospital,India,1096336.35
267,Losartan,Aurobindo,Central,2025-01-12 02:00:00,2017-08-21,Cardiovascular,805,6697.92,5391825.6,3342,Hyderabad,26,Phase 4,84.57,Approved,93,4.2,Retail Pharmacy,India,3455945.85
268,Amlodipine,Sun Pharma,south ,2025-01-12 03:00:00,2022-07-22,Analgesic,650,27075.95,17599367.5,4763,Bangalore,18,Phase 2,53.86,Rejected,75,4.5,Online,India,1956546.04
269,Atorvastatin,Cipla,west region,2025-01-12 04:00:00,2015-06-13,Vaccine,223,31338.09,6988394.07,3197,Mumbai,49,Phase 1,82.55,Pending,86,3.7,Hospital,India,4657455.29
270,Paracetamol,Sun Pharma,Central,2025-01-12 05:00:00,2016-09-24,Vaccine,410,9250.81,3792832.1,1395,Mumbai,37,Phase 4,83.97,Pending,26,3.8,Retail Pharmacy,India,4103643.47
271,,Torrent,EAST,2025-01-12 06:00:00,2018-09-17,Gastrointestinal,505,2842.31,1435366.55,4387,Ahmedabad,9,Phase 2,58.93,Approved,25,2.9,Distributor,India,1646445.63
272,Azithromycin,Sun Pharma, North Region,2025-01-12 07:00:00,2018-07-14,Cardiovascular,550,28160.45,15488247.5,3248,Pune,48,Phase 3,75.29,Approved,92,3.3,Hospital,India,3242996.0
273,Paracetamol,Dr. Reddy's,Central,2025-01-12 08:00:00,2021-06-16,Antidiabetic,484,10641.87,5150665.08,4748,Ahmedabad,14,Phase 2,61.99,Approved,79,2.1,Distributor,India,4977698.56
274,Metformin,Glenmark,East Zone,2025-01-12 09:00:00,2018-08-20,Analgesic,888,25163.75,22345410.0,2641,Mumbai,27,Phase 1,54.97,Approved,91,4.0,Distributor,India,4056556.11
275,Ciprofloxacin,Zydus,NORTH ,2025-01-12 10:00:00,2022-06-28,Cardiovascular,934,23030.36,21510356.24,3906,Pune,31,Phase 1,66.51,Approved,88,1.7,Distributor,India,2490026.73
276,Amlodipine,Zydus, east,2025-01-12 11:00:00,2017-08-29,Gastrointestinal,285,2130.43,607172.5499999999,1072,Hyderabad,8,Phase 1,82.0,Rejected,45,2.9,Online,India,4013120.51
277,Ciprofloxacin,Sun Pharma,Central,2025-01-12 12:00:00,2022-10-25,Antibiotic,750,39051.17,29288377.5,4344,Ahmedabad,27,Phase 1,73.12,Rejected,91,4.6,Retail Pharmacy,India,3031508.76
278,Amoxicillin,Cipla, North Region,2025-01-12 13:00:00,2019-06-29,Gastrointestinal,371,14046.94,5211414.74,4815,Bangalore,20,Phase 1,60.69,Approved,47,3.0,Retail Pharmacy,India,3909989.78
279,Ciprofloxacin,Biocon,WEST,2025-01-12 14:00:00,2017-10-11,Analgesic,80,32704.75,2616380.0,2513,Ahmedabad,7,Phase 4,60.03,Pending,47,4.6,Distributor,India,4072707.27
280,Amlodipine,Glenmark,East Zone,2025-01-12 15:00:00,2020-09-26,Gastrointestinal,988,16901.34,16698523.92,3148,Hyderabad,48,Phase 4,98.99,Approved,71,2.4,Online,India,2765325.49
281,Ciprofloxacin,Dr. Reddy's,East Zone,2025-01-12 16:00:00,2023-03-06,Antidiabetic,181,20001.38,3620249.78,1124,Hyderabad,34,Phase 2,99.75,Pending,33,4.1,Online,India,4676608.56
282,Paracetamol,Biocon, east,2025-01-12 17:00:00,2019-10-07,Analgesic,324,22728.5,7364034.0,1123,Ahmedabad,4,Phase 3,53.5,Pending,91,1.1,Hospital,India,3251820.01
283,Losartan,Glenmark,EAST,2025-01-12 18:00:00,2022-05-03,Antibiotic,998,26747.73,26694234.54,1062,Mumbai,13,Phase 1,84.85,Pending,26,3.3,Retail Pharmacy,India,1014987.13
284,Metformin,Dr. Reddy's,north,2025-01-12 19:00:00,2023-07-30,Vaccine,159,29239.86,4649137.74,2218,Mumbai,10,Phase 1,61.64,Pending,30,4.7,Distributor,India,1548588.51
285,Atorvastatin,Cipla,west region,2025-01-12 20:00:00,2022-06-18,Antidiabetic,726,26554.95,19278893.7,4722,Bangalore,24,Phase 3,71.66,Rejected,97,1.4,Hospital,India,1092452.21
286,Omeprazole,Torrent,north,2025-01-12 21:00:00,2019-11-08,Vaccine,930,25512.53,23726652.9,2328,Hyderabad,36,Phase 2,58.92,Pending,93,3.6,Retail Pharmacy,India,699289.96
287,Atorvastatin,Lupin,north,2025-01-12 22:00:00,2021-09-02,Antidiabetic,728,15245.24,11098534.72,2594,Pune,8,Phase 4,80.81,Pending,78,4.5,Retail Pharmacy,India,211547.23
288,Ciprofloxacin,Cadila,north,2025-01-12 23:00:00,2024-04-02,Vaccine,109,34197.33,3727508.97,3537,Pune,11,Phase 1,68.46,Rejected,78,1.7,Retail Pharmacy,India,1700597.97
289,Losartan,Glenmark,Central,2025-01-13 00:00:00,2024-01-15,Gastrointestinal,479,23737.51,11370267.29,1654,Ahmedabad,12,Phase 3,76.51,Rejected,71,3.4,Online,India,474906.61
290,Ibuprofen,Lupin,EAST,2025-01-13 01:00:00,2020-08-23,Antibiotic,333,17572.29,5851572.57,3990,Mumbai,24,Phase 4,91.15,Pending,23,1.9,Hospital,India,374700.63
291,Amlodipine,Aurobindo,Central,2025-01-13 02:00:00,2021-05-12,Antidiabetic,649,26645.21,17292741.29,2446,Pune,38,Phase 2,76.07,Pending,82,2.0,Retail Pharmacy,India,1799272.41
292,Azithromycin,Dr. Reddy's,SOUTH,2025-01-13 03:00:00,2016-04-24,Gastrointestinal,784,10676.62,8370470.080000001,1198,Mumbai,12,Phase 2,92.39,Rejected,93,3.0,Retail Pharmacy,India,2353959.98
293,Ibuprofen,Dr. Reddy's,Central,2025-01-13 04:00:00,2024-04-22,Gastrointestinal,508,1477.97,750808.76,4561,Ahmedabad,38,Phase 1,59.88,Rejected,60,3.9,Online,India,1542230.01
294,Ibuprofen,Lupin,SOUTH,2025-01-13 05:00:00,2022-01-25,Gastrointestinal,636,26549.58,16885532.880000003,4453,Bangalore,6,Phase 4,88.43,Pending,54,1.4,Online,India,2177334.34
295,Azithromycin,Aurobindo, east,2025-01-13 06:00:00,2021-07-15,Vaccine,793,88.86,70465.98,2530,Mumbai,49,Phase 4,60.11,Rejected,40,3.8,Distributor,India,3722460.9
296,Amlodipine,Zydus,EAST,2025-01-13 07:00:00,2023-06-19,Cardiovascular,239,18318.34,4378083.26,1489,Bangalore,27,Phase 2,86.39,Rejected,40,1.4,Online,India,4156625.38
297,Amlodipine,Sun Pharma, east,2025-01-13 08:00:00,2021-09-04,Antidiabetic,542,24408.24,13229266.08,2201,Hyderabad,24,Phase 2,89.31,Approved,56,2.0,Retail Pharmacy,India,4374738.43
298,Losartan,Glenmark,west region,2025-01-13 09:00:00,2015-08-04,Analgesic,874,12610.17,11021288.58,3706,Mumbai,9,Phase 2,73.54,Approved,17,2.2,Distributor,India,1929554.37
299,Ibuprofen,Lupin,WEST,2025-01-13 10:00:00,2018-04-11,Antibiotic,262,7589.33,1988404.46,3819,Bangalore,24,Phase 4,67.59,Rejected,71,3.4,Hospital,India,3281911.83
300,Paracetamol,Lupin,Central,2025-01-13 11:00:00,2023-11-10,Antidiabetic,410,31785.75,13032157.5,1855,Hyderabad,32,Phase 4,79.46,Pending,58,4.3,Online,India,3377082.46
301,Metformin,Lupin,SOUTH,2025-01-13 12:00:00,2017-08-29,Antidiabetic,406,25486.02,10347324.12,2220,Mumbai,12,Phase 1,87.4,Pending,40,3.8,Retail Pharmacy,India,595744.89
302,Ibuprofen,Sun Pharma,south ,2025-01-13 13:00:00,2016-09-07,Analgesic,419,13270.56,5560364.64,3961,Pune,4,Phase 4,62.77,Pending,50,1.1,Hospital,India,1272229.45
303,Ciprofloxacin,Torrent,Central,2025-01-13 14:00:00,2023-10-21,Gastrointestinal,696,30777.07,21420840.72,4792,Bangalore,34,Phase 3,87.51,Rejected,99,1.1,Online,India,2863061.24
304,Losartan,Dr. Reddy's,souTh,2025-01-13 15:00:00,2018-07-28,Cardiovascular,849,21467.45,18225865.05,4746,Hyderabad,18,Phase 3,71.3,Approved,27,2.1,Online,India,3467025.79
305,Azithromycin,Dr. Reddy's,Central,2025-01-13 16:00:00,2020-11-11,Analgesic,779,22376.57,17431348.03,4431,Bangalore,8,Phase 4,81.44,Pending,17,3.4,Online,India,1054469.93
306,Amoxicillin,Cadila,West ,2025-01-13 17:00:00,2016-08-18,Vaccine,619,27861.2,17246082.8,4740,Mumbai,20,Phase 2,78.45,Rejected,90,2.5,Retail Pharmacy,India,1172439.04
307,Paracetamol,Glenmark, east,2025-01-13 18:00:00,2018-11-30,Vaccine,903,4609.29,4162188.87,3299,Mumbai,11,Phase 4,57.4,Rejected,53,2.1,Online,India,1722341.22
308,Ibuprofen,Biocon, North Region,2025-01-13 19:00:00,2018-12-15,Gastrointestinal,382,18216.92,6958863.44,4037,Bangalore,0,Phase 2,53.64,Approved,57,2.9,Hospital,India,1823780.26
309,Losartan,Biocon,NORTH ,2025-01-13 20:00:00,2016-09-12,Antidiabetic,173,30750.0,5319750.0,1906,Pune,30,Phase 4,84.28,Pending,86,2.2,Distributor,India,2682591.27
310,Amoxicillin,Dr. Reddy's,SOUTH,2025-01-13 21:00:00,2019-05-15,Antidiabetic,407,21153.86,8609621.02,3784,Ahmedabad,20,Phase 2,97.37,Approved,37,1.5,Online,India,507809.96
311,Amoxicillin,Dr. Reddy's,north,2025-01-13 22:00:00,2019-01-11,Analgesic,599,19895.54,11917428.46,3082,Pune,49,Phase 3,55.32,Rejected,81,1.4,Retail Pharmacy,India,3160280.21
312,Losartan,Torrent,west region,2025-01-13 23:00:00,2023-12-28,Cardiovascular,298,23481.75,6997561.5,3593,Pune,35,Phase 2,84.73,Rejected,84,1.7,Hospital,India,4856921.16
313,Omeprazole,Sun Pharma,souTh,2025-01-14 00:00:00,2018-07-27,Vaccine,162,4183.68,677756.16,4884,Bangalore,44,Phase 3,91.99,Approved,81,2.2,Online,India,537255.76
314,Metformin,Glenmark,west region,2025-01-14 01:00:00,2015-10-17,Antibiotic,176,20841.18,3668047.68,3181,Bangalore,38,Phase 2,65.63,Approved,81,2.3,Online,India,466064.67
315,Atorvastatin,Cadila,SOUTH,2025-01-14 02:00:00,2020-07-18,Antidiabetic,317,36854.36,11682832.12,4399,Ahmedabad,11,Phase 3,73.78,Pending,21,4.6,Online,India,2208745.93
316,Ciprofloxacin,Lupin,Central,2025-01-14 03:00:00,2019-08-26,Antidiabetic,501,39357.63,19718172.63,2024,Pune,45,Phase 1,65.71,Pending,75,4.1,Distributor,India,2167507.57
317,Metformin,Torrent,west region,2025-01-14 04:00:00,2019-11-24,Antidiabetic,177,13067.56,2312958.12,3647,Mumbai,40,Phase 2,85.37,Pending,22,4.7,Distributor,India,620462.16
318,Metformin,Cadila,north,2025-01-14 05:00:00,2020-08-30,Antibiotic,490,5625.4,2756446.0,2147,Mumbai,8,Phase 1,83.62,Rejected,60,1.6,Online,India,1056049.32
319,Atorvastatin,Aurobindo,Central,2025-01-14 06:00:00,2017-10-26,Gastrointestinal,841,33889.79,28501313.39,3153,Pune,14,Phase 4,67.9,Rejected,47,3.4,Hospital,India,2846261.79
320,Ibuprofen,Cipla,south ,2025-01-14 07:00:00,2020-05-27,Vaccine,169,36725.78,6206656.819999999,2346,Mumbai,5,Phase 1,99.11,Rejected,71,4.9,Hospital,India,317752.1
321,Losartan,Lupin,NORTH ,2025-01-14 08:00:00,2015-06-15,Gastrointestinal,96,15884.63,1524924.48,2080,Bangalore,31,Phase 1,91.02,Pending,50,2.4,Online,India,4474533.09
322,Paracetamol,Aurobindo,NORTH ,2025-01-14 09:00:00,2019-07-19,Gastrointestinal,50,25782.77,1289138.5,1884,Ahmedabad,12,Phase 4,52.32,Pending,41,2.7,Retail Pharmacy,India,1228491.31
323,Amlodipine,Cipla, east,2025-01-14 10:00:00,2016-05-16,Vaccine,745,22451.7,16726516.5,1487,Bangalore,3,Phase 4,86.66,Rejected,24,1.7,Retail Pharmacy,India,3704157.75
324,Atorvastatin,Biocon, east,2025-01-14 11:00:00,2022-10-20,Analgesic,552,26155.47,14437819.44,1106,Pune,29,Phase 3,55.19,Pending,50,5.0,Distributor,India,120536.13
325,Metformin,Cipla,WEST,2025-01-14 12:00:00,2017-03-08,Antidiabetic,64,7810.41,499866.24,4018,Bangalore,37,Phase 3,62.51,Pending,41,2.4,Distributor,India,3502824.89
326,Ibuprofen,Biocon,Central,2025-01-14 13:00:00,2019-02-21,Vaccine,892,26792.45,23898865.4,3703,Ahmedabad,49,Phase 2,88.43,Pending,49,4.1,Retail Pharmacy,India,2043862.39
327,Amoxicillin,Glenmark,SOUTH,2025-01-14 14:00:00,2016-11-01,Antidiabetic,744,38391.73,28563447.12,1052,Mumbai,20,Phase 1,70.68,Rejected,48,4.1,Hospital,India,1767269.5
328,Omeprazole,Biocon, east,2025-01-14 15:00:00,2018-01-09,Antibiotic,464,2483.27,1152237.28,3276,Hyderabad,21,Phase 1,68.22,Pending,43,1.3,Online,India,190650.51
329,Losartan,Biocon,Central,2025-01-14 16:00:00,2018-07-25,Antibiotic,897,16387.72,14699784.840000002,2427,Mumbai,32,Phase 3,98.45,Approved,45,1.5,Retail Pharmacy,India,2115239.71
330,Omeprazole,Glenmark,souTh,2025-01-14 17:00:00,2019-03-20,Antidiabetic,845,38998.12,32953411.4,1345,Pune,24,Phase 1,70.26,Pending,11,3.7,Retail Pharmacy,India,1526302.28
331,Amlodipine,Torrent, North Region,2025-01-14 18:00:00,2016-07-13,Vaccine,352,30051.77,10578223.04,3821,Mumbai,28,Phase 2,62.81,Rejected,61,3.2,Distributor,India,1451358.49
332,Omeprazole,Zydus,SOUTH,2025-01-14 19:00:00,2020-11-13,Cardiovascular,856,17582.12,15050294.72,3865,Hyderabad,21,Phase 1,91.09,Rejected,59,2.0,Online,India,1071385.52
333,Omeprazole,Aurobindo,north,2025-01-14 20:00:00,2022-09-07,Gastrointestinal,434,37203.44,16146292.96,2170,Pune,15,Phase 2,74.36,Approved,18,4.3,Distributor,India,4429611.3
334,Losartan,Biocon,EAST,2025-01-14 21:00:00,2018-09-01,Antibiotic,99,35399.46,3504546.54,1241,Ahmedabad,10,Phase 3,83.13,Rejected,14,3.4,Online,India,3661780.48
335,Metformin,Sun Pharma, North Region,2025-01-14 22:00:00,2024-11-03,Antidiabetic,973,11240.92,10937415.16,4555,Mumbai,29,Phase 1,56.75,Rejected,67,1.6,Distributor,India,329247.72
336,Losartan,Sun Pharma, east,2025-01-14 23:00:00,2023-10-07,Antidiabetic,535,33049.36,17681407.6,2013,Hyderabad,41,Phase 1,66.52,Approved,70,1.2,Hospital,India,713933.54
337,Ciprofloxacin,Aurobindo,Central,2025-01-15 00:00:00,2022-02-04,Antibiotic,74,20346.53,1505643.22,4733,Bangalore,10,Phase 3,78.78,Rejected,38,4.3,Online,India,1137695.14
338,Omeprazole,Zydus,west region,2025-01-15 01:00:00,2018-07-23,Antidiabetic,769,18894.89,14530170.41,2909,Bangalore,37,Phase 1,98.99,Approved,37,4.1,Online,India,3315599.67
339,Ciprofloxacin,Glenmark,souTh,2025-01-15 02:00:00,2016-02-18,Antidiabetic,948,25238.09,23925709.32,1516,Hyderabad,28,Phase 1,68.37,Pending,42,4.2,Hospital,India,4052004.01
340,Ibuprofen,Cipla,Central,2025-01-15 03:00:00,2022-01-20,Gastrointestinal,221,21083.09,4659362.89,2970,Ahmedabad,47,Phase 2,73.51,Approved,15,3.8,Online,India,1774606.71
341,Amlodipine,Sun Pharma,East Zone,2025-01-15 04:00:00,2021-02-09,Antibiotic,972,15842.32,15398735.04,2243,Hyderabad,48,Phase 4,58.93,Rejected,59,4.1,Hospital,India,3914633.74
342,Atorvastatin,Aurobindo,north,2025-01-15 05:00:00,2017-11-11,Analgesic,151,39721.06,5997880.06,4639,Bangalore,36,Phase 3,77.97,Pending,76,2.5,Hospital,India,912898.53
343,,Sun Pharma,East Zone,2025-01-15 06:00:00,2015-06-03,Antidiabetic,652,5530.14,3605651.28,1609,Ahmedabad,16,Phase 4,56.15,Pending,99,1.6,Distributor,India,2077590.87
344,Amlodipine,Biocon,Central,2025-01-15 07:00:00,2017-12-04,Cardiovascular,446,10998.6,4905375.600000001,3847,Ahmedabad,25,Phase 2,87.62,Approved,56,3.8,Online,India,2611000.97
345,Metformin,Lupin,East Zone,2025-01-15 08:00:00,2023-08-03,Cardiovascular,465,35129.34,16335143.099999998,2287,Ahmedabad,38,Phase 1,86.32,Approved,43,1.5,Online,India,4710327.26
346,Ciprofloxacin,Glenmark,WEST,2025-01-15 09:00:00,2024-04-19,Antidiabetic,315,4454.53,1403176.95,4870,Pune,13,Phase 4,84.77,Rejected,85,3.3,Retail Pharmacy,India,349470.2
347,Azithromycin,Glenmark,south ,2025-01-15 10:00:00,2018-11-27,Antibiotic,342,26064.56,8914079.52,3374,Hyderabad,34,Phase 3,93.33,Pending,33,2.9,Retail Pharmacy,India,1868184.18
348,Amlodipine,Cadila,SOUTH,2025-01-15 11:00:00,2023-05-07,Cardiovascular,672,8762.82,5888615.04,2701,Pune,35,Phase 1,92.22,Rejected,21,4.2,Online,India,4123741.33
349,Metformin,Aurobindo,EAST,2025-01-15 12:00:00,2019-01-24,Antibiotic,78,5814.63,453541.14,2212,Ahmedabad,10,Phase 1,92.97,Pending,30,4.1,Retail Pharmacy,India,859018.9
350,Losartan,Lupin,south ,2025-01-15 13:00:00,2021-07-09,Vaccine,14,33847.82,473869.48,3033,Bangalore,34,Phase 2,92.26,Rejected,72,3.2,Distributor,India,2324190.62
351,Losartan,Torrent,west region,2025-01-15 14:00:00,2022-10-27,Vaccine,794,14291.63,11347554.22,2819,Hyderabad,13,Phase 3,78.03,Pending,63,1.8,Retail Pharmacy,India,106257.77
352,Metformin,Cipla,Central,2025-01-15 15:00:00,2020-01-23,Gastrointestinal,556,2685.23,1492987.88,3277,Mumbai,49,Phase 4,56.27,Pending,78,1.4,Retail Pharmacy,India,2389483.52
353,Omeprazole,Cipla,Central,2025-01-15 16:00:00,2017-08-11,Vaccine,17,19593.07,333082.19,2904,Mumbai,33,Phase 3,98.14,Rejected,20,4.1,Retail Pharmacy,India,2699034.43
354,Omeprazole,Biocon,Central,2025-01-15 17:00:00,2015-01-19,Antidiabetic,398,8224.83,3273482.34,3867,Ahmedabad,39,Phase 3,55.62,Rejected,77,1.8,Distributor,India,1209134.24
355,Atorvastatin,Dr. Reddy's,NORTH ,2025-01-15 18:00:00,2022-05-25,Gastrointestinal,327,7951.52,2600147.04,4586,Ahmedabad,39,Phase 3,82.26,Rejected,55,2.6,Distributor,India,3113843.3
356,Amlodipine,Zydus,Central,2025-01-15 19:00:00,2015-07-09,Analgesic,42,6250.52,262521.84,1776,Pune,32,Phase 3,73.13,Rejected,95,4.4,Hospital,India,1421730.91
357,Amlodipine,Biocon,East Zone,2025-01-15 20:00:00,2020-06-20,Vaccine,990,29467.68,29173003.2,1898,Bangalore,21,Phase 3,51.6,Pending,25,3.7,Online,India,2836210.61
358,Amlodipine,Biocon,SOUTH,2025-01-15 21:00:00,2020-01-08,Vaccine,608,2935.91,1785033.2799999998,2270,Mumbai,7,Phase 3,99.86,Pending,32,3.8,Retail Pharmacy,India,4819136.42
359,Omeprazole,Dr. Reddy's,EAST,2025-01-15 22:00:00,2024-07-27,Antidiabetic,500,13179.28,6589640.0,3882,Hyderabad,6,Phase 1,87.43,Rejected,36,4.0,Online,India,108221.44
360,Ibuprofen,Zydus,Central,2025-01-15 23:00:00,2024-10-11,Gastrointestinal,578,22947.28,13263527.84,2942,Hyderabad,13,Phase 4,97.63,Pending,70,1.2,Online,India,1513177.85
361,Metformin,Glenmark,Central,2025-01-16 00:00:00,2018-01-17,Cardiovascular,409,25573.51,10459565.59,3669,Ahmedabad,42,Phase 4,80.39,Rejected,74,2.0,Distributor,India,561208.18
362,Azithromycin,Torrent,NORTH ,2025-01-16 01:00:00,2023-07-30,Cardiovascular,76,7293.32,554292.32,4809,Hyderabad,12,Phase 2,91.0,Approved,90,3.0,Online,India,3601476.1
363,Azithromycin,Cipla,East Zone,2025-01-16 02:00:00,2019-06-18,Vaccine,568,27076.45,15379423.6,3202,Ahmedabad,42,Phase 2,93.03,Approved,58,2.9,Retail Pharmacy,India,77362.25
364,Atorvastatin,Dr. Reddy's,West ,2025-01-16 03:00:00,2018-10-13,Cardiovascular,14,14889.26,208449.64,3353,Pune,10,Phase 2,72.46,Approved,18,2.7,Retail Pharmacy,India,661429.2
365,Losartan,Cipla,NORTH ,2025-01-16 04:00:00,2019-08-21,Analgesic,126,20591.13,2594482.3800000004,4704,Mumbai,8,Phase 2,53.91,Approved,45,4.3,Hospital,India,1307967.56
366,Metformin,Zydus,Central,2025-01-16 05:00:00,2022-02-12,Gastrointestinal,606,7230.77,4381846.62,1734,Bangalore,0,Phase 4,95.15,Pending,55,3.5,Hospital,India,4127189.11
367,Losartan,Cipla,West ,2025-01-16 06:00:00,2021-09-09,Gastrointestinal,143,16859.55,2410915.65,3010,Ahmedabad,11,Phase 4,98.92,Approved,11,1.0,Retail Pharmacy,India,1596495.1
368,Losartan,Zydus,north,2025-01-16 07:00:00,2018-03-03,Antidiabetic,685,2311.87,1583630.95,2472,Hyderabad,19,Phase 3,54.6,Pending,26,1.2,Hospital,India,2302228.59
369,Amlodipine,Cadila,East Zone,2025-01-16 08:00:00,2021-04-05,Cardiovascular,910,29685.54,27013841.4,4766,Pune,28,Phase 1,56.5,Approved,13,3.2,Retail Pharmacy,India,3945357.03
370,Losartan,Lupin,EAST,2025-01-16 09:00:00,2023-04-14,Antidiabetic,189,7555.92,1428068.88,2850,Ahmedabad,36,Phase 3,93.02,Approved,42,1.2,Hospital,India,300982.65
371,Amlodipine,Torrent,West ,2025-01-16 10:00:00,2016-01-31,Antibiotic,534,1672.2,892954.8,4099,Mumbai,36,Phase 2,70.24,Pending,78,4.2,Hospital,India,1638815.68
372,Metformin,Biocon,SOUTH,2025-01-16 11:00:00,2017-12-13,Vaccine,35,11270.56,394469.6,2450,Hyderabad,41,Phase 3,73.13,Rejected,81,4.8,Retail Pharmacy,India,1571519.69
373,Paracetamol,Biocon,West ,2025-01-16 12:00:00,2015-11-18,Analgesic,528,30805.98,16265557.44,1055,Hyderabad,23,Phase 3,80.04,Rejected,87,2.4,Distributor,India,769979.2
374,Omeprazole,Torrent,west region,2025-01-16 13:00:00,2022-02-07,Vaccine,862,23810.39,20524556.18,3933,Pune,33,Phase 4,55.4,Approved,97,2.9,Retail Pharmacy,India,3588107.86
375,Amoxicillin,Cipla,souTh,2025-01-16 14:00:00,2022-02-10,Antidiabetic,259,7711.43,1997260.37,4956,Pune,42,Phase 2,64.38,Pending,80,3.4,Distributor,India,451328.77
376,Amoxicillin,Dr. Reddy's,north,2025-01-16 15:00:00,2022-08-18,Antibiotic,681,33341.41,22705500.21,1748,Mumbai,6,Phase 4,59.69,Rejected,28,4.8,Distributor,India,1689644.02
377,Amoxicillin,Torrent,Central,2025-01-16 16:00:00,2017-04-28,Antibiotic,234,19452.49,4551882.66,4807,Hyderabad,47,Phase 4,64.7,Pending,29,3.4,Online,India,2320985.25
378,Losartan,Torrent, North Region,2025-01-16 17:00:00,2023-01-20,Analgesic,336,6918.65,2324666.4,4676,Ahmedabad,49,Phase 4,79.9,Rejected,52,4.6,Distributor,India,520521.36
379,Omeprazole,Dr. Reddy's,EAST,2025-01-16 18:00:00,2021-08-04,Cardiovascular,782,10597.36,8287135.52,3717,Bangalore,22,Phase 4,51.83,Approved,57,3.1,Online,India,557700.08
380,Atorvastatin,Lupin,West ,2025-01-16 19:00:00,2023-04-19,Antibiotic,959,37990.48,36432870.32,2807,Bangalore,20,Phase 4,64.45,Pending,26,1.6,Hospital,India,1459404.19
381,Omeprazole,Cadila,SOUTH,2025-01-16 20:00:00,2015-05-25,Cardiovascular,160,27057.93,4329268.8,2310,Mumbai,38,Phase 3,70.84,Approved,34,1.8,Distributor,India,4643407.36
382,Azithromycin,Glenmark,south ,2025-01-16 21:00:00,2022-03-11,Antidiabetic,640,25199.39,16127609.6,4574,Bangalore,18,Phase 1,83.88,Approved,96,1.1,Online,India,2776630.15
383,Atorvastatin,Glenmark,EAST,2025-01-16 22:00:00,2020-02-10,Analgesic,929,19944.39,18528338.31,3711,Mumbai,14,Phase 4,65.91,Pending,21,3.9,Retail Pharmacy,India,345958.17
384,,Dr. Reddy's,Central,2025-01-16 23:00:00,2018-06-18,Cardiovascular,120,34958.96,4195075.2,3993,Mumbai,10,Phase 4,97.98,Approved,61,3.6,Hospital,India,3485676.73
385,Losartan,Biocon,west region,2025-01-17 00:00:00,2018-11-21,Cardiovascular,847,11877.02,10059835.94,4043,Mumbai,20,Phase 3,50.23,Pending,98,4.9,Distributor,India,4847672.63
386,Ibuprofen,Torrent,EAST,2025-01-17 01:00:00,2015-01-04,Antibiotic,911,7999.05,7287134.55,2576,Pune,49,Phase 2,97.62,Approved,60,2.1,Distributor,India,1352376.73
387,Omeprazole,Zydus,west region,2025-01-17 02:00:00,2017-12-15,Antibiotic,997,19997.98,19937986.06,1290,Pune,21,Phase 4,54.25,Approved,82,3.0,Retail Pharmacy,India,4010160.48
388,Ciprofloxacin,Cipla, North Region,2025-01-17 03:00:00,2016-03-12,Antidiabetic,564,17480.48,9858990.72,3029,Bangalore,7,Phase 2,51.25,Approved,54,1.4,Retail Pharmacy,India,779010.2
389,Amoxicillin,Glenmark,south ,2025-01-17 04:00:00,2017-12-14,Antidiabetic,282,29394.2,8289164.4,1023,Pune,35,Phase 4,60.99,Approved,85,4.2,Online,India,4621398.55
390,Paracetamol,Dr. Reddy's,Central,2025-01-17 05:00:00,2017-06-16,Analgesic,29,16785.13,486768.77,1906,Pune,32,Phase 1,80.02,Approved,61,3.0,Hospital,India,3634296.76
391,Ibuprofen,Cipla, North Region,2025-01-17 06:00:00,2017-06-15,Analgesic,328,25720.28,8436251.84,1799,Ahmedabad,5,Phase 1,70.9,Rejected,63,1.8,Retail Pharmacy,India,2831992.77
392,Amlodipine,Cipla,Central,2025-01-17 07:00:00,2015-04-09,Antibiotic,231,26752.48,6179822.88,1725,Hyderabad,49,Phase 1,82.88,Pending,50,1.2,Retail Pharmacy,India,4074342.04
393,Metformin,Glenmark,West ,2025-01-17 08:00:00,2018-04-15,Cardiovascular,643,721.65,464020.95,2952,Hyderabad,1,Phase 1,76.51,Pending,47,4.5,Retail Pharmacy,India,661464.55
394,Amlodipine,Biocon,Central,2025-01-17 09:00:00,2022-12-11,Antidiabetic,88,31536.57,2775218.16,3407,Pune,13,Phase 1,75.01,Approved,83,1.1,Hospital,India,2577441.7
395,Amlodipine,Dr. Reddy's,East Zone,2025-01-17 10:00:00,2018-09-18,Analgesic,23,27511.08,632754.8400000001,2454,Mumbai,17,Phase 2,75.11,Pending,16,3.8,Hospital,India,172786.14
396,Losartan,Cipla,SOUTH,2025-01-17 11:00:00,2019-04-12,Antibiotic,870,3098.62,2695799.4,4959,Hyderabad,42,Phase 2,89.13,Approved,32,4.5,Hospital,India,4101781.4
397,Ciprofloxacin,Torrent, North Region,2025-01-17 12:00:00,2024-09-20,Gastrointestinal,135,14062.85,1898484.75,2843,Hyderabad,28,Phase 1,75.51,Approved,24,4.1,Online,India,2472220.48
398,Ibuprofen,Zydus,NORTH ,2025-01-17 13:00:00,2019-12-20,Antidiabetic,65,26173.51,1701278.15,1055,Hyderabad,5,Phase 2,94.78,Pending,42,2.9,Online,India,2668800.69
399,Amlodipine,Cipla,souTh,2025-01-17 14:00:00,2023-06-08,Gastrointestinal,715,11999.62,8579728.3,4253,Ahmedabad,35,Phase 3,74.6,Pending,57,4.3,Online,India,2309337.46
400,Azithromycin,Zydus, east,2025-01-17 15:00:00,2018-07-23,Cardiovascular,119,10271.16,1222268.04,3206,Pune,6,Phase 4,66.37,Approved,32,2.7,Hospital,India,4367874.96
401,Ibuprofen,Zydus,west region,2025-01-17 16:00:00,2016-03-09,Vaccine,250,1444.37,361092.5,2703,Pune,28,Phase 4,97.17,Approved,65,3.7,Distributor,India,848266.97
402,Paracetamol,Biocon,Central,2025-01-17 17:00:00,2024-11-01,Cardiovascular,22,18412.49,405074.78,1252,Pune,35,Phase 3,75.63,Pending,38,2.3,Online,India,589022.8
403,Ibuprofen,Cadila,EAST,2025-01-17 18:00:00,2020-06-15,Antidiabetic,272,233.64,63550.08,4151,Ahmedabad,8,Phase 2,59.69,Rejected,25,1.7,Retail Pharmacy,India,2588139.82
404,Amlodipine,Lupin,WEST,2025-01-17 19:00:00,2022-07-07,Antibiotic,758,25365.96,19227397.68,4320,Ahmedabad,34,Phase 2,53.58,Approved,79,2.1,Distributor,India,4653488.19
405,Azithromycin,Dr. Reddy's, east,2025-01-17 20:00:00,2017-07-01,Vaccine,642,28714.24,18434542.08,2976,Hyderabad,21,Phase 3,93.59,Rejected,88,4.7,Hospital,India,3593678.41
406,Metformin,Dr. Reddy's,SOUTH,2025-01-17 21:00:00,2019-09-08,Cardiovascular,873,9480.46,8276441.579999999,2315,Ahmedabad,15,Phase 4,74.05,Rejected,79,3.1,Hospital,India,938548.65
407,Omeprazole,Lupin,south ,2025-01-17 22:00:00,2023-08-30,Antibiotic,865,37565.89,32494494.85,2272,Ahmedabad,30,Phase 4,52.38,Pending,10,4.7,Online,India,574320.79
408,Ibuprofen,Biocon,West ,2025-01-17 23:00:00,2018-11-04,Antibiotic,847,6221.42,5269542.74,3466,Ahmedabad,47,Phase 2,96.56,Approved,58,4.7,Online,India,273944.59
409,Paracetamol,Aurobindo, east,2025-01-18 00:00:00,2019-02-05,Vaccine,720,2268.35,1633212.0,3110,Pune,32,Phase 4,95.44,Rejected,47,1.7,Distributor,India,1011325.12
410,Ciprofloxacin,Glenmark,south ,2025-01-18 01:00:00,2022-04-11,Analgesic,503,39175.58,19705316.74,4632,Pune,38,Phase 3,72.37,Rejected,89,3.2,Online,India,770796.74
411,Azithromycin,Dr. Reddy's,Central,2025-01-18 02:00:00,2019-11-24,Antidiabetic,323,9835.49,3176863.27,3583,Pune,22,Phase 1,91.7,Pending,85,1.2,Distributor,India,4955795.13
412,Omeprazole,Cipla,south ,2025-01-18 03:00:00,2020-09-11,Analgesic,81,10659.53,863421.93,3556,Bangalore,38,Phase 3,89.84,Pending,26,1.9,Online,India,3013907.16
413,Metformin,Glenmark,west region,2025-01-18 04:00:00,2017-04-11,Gastrointestinal,87,25531.21,2221215.27,3469,Mumbai,33,Phase 2,97.73,Approved,53,3.0,Hospital,India,4061973.28
414,Amlodipine,Sun Pharma,north,2025-01-18 05:00:00,2021-07-18,Analgesic,930,31105.68,28928282.4,4981,Bangalore,38,Phase 2,69.84,Pending,14,4.2,Retail Pharmacy,India,3748911.26
415,Paracetamol,Biocon,SOUTH,2025-01-18 06:00:00,2017-12-12,Analgesic,916,33807.57,30967734.12,4913,Hyderabad,7,Phase 2,80.83,Approved,13,4.0,Online,India,2194821.89
416,Ciprofloxacin,Lupin,north,2025-01-18 07:00:00,2015-07-18,Cardiovascular,363,16759.92,6083850.959999999,4455,Mumbai,41,Phase 1,66.35,Pending,26,1.7,Hospital,India,3306839.66
417,Metformin,Sun Pharma,north,2025-01-18 08:00:00,2024-11-27,Vaccine,739,14061.39,10391367.21,4121,Bangalore,46,Phase 4,76.37,Approved,32,4.3,Online,India,3225664.57
418,Losartan,Glenmark,EAST,2025-01-18 09:00:00,2024-05-27,Vaccine,77,22023.71,1695825.67,2132,Ahmedabad,5,Phase 1,65.2,Approved,88,2.4,Distributor,India,1198199.75
419,Losartan,Cipla,north,2025-01-18 10:00:00,2024-04-05,Gastrointestinal,283,13975.24,3954992.92,4572,Bangalore,28,Phase 2,99.35,Rejected,92,2.3,Distributor,India,4780551.51
420,Ibuprofen,Torrent,NORTH ,2025-01-18 11:00:00,2019-05-21,Antidiabetic,192,25164.22,4831530.24,1108,Mumbai,40,Phase 3,65.9,Rejected,65,2.5,Online,India,451836.91
421,Paracetamol,Sun Pharma,EAST,2025-01-18 12:00:00,2024-01-21,Cardiovascular,569,33425.91,19019342.790000003,2700,Pune,49,Phase 1,58.05,Rejected,86,2.7,Retail Pharmacy,India,99479.76
422,Metformin,Dr. Reddy's,Central,2025-01-18 13:00:00,2015-01-03,Antibiotic,629,35888.55,22573897.950000003,1926,Pune,13,Phase 3,89.98,Rejected,64,4.8,Retail Pharmacy,India,3102214.62
423,Losartan,Torrent,East Zone,2025-01-18 14:00:00,2017-09-14,Analgesic,460,27128.82,12479257.2,2563,Bangalore,9,Phase 2,84.68,Approved,71,1.2,Retail Pharmacy,India,426051.84
424,Azithromycin,Cipla,north,2025-01-18 15:00:00,2015-05-10,Analgesic,751,17369.94,13044824.94,3701,Bangalore,2,Phase 1,53.63,Approved,28,3.6,Hospital,India,2501581.78
425,Azithromycin,Biocon,West ,2025-01-18 16:00:00,2024-04-14,Antidiabetic,411,14086.31,5789473.41,4246,Pune,0,Phase 4,86.21,Approved,71,2.3,Distributor,India,4592895.93
426,Losartan,Sun Pharma,north,2025-01-18 17:00:00,2021-01-29,Gastrointestinal,583,31646.64,18449991.12,4423,Mumbai,1,Phase 2,56.18,Approved,94,3.2,Hospital,India,707560.84
427,Amlodipine,Torrent,West ,2025-01-18 18:00:00,2016-12-20,Gastrointestinal,147,30486.83,4481564.010000001,3023,Bangalore,44,Phase 4,60.72,Pending,69,2.7,Distributor,India,3157785.93
428,,Sun Pharma,West ,2025-01-18 19:00:00,2020-11-19,Analgesic,243,4516.48,1097504.64,2272,Bangalore,19,Phase 2,53.65,Approved,90,4.6,Hospital,India,4453467.72
429,Amlodipine,Torrent,NORTH ,2025-01-18 20:00:00,2019-06-25,Analgesic,211,4733.91,998855.01,2964,Bangalore,2,Phase 3,78.28,Rejected,18,4.5,Hospital,India,3654809.29
430,Metformin,Zydus,west region,2025-01-18 21:00:00,2022-08-30,Antidiabetic,280,3949.35,1105818.0,2880,Ahmedabad,16,Phase 1,52.24,Pending,32,5.0,Online,India,3549922.39
431,Amlodipine,Sun Pharma,East Zone,2025-01-18 22:00:00,2021-08-29,Gastrointestinal,797,35665.33,28425268.01,2280,Pune,6,Phase 1,56.17,Approved,93,3.0,Retail Pharmacy,India,2817777.76
432,Ciprofloxacin,Dr. Reddy's,west region,2025-01-18 23:00:00,2016-08-22,Antibiotic,963,5580.52,5374040.760000001,1470,Ahmedabad,9,Phase 2,64.46,Pending,36,1.1,Distributor,India,1588903.08
433,Amoxicillin,Cadila,East Zone,2025-01-19 00:00:00,2022-12-19,Vaccine,535,37901.6,20277356.0,1841,Pune,27,Phase 2,64.66,Approved,56,1.2,Distributor,India,792226.76
434,Ibuprofen,Cadila,WEST,2025-01-19 01:00:00,2017-05-04,Gastrointestinal,262,3391.47,888565.1399999999,2706,Pune,4,Phase 2,82.84,Pending,31,4.7,Online,India,4211947.28
435,Amoxicillin,Sun Pharma,south ,2025-01-19 02:00:00,2017-07-22,Cardiovascular,248,39423.8,9777102.4,3654,Pune,27,Phase 3,73.94,Pending,82,3.0,Hospital,India,3072535.07
436,Azithromycin,Dr. Reddy's, east,2025-01-19 03:00:00,2017-11-30,Cardiovascular,328,16999.85,5575950.8,2921,Ahmedabad,41,Phase 2,52.88,Approved,33,2.3,Online,India,1433487.36
437,Atorvastatin,Cadila,north,2025-01-19 04:00:00,2016-10-26,Antidiabetic,798,12530.29,9999171.42,1622,Mumbai,16,Phase 4,62.66,Pending,49,2.8,Distributor,India,1468615.56
438,Azithromycin,Biocon,West ,2025-01-19 05:00:00,2020-11-24,Cardiovascular,538,38192.65,20547645.7,2121,Mumbai,13,Phase 3,63.84,Approved,13,2.5,Online,India,877792.83
439,Ibuprofen,Biocon, North Region,2025-01-19 06:00:00,2020-01-10,Gastrointestinal,305,14612.6,4456843.0,1302,Hyderabad,23,Phase 2,72.51,Pending,18,1.0,Distributor,India,3753502.98
440,Metformin,Zydus,NORTH ,2025-01-19 07:00:00,2015-12-15,Antidiabetic,260,37292.21,9695974.6,1403,Mumbai,8,Phase 4,98.01,Rejected,35,2.8,Online,India,2922715.3
441,Losartan,Sun Pharma,south ,2025-01-19 08:00:00,2019-10-11,Vaccine,613,23094.93,14157192.09,1447,Hyderabad,34,Phase 2,76.62,Approved,62,4.2,Distributor,India,2286928.49
442,Azithromycin,Dr. Reddy's,East Zone,2025-01-19 09:00:00,2017-11-29,Vaccine,404,17069.48,6896069.92,1693,Hyderabad,30,Phase 4,90.16,Approved,41,4.4,Online,India,4038057.39
443,Atorvastatin,Glenmark,west region,2025-01-19 10:00:00,2020-01-26,Cardiovascular,691,31194.59,21555461.69,1272,Ahmedabad,8,Phase 4,93.99,Rejected,99,4.9,Retail Pharmacy,India,4379868.0
444,Omeprazole,Glenmark,EAST,2025-01-19 11:00:00,2021-02-04,Vaccine,933,18575.23,17330689.59,3238,Mumbai,20,Phase 1,74.76,Approved,79,1.9,Distributor,India,4390951.73
445,Paracetamol,Glenmark,souTh,2025-01-19 12:00:00,2019-06-03,Antibiotic,908,32620.15,29619096.200000003,1216,Hyderabad,13,Phase 4,88.23,Approved,16,5.0,Retail Pharmacy,India,1556587.34
446,Amoxicillin,Cadila,south ,2025-01-19 13:00:00,2018-01-24,Analgesic,670,39940.67,26760248.9,1138,Bangalore,11,Phase 1,84.77,Rejected,20,1.1,Distributor,India,4073189.38
447,Ciprofloxacin,Dr. Reddy's,south ,2025-01-19 14:00:00,2022-06-05,Antibiotic,90,18603.53,1674317.7,3065,Bangalore,45,Phase 2,60.25,Pending,51,3.4,Hospital,India,1361878.6
448,Omeprazole,Glenmark,EAST,2025-01-19 15:00:00,2020-10-31,Gastrointestinal,503,17581.3,8843393.9,4612,Hyderabad,8,Phase 2,82.38,Pending,67,3.6,Hospital,India,4964936.67
449,Azithromycin,Glenmark,West ,2025-01-19 16:00:00,2018-03-15,Cardiovascular,839,21478.94,18020830.66,1754,Pune,31,Phase 2,61.09,Pending,39,2.5,Distributor,India,4781552.12
450,Ibuprofen,Cipla,Central,2025-01-19 17:00:00,2018-07-14,Vaccine,250,386.17,96542.5,3946,Hyderabad,19,Phase 1,82.7,Approved,51,2.6,Online,India,4189650.1
451,Amoxicillin,Lupin,Central,2025-01-19 18:00:00,2015-02-26,Antidiabetic,995,3530.17,3512519.15,3010,Mumbai,40,Phase 2,82.88,Rejected,75,1.1,Retail Pharmacy,India,1868951.37
452,Metformin,Sun Pharma,EAST,2025-01-19 19:00:00,2015-01-29,Analgesic,916,32286.12,29574085.92,1572,Pune,7,Phase 1,74.5,Pending,57,4.7,Retail Pharmacy,India,1482784.9
453,Paracetamol,Glenmark,SOUTH,2025-01-19 20:00:00,2021-10-07,Vaccine,181,15662.71,2834950.51,4173,Hyderabad,5,Phase 1,58.96,Pending,40,1.9,Hospital,India,3238310.74
454,Ciprofloxacin,Torrent,NORTH ,2025-01-19 21:00:00,2019-10-21,Antibiotic,779,24480.43,19070254.97,4833,Pune,14,Phase 3,86.57,Rejected,96,3.4,Distributor,India,4935901.06
455,Amoxicillin,Lupin,SOUTH,2025-01-19 22:00:00,2020-02-26,Analgesic,581,14674.29,8525762.49,4075,Bangalore,19,Phase 2,87.16,Rejected,75,3.5,Retail Pharmacy,India,1387941.95
456,Amlodipine,Biocon,Central,2025-01-19 23:00:00,2024-11-25,Antibiotic,577,30122.37,17380607.49,1525,Bangalore,10,Phase 1,65.15,Rejected,48,1.4,Hospital,India,1578750.23
457,Omeprazole,Sun Pharma,west region,2025-01-20 00:00:00,2018-09-06,Cardiovascular,208,1420.84,295534.72,3995,Ahmedabad,11,Phase 2,65.21,Approved,85,2.7,Retail Pharmacy,India,4111332.07
458,Amoxicillin,Dr. Reddy's,Central,2025-01-20 01:00:00,2021-08-13,Gastrointestinal,914,24095.24,22023049.360000003,3434,Ahmedabad,29,Phase 1,53.7,Pending,82,4.6,Retail Pharmacy,India,3896042.01
459,Azithromycin,Torrent,north,2025-01-20 02:00:00,2024-04-02,Analgesic,56,6352.72,355752.32,2006,Bangalore,34,Phase 3,59.13,Pending,44,1.1,Online,India,2002354.7
460,Atorvastatin,Zydus,WEST,2025-01-20 03:00:00,2021-11-05,Antibiotic,841,10054.7,8456002.700000001,1786,Ahmedabad,45,Phase 2,78.7,Pending,28,5.0,Retail Pharmacy,India,1617744.23
461,Azithromycin,Sun Pharma,WEST,2025-01-20 04:00:00,2022-06-27,Cardiovascular,353,23569.28,8319955.84,4571,Bangalore,47,Phase 4,98.95,Approved,35,4.9,Online,India,130332.04
462,Metformin,Cadila,WEST,2025-01-20 05:00:00,2023-06-17,Gastrointestinal,845,7747.17,6546358.65,3325,Mumbai,35,Phase 3,76.6,Approved,12,1.8,Retail Pharmacy,India,2057062.87
463,Azithromycin,Cipla,EAST,2025-01-20 06:00:00,2018-11-11,Analgesic,606,23706.99,14366435.94,2691,Ahmedabad,13,Phase 1,81.24,Approved,58,1.8,Distributor,India,4524698.38
464,Atorvastatin,Torrent, east,2025-01-20 07:00:00,2016-08-27,Antidiabetic,262,624.47,163611.14,4685,Ahmedabad,11,Phase 2,60.0,Pending,59,1.7,Hospital,India,4102147.5
465,,Dr. Reddy's,WEST,2025-01-20 08:00:00,2022-10-13,Antibiotic,618,233.41,144247.38,4062,Ahmedabad,38,Phase 4,77.95,Approved,96,3.7,Distributor,India,4841505.19
466,Amoxicillin,Glenmark, North Region,2025-01-20 09:00:00,2016-06-11,Antidiabetic,642,588.82,378022.44000000006,2306,Pune,42,Phase 1,66.34,Pending,20,4.2,Online,India,3390292.9
467,Omeprazole,Dr. Reddy's, east,2025-01-20 10:00:00,2015-09-07,Antidiabetic,59,22043.17,1300547.0299999998,1558,Mumbai,26,Phase 3,73.82,Rejected,59,4.8,Hospital,India,3071587.1
468,Amoxicillin,Lupin, North Region,2025-01-20 11:00:00,2020-11-18,Analgesic,377,28515.67,10750407.59,1000,Mumbai,16,Phase 2,67.8,Pending,47,3.3,Online,India,4155479.62
469,Losartan,Dr. Reddy's,NORTH ,2025-01-20 12:00:00,2020-04-18,Antibiotic,833,5310.47,4423621.51,4458,Pune,29,Phase 1,96.27,Approved,13,3.5,Distributor,India,2219655.28
470,Amoxicillin,Dr. Reddy's,West ,2025-01-20 13:00:00,2021-08-23,Antidiabetic,465,16473.03,7659958.949999999,2156,Hyderabad,38,Phase 4,84.36,Pending,60,4.7,Retail Pharmacy,India,4034143.4
471,Ibuprofen,Sun Pharma,NORTH ,2025-01-20 14:00:00,2021-05-04,Antidiabetic,508,19209.02,9758182.16,2792,Mumbai,31,Phase 2,88.23,Approved,97,4.8,Distributor,India,2982175.31
472,Atorvastatin,Biocon,Central,2025-01-20 15:00:00,2016-11-25,Analgesic,16,6563.35,105013.6,1257,Pune,32,Phase 3,72.23,Rejected,81,2.5,Online,India,3366741.24
473,Amlodipine,Biocon,NORTH ,2025-01-20 16:00:00,2015-01-01,Gastrointestinal,644,17943.38,11555536.72,4337,Bangalore,31,Phase 3,83.69,Approved,92,3.4,Retail Pharmacy,India,1494719.36
474,Ciprofloxacin,Cipla,Central,2025-01-20 17:00:00,2021-11-27,Vaccine,233,10229.89,2383564.37,4656,Pune,31,Phase 1,81.47,Pending,90,3.9,Retail Pharmacy,India,1683042.23
475,Losartan,Zydus,Central,2025-01-20 18:00:00,2015-03-05,Analgesic,280,22361.16,6261124.8,3373,Bangalore,21,Phase 4,62.52,Approved,65,3.5,Retail Pharmacy,India,4840289.6
476,Azithromycin,Lupin, east,2025-01-20 19:00:00,2017-02-08,Cardiovascular,949,25813.24,24496764.76,4653,Bangalore,43,Phase 4,87.74,Pending,26,3.1,Online,India,2325138.69
477,Paracetamol,Dr. Reddy's,west region,2025-01-20 20:00:00,2022-07-15,Vaccine,512,8342.34,4271278.08,2922,Ahmedabad,7,Phase 4,56.37,Rejected,21,5.0,Distributor,India,2873306.71
478,Azithromycin,Biocon,Central,2025-01-20 21:00:00,2015-01-31,Cardiovascular,551,203.75,112266.25,3477,Pune,33,Phase 1,95.12,Approved,83,3.2,Distributor,India,1001617.78
479,,Aurobindo, North Region,2025-01-20 22:00:00,2017-06-30,Antidiabetic,80,7357.15,588572.0,3034,Bangalore,32,Phase 2,68.81,Approved,50,3.0,Retail Pharmacy,India,3205139.96
480,Losartan,Lupin,souTh,2025-01-20 23:00:00,2018-08-23,Vaccine,494,14230.04,7029639.760000001,1012,Mumbai,5,Phase 1,93.15,Approved,17,2.6,Online,India,781234.11
481,Omeprazole,Aurobindo,Central,2025-01-21 00:00:00,2020-11-04,Analgesic,183,27624.27,5055241.41,3126,Ahmedabad,17,Phase 3,84.92,Approved,71,1.3,Distributor,India,535043.55
482,Omeprazole,Zydus, North Region,2025-01-21 01:00:00,2015-09-01,Gastrointestinal,965,36121.42,34857170.3,4743,Pune,35,Phase 4,80.38,Approved,25,3.4,Hospital,India,3858322.2
483,Paracetamol,Dr. Reddy's,WEST,2025-01-21 02:00:00,2018-02-12,Antidiabetic,683,22928.72,15660315.760000002,3588,Hyderabad,37,Phase 3,63.83,Approved,63,3.0,Online,India,3191680.15
484,Metformin,Glenmark,NORTH ,2025-01-21 03:00:00,2016-03-30,Vaccine,789,4582.59,3615663.51,3115,Mumbai,49,Phase 2,91.86,Pending,89,2.4,Retail Pharmacy,India,1396589.02
485,Amlodipine,Sun Pharma,EAST,2025-01-21 04:00:00,2024-02-12,Gastrointestinal,530,34000.78,18020413.4,3090,Mumbai,31,Phase 4,77.21,Rejected,57,1.9,Retail Pharmacy,India,1968852.47
486,Atorvastatin,Aurobindo,Central,2025-01-21 05:00:00,2021-02-11,Cardiovascular,107,6898.46,738135.22,1116,Bangalore,5,Phase 2,99.85,Rejected,92,2.3,Distributor,India,1367684.24
487,Ciprofloxacin,Lupin,Central,2025-01-21 06:00:00,2020-09-24,Gastrointestinal,898,9505.28,8535741.440000001,1729,Pune,42,Phase 4,99.62,Rejected,46,2.9,Online,India,4066463.78
488,Azithromycin,Torrent,Central,2025-01-21 07:00:00,2020-11-24,Antidiabetic,505,13706.01,6921535.05,3401,Pune,5,Phase 4,62.15,Approved,14,4.4,Retail Pharmacy,India,3667602.76
489,Amlodipine,Aurobindo,south ,2025-01-21 08:00:00,2019-10-08,Vaccine,425,26696.21,11345889.25,1867,Hyderabad,24,Phase 2,75.47,Pending,23,3.1,Distributor,India,169868.12
490,Azithromycin,Zydus,EAST,2025-01-21 09:00:00,2017-03-03,Analgesic,351,33237.44,11666341.44,1986,Hyderabad,28,Phase 3,54.66,Pending,61,2.2,Retail Pharmacy,India,3895468.2
491,Metformin,Zydus,EAST,2025-01-21 10:00:00,2018-06-23,Cardiovascular,60,20980.52,1258831.2,3952,Mumbai,28,Phase 4,85.24,Pending,39,2.1,Distributor,India,1481164.3
492,Losartan,Cadila,Central,2025-01-21 11:00:00,2017-05-12,Vaccine,613,35891.87,22001716.31,2798,Hyderabad,23,Phase 4,63.93,Approved,26,2.5,Distributor,India,3888118.24
493,Omeprazole,Biocon,Central,2025-01-21 12:00:00,2017-05-23,Vaccine,371,4497.5,1668572.5,1212,Mumbai,19,Phase 3,90.22,Pending,96,4.2,Distributor,India,1766017.46
494,Azithromycin,Cadila,Central,2025-01-21 13:00:00,2021-06-21,Cardiovascular,230,25928.32,5963513.6,3711,Ahmedabad,12,Phase 1,90.54,Approved,85,2.2,Retail Pharmacy,India,646847.32
495,Ciprofloxacin,Biocon, east,2025-01-21 14:00:00,2015-01-02,Analgesic,301,25044.74,7538466.74,1408,Hyderabad,29,Phase 1,62.93,Rejected,63,4.6,Online,India,1751462.07
496,,Sun Pharma,East Zone,2025-01-21 15:00:00,2018-12-25,Cardiovascular,602,30417.43,18311292.86,4650,Mumbai,28,Phase 1,53.59,Pending,86,1.4,Retail Pharmacy,India,4199484.23
497,Omeprazole,Cadila,East Zone,2025-01-21 16:00:00,2020-05-06,Antidiabetic,821,11923.83,9789464.43,4912,Hyderabad,11,Phase 2,50.67,Pending,42,3.0,Distributor,India,351225.65
498,Losartan,Biocon,SOUTH,2025-01-21 17:00:00,2022-06-27,Antibiotic,495,39869.96,19735630.2,3830,Pune,31,Phase 4,72.95,Pending,41,1.6,Hospital,India,4646839.6
499,Losartan,Cadila,Central,2025-01-21 18:00:00,2024-02-16,Gastrointestinal,843,23427.12,19749062.16,4508,Ahmedabad,26,Phase 3,96.29,Rejected,93,5.0,Online,India,2468523.38
500,Azithromycin,Biocon,south ,2025-01-21 19:00:00,2020-08-08,Antidiabetic,465,18625.07,8660657.55,2665,Bangalore,41,Phase 2,69.71,Rejected,61,3.2,Hospital,India,2536035.69
501,Omeprazole,Cipla,NORTH ,2025-01-21 20:00:00,2021-11-21,Vaccine,426,25923.0,11043198.0,2101,Bangalore,38,Phase 1,96.52,Pending,67,2.2,Retail Pharmacy,India,2829659.79
502,Amoxicillin,Zydus,west region,2025-01-21 21:00:00,2023-11-06,Vaccine,260,38853.45,10101897.0,2542,Hyderabad,4,Phase 4,99.39,Approved,26,3.7,Distributor,India,3819376.68
503,Losartan,Cipla,NORTH ,2025-01-21 22:00:00,2024-09-24,Gastrointestinal,882,877.82,774237.24,1923,Pune,26,Phase 2,76.51,Rejected,90,4.6,Distributor,India,3610082.41
504,Omeprazole,Zydus,south ,2025-01-21 23:00:00,2020-11-05,Analgesic,206,31907.56,6572957.36,2241,Bangalore,22,Phase 2,51.58,Rejected,65,4.9,Online,India,4751858.79
505,Ciprofloxacin,Sun Pharma,West ,2025-01-22 00:00:00,2019-05-06,Gastrointestinal,155,13494.36,2091625.8,1270,Pune,37,Phase 3,85.33,Approved,48,4.4,Online,India,1878449.99
506,Azithromycin,Zydus,East Zone,2025-01-22 01:00:00,2015-04-07,Vaccine,57,3933.27,224196.39,4853,Hyderabad,11,Phase 1,99.46,Rejected,65,3.9,Retail Pharmacy,India,962535.63
507,Amlodipine,Glenmark,East Zone,2025-01-22 02:00:00,2022-03-23,Gastrointestinal,269,2553.85,686985.65,4727,Mumbai,47,Phase 1,90.39,Pending,11,3.1,Hospital,India,1725743.62
508,Azithromycin,Aurobindo,Central,2025-01-22 03:00:00,2019-06-04,Cardiovascular,674,16951.4,11425243.6,1692,Bangalore,6,Phase 1,77.18,Pending,41,1.6,Hospital,India,489953.92
509,Amoxicillin,Zydus,souTh,2025-01-22 04:00:00,2024-05-23,Gastrointestinal,41,38058.62,1560403.4200000002,4304,Bangalore,3,Phase 4,82.77,Approved,64,2.3,Retail Pharmacy,India,850964.91
510,Losartan,Biocon,NORTH ,2025-01-22 05:00:00,2023-07-14,Analgesic,847,17770.82,15051884.54,1681,Hyderabad,3,Phase 2,99.3,Rejected,97,4.8,Online,India,947942.93
511,Paracetamol,Torrent, east,2025-01-22 06:00:00,2023-02-05,Vaccine,986,6868.45,6772291.7,1627,Bangalore,46,Phase 4,69.13,Approved,90,2.7,Hospital,India,4002990.73
512,Paracetamol,Cipla,East Zone,2025-01-22 07:00:00,2022-09-01,Antidiabetic,541,35516.75,19214561.75,2546,Mumbai,1,Phase 2,50.81,Pending,68,3.8,Online,India,1139545.91
513,Omeprazole,Cadila,west region,2025-01-22 08:00:00,2022-07-06,Antidiabetic,126,25785.27,3248944.02,3468,Mumbai,8,Phase 2,57.39,Pending,33,1.9,Distributor,India,558243.07
514,Ciprofloxacin,Cadila,Central,2025-01-22 09:00:00,2017-11-06,Analgesic,743,33403.22,24818592.46,3499,Pune,23,Phase 3,74.86,Rejected,54,2.4,Hospital,India,342531.12
515,Amlodipine,Lupin,souTh,2025-01-22 10:00:00,2015-03-22,Cardiovascular,513,18477.87,9479147.31,4634,Mumbai,42,Phase 4,72.26,Approved,72,1.3,Hospital,India,802357.24
516,Losartan,Lupin,West ,2025-01-22 11:00:00,2017-10-10,Vaccine,249,11532.11,2871495.39,4724,Mumbai,26,Phase 4,94.57,Pending,75,4.0,Hospital,India,54925.8
517,Losartan,Lupin,west region,2025-01-22 12:00:00,2019-06-01,Antibiotic,321,2291.19,735471.99,3088,Ahmedabad,17,Phase 2,74.99,Approved,11,4.8,Distributor,India,3502052.56
518,Losartan,Glenmark,EAST,2025-01-22 13:00:00,2024-02-07,Cardiovascular,866,1632.22,1413502.52,2155,Pune,37,Phase 1,77.0,Approved,74,1.9,Retail Pharmacy,India,1864973.94
519,Azithromycin,Cadila, east,2025-01-22 14:00:00,2024-08-19,Cardiovascular,593,16140.33,9571215.69,3407,Ahmedabad,38,Phase 2,62.66,Approved,39,4.0,Hospital,India,3138707.86
520,Metformin,Biocon,EAST,2025-01-22 15:00:00,2019-01-25,Antibiotic,503,30751.62,15468064.86,3329,Bangalore,16,Phase 2,82.92,Approved,62,2.7,Online,India,4064896.18
521,Azithromycin,Sun Pharma,south ,2025-01-22 16:00:00,2020-12-30,Cardiovascular,244,13930.69,3399088.3600000003,4528,Bangalore,11,Phase 1,73.1,Pending,90,1.4,Distributor,India,4909580.08
522,Azithromycin,Dr. Reddy's,WEST,2025-01-22 17:00:00,2023-11-04,Analgesic,106,406.37,43075.22,2284,Ahmedabad,9,Phase 3,77.68,Rejected,70,4.9,Online,India,1930868.02
523,Paracetamol,Biocon,north,2025-01-22 18:00:00,2017-04-22,Vaccine,804,38860.78,31244067.12,3050,Bangalore,20,Phase 2,88.59,Pending,23,1.7,Hospital,India,1706279.61
524,Atorvastatin,Lupin,souTh,2025-01-22 19:00:00,2019-09-28,Antidiabetic,671,24101.98,16172428.58,4006,Ahmedabad,15,Phase 3,53.05,Approved,89,1.7,Hospital,India,1949176.16
525,Ibuprofen,Glenmark,East Zone,2025-01-22 20:00:00,2017-09-04,Antibiotic,915,36150.24,33077469.6,1411,Hyderabad,2,Phase 1,84.65,Rejected,82,4.2,Online,India,4505646.45
526,Azithromycin,Torrent,WEST,2025-01-22 21:00:00,2017-07-20,Cardiovascular,564,30330.81,17106576.84,2087,Bangalore,32,Phase 1,65.59,Pending,95,4.6,Hospital,India,3216991.72
527,Amoxicillin,Dr. Reddy's,Central,2025-01-22 22:00:00,2021-01-18,Antibiotic,176,14262.78,2510249.2800000003,1529,Pune,34,Phase 1,78.96,Approved,32,3.3,Online,India,3041075.62
528,Omeprazole,Dr. Reddy's,SOUTH,2025-01-22 23:00:00,2018-02-27,Cardiovascular,823,16155.48,13295960.04,4272,Ahmedabad,47,Phase 2,89.64,Rejected,42,2.2,Retail Pharmacy,India,4577115.87
529,Paracetamol,Cipla,Central,2025-01-23 00:00:00,2019-07-24,Analgesic,486,32988.01,16032172.86,3379,Mumbai,0,Phase 1,97.54,Rejected,50,4.6,Online,India,1434136.95
530,Amoxicillin,Sun Pharma,EAST,2025-01-23 01:00:00,2016-10-30,Analgesic,478,6779.93,3240806.54,3868,Hyderabad,14,Phase 2,98.98,Approved,24,1.7,Distributor,India,4649479.94
531,Amoxicillin,Lupin,Central,2025-01-23 02:00:00,2024-10-15,Antidiabetic,839,28099.69,23575639.91,1426,Hyderabad,34,Phase 3,64.12,Pending,16,4.0,Hospital,India,1348730.98
532,Amoxicillin,Glenmark,Central,2025-01-23 03:00:00,2018-10-21,Antibiotic,439,32688.95,14350449.05,4436,Mumbai,19,Phase 4,67.61,Approved,21,3.7,Online,India,4234269.33
533,Azithromycin,Lupin,west region,2025-01-23 04:00:00,2020-09-28,Analgesic,297,12246.39,3637177.83,3518,Bangalore,25,Phase 3,85.08,Pending,85,1.8,Hospital,India,1720319.28
534,Losartan,Torrent,EAST,2025-01-23 05:00:00,2023-03-10,Antibiotic,356,30613.22,10898306.32,4175,Ahmedabad,0,Phase 2,97.12,Rejected,88,2.6,Distributor,India,166295.91
535,Omeprazole,Cadila,SOUTH,2025-01-23 06:00:00,2019-06-02,Gastrointestinal,810,24202.22,19603798.2,2474,Hyderabad,47,Phase 2,63.05,Pending,22,1.8,Hospital,India,3850574.58
536,Amoxicillin,Cadila,Central,2025-01-23 07:00:00,2018-12-22,Analgesic,734,38185.92,28028465.28,4654,Hyderabad,0,Phase 2,86.19,Approved,43,4.3,Distributor,India,857702.09
537,Atorvastatin,Dr. Reddy's, North Region,2025-01-23 08:00:00,2021-05-18,Gastrointestinal,273,13376.08,3651669.84,1365,Pune,20,Phase 2,62.29,Pending,58,1.4,Distributor,India,2223899.1
538,Azithromycin,Aurobindo,WEST,2025-01-23 09:00:00,2015-09-17,Gastrointestinal,561,17318.68,9715779.48,3726,Bangalore,12,Phase 4,93.97,Pending,78,3.6,Retail Pharmacy,India,1617457.99
539,Atorvastatin,Glenmark,Central,2025-01-23 10:00:00,2021-03-27,Antibiotic,490,21045.38,10312236.2,1483,Bangalore,8,Phase 3,73.38,Approved,94,4.0,Hospital,India,2490498.4
540,Amoxicillin,Torrent,WEST,2025-01-23 11:00:00,2015-12-02,Analgesic,814,26161.75,21295664.5,3520,Pune,36,Phase 2,78.9,Rejected,75,4.6,Distributor,India,496731.64
541,Amoxicillin,Aurobindo,south ,2025-01-23 12:00:00,2017-04-11,Antibiotic,527,38700.59,20395210.93,3895,Mumbai,39,Phase 3,98.09,Rejected,39,1.1,Online,India,4812171.22
542,Ciprofloxacin,Sun Pharma,Central,2025-01-23 13:00:00,2016-01-09,Antidiabetic,627,1030.32,646010.64,1738,Bangalore,25,Phase 3,85.49,Rejected,69,2.8,Online,India,358262.94
543,Ciprofloxacin,Cipla,West ,2025-01-23 14:00:00,2018-04-14,Gastrointestinal,251,35018.45,8789630.95,3397,Pune,47,Phase 1,73.33,Pending,99,2.1,Retail Pharmacy,India,3424400.15
544,Ciprofloxacin,Dr. Reddy's,south ,2025-01-23 15:00:00,2015-04-08,Antibiotic,699,30868.4,21577011.6,2477,Bangalore,45,Phase 3,88.04,Approved,39,1.1,Distributor,India,1535607.11
545,Omeprazole,Torrent,SOUTH,2025-01-23 16:00:00,2019-10-03,Gastrointestinal,137,38903.9,5329834.3,4661,Ahmedabad,35,Phase 3,94.77,Approved,66,3.6,Distributor,India,1681662.49
546,Atorvastatin,Lupin,NORTH ,2025-01-23 17:00:00,2018-07-25,Antibiotic,755,24602.33,18574759.15,3705,Mumbai,23,Phase 4,64.29,Rejected,90,4.3,Retail Pharmacy,India,4182848.63
547,Paracetamol,Torrent,Central,2025-01-23 18:00:00,2016-02-13,Antibiotic,219,34122.23,7472768.370000001,1339,Ahmedabad,0,Phase 2,53.24,Pending,96,3.5,Hospital,India,2802436.85
548,Azithromycin,Cadila,south ,2025-01-23 19:00:00,2021-06-11,Antidiabetic,157,32890.0,5163730.0,1291,Bangalore,20,Phase 4,81.06,Rejected,88,3.0,Hospital,India,438709.54
549,Amlodipine,Sun Pharma,NORTH ,2025-01-23 20:00:00,2017-07-10,Vaccine,995,28720.59,28576987.05,1517,Ahmedabad,29,Phase 1,86.16,Approved,62,4.0,Online,India,4038058.09
550,Ciprofloxacin,Torrent,WEST,2025-01-23 21:00:00,2018-10-19,Analgesic,508,31421.94,15962345.52,2977,Pune,27,Phase 4,95.11,Approved,19,4.4,Distributor,India,3448800.03
551,Ibuprofen,Glenmark,Central,2025-01-23 22:00:00,2017-03-14,Gastrointestinal,11,15470.53,170175.83000000002,3443,Pune,42,Phase 1,66.59,Pending,72,1.1,Retail Pharmacy,India,783824.37
552,Metformin,Biocon,EAST,2025-01-23 23:00:00,2024-01-21,Cardiovascular,110,26827.61,2951037.1,4410,Mumbai,30,Phase 2,60.63,Approved,33,2.7,Distributor,India,3500996.77
553,Amoxicillin,Sun Pharma,Central,2025-01-24 00:00:00,2017-02-05,Vaccine,456,5766.39,2629473.8400000003,3025,Mumbai,38,Phase 4,84.93,Approved,72,3.9,Online,India,1685683.16
554,Paracetamol,Torrent,Central,2025-01-24 01:00:00,2017-02-11,Antidiabetic,574,7193.92,4129310.08,2042,Hyderabad,49,Phase 3,69.62,Pending,26,2.1,Distributor,India,2278299.39
555,Ibuprofen,Cadila,Central,2025-01-24 02:00:00,2024-12-08,Antibiotic,867,4202.03,3643160.01,1303,Pune,8,Phase 1,61.39,Rejected,71,1.8,Distributor,India,1046743.25
556,Azithromycin,Dr. Reddy's,west region,2025-01-24 03:00:00,2024-01-07,Vaccine,240,25120.56,6028934.4,1183,Pune,37,Phase 2,98.53,Pending,97,1.9,Online,India,4415445.2
557,Amoxicillin,Biocon,north,2025-01-24 04:00:00,2024-05-25,Cardiovascular,469,11697.26,5486014.94,1000,Mumbai,35,Phase 1,77.93,Pending,30,2.3,Hospital,India,4162585.74
558,Azithromycin,Sun Pharma,SOUTH,2025-01-24 05:00:00,2015-02-03,Cardiovascular,586,31480.24,18447420.64,2101,Pune,25,Phase 4,96.15,Rejected,34,3.6,Retail Pharmacy,India,2432550.62
559,Ibuprofen,Biocon, east,2025-01-24 06:00:00,2021-05-23,Cardiovascular,681,38233.39,26036938.59,2824,Hyderabad,25,Phase 1,74.33,Pending,50,4.0,Online,India,4046991.0
560,Ciprofloxacin,Aurobindo,EAST,2025-01-24 07:00:00,2016-01-08,Antidiabetic,458,32597.23,14929531.34,3397,Hyderabad,39,Phase 2,72.57,Rejected,87,1.4,Retail Pharmacy,India,4349791.63
561,Ibuprofen,Sun Pharma, east,2025-01-24 08:00:00,2023-06-26,Cardiovascular,799,29911.87,23899584.13,2336,Hyderabad,41,Phase 3,86.31,Rejected,35,3.6,Hospital,India,1827379.94
562,Amoxicillin,Dr. Reddy's,EAST,2025-01-24 09:00:00,2023-02-20,Gastrointestinal,980,9795.38,9599472.4,3953,Mumbai,11,Phase 4,81.57,Approved,20,2.0,Hospital,India,351732.96
563,Omeprazole,Sun Pharma,NORTH ,2025-01-24 10:00:00,2015-07-09,Antidiabetic,329,13723.29,4514962.41,2453,Hyderabad,31,Phase 2,93.59,Approved,72,2.5,Retail Pharmacy,India,329867.5
564,Atorvastatin,Biocon,EAST,2025-01-24 11:00:00,2023-07-30,Antibiotic,523,1183.02,618719.46,2755,Bangalore,40,Phase 4,61.02,Pending,16,3.4,Hospital,India,4257977.34
565,Ciprofloxacin,Cadila,NORTH ,2025-01-24 12:00:00,2017-05-16,Gastrointestinal,976,15925.34,15543131.84,3042,Mumbai,6,Phase 2,97.68,Approved,83,1.2,Hospital,India,130079.29
566,Ibuprofen,Cadila,north,2025-01-24 13:00:00,2020-02-08,Antidiabetic,59,1445.95,85311.05,2995,Hyderabad,40,Phase 4,75.15,Approved,75,4.9,Retail Pharmacy,India,208375.67
567,Omeprazole,Dr. Reddy's, North Region,2025-01-24 14:00:00,2022-10-28,Antidiabetic,953,8236.96,7849822.879999999,2051,Hyderabad,41,Phase 3,97.03,Approved,98,4.6,Retail Pharmacy,India,865263.39
568,Metformin,Cadila,souTh,2025-01-24 15:00:00,2017-09-08,Cardiovascular,557,36261.28,20197532.96,2539,Bangalore,27,Phase 3,50.56,Rejected,74,4.4,Retail Pharmacy,India,4086496.73
569,Amoxicillin,Cipla, east,2025-01-24 16:00:00,2016-06-16,Antidiabetic,398,7392.86,2942358.28,1936,Ahmedabad,37,Phase 2,84.49,Approved,72,3.6,Distributor,India,4261682.61
570,Amoxicillin,Aurobindo,Central,2025-01-24 17:00:00,2019-08-12,Analgesic,535,20798.27,11127074.45,4010,Ahmedabad,37,Phase 1,76.13,Pending,32,4.0,Hospital,India,2050804.22
571,,Glenmark,NORTH ,2025-01-24 18:00:00,2024-03-09,Antidiabetic,937,18305.11,17151888.07,4109,Hyderabad,44,Phase 4,78.6,Pending,92,1.3,Retail Pharmacy,India,3626762.34
572,Losartan,Cadila, North Region,2025-01-24 19:00:00,2015-04-27,Antibiotic,268,36200.8,9701814.4,1571,Mumbai,37,Phase 2,52.5,Pending,26,2.1,Hospital,India,3407331.77
573,Atorvastatin,Dr. Reddy's,souTh,2025-01-24 20:00:00,2016-07-08,Antidiabetic,193,21270.45,4105196.85,1805,Ahmedabad,20,Phase 1,92.04,Rejected,25,3.5,Online,India,4557239.92
574,Ciprofloxacin,Sun Pharma,East Zone,2025-01-24 21:00:00,2019-03-06,Vaccine,881,940.52,828598.12,2672,Pune,42,Phase 3,50.86,Rejected,53,3.8,Retail Pharmacy,India,674251.73
575,Amoxicillin,Lupin, North Region,2025-01-24 22:00:00,2019-08-13,Vaccine,617,21070.04,13000214.68,4983,Bangalore,44,Phase 2,58.21,Pending,60,1.6,Online,India,4228685.45
576,Atorvastatin,Zydus,Central,2025-01-24 23:00:00,2017-01-04,Vaccine,897,22473.57,20158792.29,2190,Mumbai,3,Phase 4,77.76,Approved,88,3.3,Retail Pharmacy,India,3562818.6
577,,Sun Pharma,SOUTH,2025-01-25 00:00:00,2024-06-14,Cardiovascular,270,3657.07,987408.9,2263,Hyderabad,11,Phase 4,91.86,Rejected,30,3.2,Hospital,India,4480912.28
578,Amlodipine,Biocon,Central,2025-01-25 01:00:00,2017-01-17,Antibiotic,500,30027.46,15013730.0,1039,Bangalore,15,Phase 2,70.34,Rejected,35,4.6,Online,India,2059190.28
579,Azithromycin,Dr. Reddy's,Central,2025-01-25 02:00:00,2015-03-24,Antidiabetic,573,39519.17,22644484.41,1793,Bangalore,45,Phase 4,88.41,Approved,77,2.9,Distributor,India,548289.66
580,Losartan,Aurobindo,Central,2025-01-25 03:00:00,2019-08-02,Vaccine,935,18881.19,17653912.65,1087,Ahmedabad,39,Phase 3,89.97,Pending,15,2.0,Online,India,3727509.82
581,Ciprofloxacin,Cipla,west region,2025-01-25 04:00:00,2022-07-18,Vaccine,220,3248.33,714632.6,4170,Bangalore,16,Phase 3,79.38,Pending,56,2.0,Retail Pharmacy,India,788833.14
582,Amoxicillin,Glenmark, North Region,2025-01-25 05:00:00,2024-05-31,Gastrointestinal,524,6382.27,3344309.4800000004,4024,Bangalore,21,Phase 1,63.57,Approved,21,1.8,Online,India,320061.95
583,Metformin,Sun Pharma,NORTH ,2025-01-25 06:00:00,2015-10-04,Antidiabetic,286,448.59,128296.74,3699,Mumbai,8,Phase 1,62.38,Pending,97,3.8,Distributor,India,2960214.72
584,,Cipla,Central,2025-01-25 07:00:00,2022-05-17,Antidiabetic,406,1229.96,499363.76,2493,Mumbai,36,Phase 4,66.41,Pending,34,5.0,Hospital,India,58262.48
585,Atorvastatin,Dr. Reddy's,West ,2025-01-25 08:00:00,2019-07-16,Vaccine,233,24840.66,5787873.78,3824,Pune,5,Phase 2,80.44,Pending,90,2.7,Online,India,2333656.7
586,,Zydus,Central,2025-01-25 09:00:00,2022-02-19,Vaccine,812,29209.28,23717935.36,4275,Hyderabad,28,Phase 2,81.14,Approved,45,4.7,Retail Pharmacy,India,1969368.37
587,Amlodipine,Sun Pharma,NORTH ,2025-01-25 10:00:00,2019-06-24,Vaccine,211,4361.54,920284.94,2267,Ahmedabad,29,Phase 3,73.31,Rejected,50,3.8,Retail Pharmacy,India,3495577.8
588,Paracetamol,Zydus,SOUTH,2025-01-25 11:00:00,2017-11-03,Vaccine,450,2517.69,1132960.5,1641,Bangalore,15,Phase 1,66.58,Approved,67,4.3,Online,India,3472850.07
589,Ibuprofen,Cipla,Central,2025-01-25 12:00:00,2019-04-25,Antibiotic,44,13759.09,605399.96,4801,Bangalore,1,Phase 3,79.55,Approved,42,3.8,Online,India,1567863.21
590,Metformin,Aurobindo,Central,2025-01-25 13:00:00,2020-08-13,Antibiotic,78,31307.82,2442009.96,2292,Ahmedabad,13,Phase 2,65.83,Approved,28,4.9,Online,India,1946768.78
591,,Biocon,Central,2025-01-25 14:00:00,2020-05-28,Antibiotic,657,2359.74,1550349.18,3156,Hyderabad,31,Phase 3,56.51,Rejected,15,4.0,Distributor,India,338958.52
592,Amlodipine,Glenmark,WEST,2025-01-25 15:00:00,2019-07-16,Cardiovascular,25,11884.79,297119.75,2774,Bangalore,4,Phase 3,67.59,Pending,68,2.1,Retail Pharmacy,India,4050689.67
593,Omeprazole,Sun Pharma,south ,2025-01-25 16:00:00,2015-11-15,Vaccine,40,38245.86,1529834.4,4316,Hyderabad,36,Phase 1,77.94,Pending,87,4.1,Distributor,India,3659770.95
594,Ibuprofen,Biocon,NORTH ,2025-01-25 17:00:00,2015-10-12,Antidiabetic,881,38309.93,33751048.33,3725,Mumbai,36,Phase 4,94.68,Approved,80,1.9,Retail Pharmacy,India,4692926.67
595,Losartan,Cadila,NORTH ,2025-01-25 18:00:00,2023-03-25,Vaccine,194,14696.91,2851200.54,2356,Bangalore,45,Phase 3,51.0,Approved,28,1.7,Retail Pharmacy,India,839038.19
596,Atorvastatin,Glenmark, North Region,2025-01-25 19:00:00,2023-06-29,Analgesic,670,12520.46,8388708.2,3917,Mumbai,4,Phase 2,63.87,Approved,69,1.4,Retail Pharmacy,India,4265255.54
597,Ibuprofen,Zydus,south ,2025-01-25 20:00:00,2022-09-15,Antibiotic,21,23524.68,494018.28,2095,Bangalore,46,Phase 1,89.82,Pending,62,4.0,Retail Pharmacy,India,2924406.49
598,Paracetamol,Cadila,Central,2025-01-25 21:00:00,2024-08-27,Analgesic,253,18623.75,4711808.75,3311,Mumbai,8,Phase 3,54.63,Pending,89,4.9,Retail Pharmacy,India,1004704.51
599,Omeprazole,Cipla,EAST,2025-01-25 22:00:00,2022-01-09,Antibiotic,839,7254.22,6086290.58,4321,Bangalore,30,Phase 2,82.71,Rejected,80,4.6,Online,India,2508401.43
600,Omeprazole,Biocon,SOUTH,2025-01-25 23:00:00,2017-01-26,Antidiabetic,834,23236.95,19379616.3,2668,Hyderabad,11,Phase 4,83.77,Rejected,60,2.6,Online,India,2316240.46
601,Ibuprofen,Cipla,EAST,2025-01-26 00:00:00,2019-02-13,Cardiovascular,915,21767.47,19917235.05,4743,Pune,22,Phase 3,52.41,Approved,44,2.2,Hospital,India,3974467.63
602,Amlodipine,Glenmark,south ,2025-01-26 01:00:00,2020-01-25,Analgesic,931,6515.72,6066135.32,2647,Ahmedabad,20,Phase 4,83.64,Rejected,30,3.9,Online,India,4799706.27
603,Atorvastatin,Lupin,south ,2025-01-26 02:00:00,2015-11-11,Cardiovascular,311,9923.3,3086146.3,4108,Pune,2,Phase 2,52.54,Pending,71,3.5,Online,India,2157120.48
604,Azithromycin,Lupin,NORTH ,2025-01-26 03:00:00,2018-03-08,Gastrointestinal,80,963.4,77072.0,2205,Ahmedabad,47,Phase 4,81.91,Pending,83,3.0,Hospital,India,294263.54
605,Paracetamol,Dr. Reddy's,Central,2025-01-26 04:00:00,2015-08-14,Antibiotic,927,15979.9,14813367.3,4673,Mumbai,37,Phase 2,79.25,Rejected,43,2.4,Distributor,India,1689914.85
606,Omeprazole,Cipla, east,2025-01-26 05:00:00,2017-04-23,Analgesic,369,31417.61,11593098.09,2590,Ahmedabad,7,Phase 2,98.49,Pending,75,4.9,Retail Pharmacy,India,1496789.43
607,Metformin,Aurobindo,Central,2025-01-26 06:00:00,2020-09-05,Analgesic,928,32698.07,30343808.96,3393,Pune,2,Phase 4,69.57,Pending,53,4.6,Online,India,1376737.62
608,Ibuprofen,Lupin,NORTH ,2025-01-26 07:00:00,2020-12-28,Antidiabetic,713,20764.34,14804974.42,2545,Ahmedabad,19,Phase 1,67.79,Rejected,72,1.8,Hospital,India,371597.37
609,Paracetamol,Torrent,south ,2025-01-26 08:00:00,2015-01-22,Gastrointestinal,302,21679.51,6547212.02,4000,Bangalore,17,Phase 3,70.48,Rejected,41,3.0,Online,India,3105503.19
610,Amlodipine,Cadila,West ,2025-01-26 09:00:00,2015-01-18,Analgesic,279,12478.73,3481565.67,2149,Bangalore,43,Phase 1,79.23,Approved,40,1.2,Online,India,4068346.0
611,Omeprazole,Glenmark,EAST,2025-01-26 10:00:00,2023-08-11,Antibiotic,134,23336.47,3127086.98,1640,Mumbai,48,Phase 2,78.84,Approved,77,1.2,Hospital,India,511097.09
612,Atorvastatin,Sun Pharma,Central,2025-01-26 11:00:00,2020-03-22,Vaccine,11,21228.21,233510.31,1715,Bangalore,37,Phase 2,70.74,Pending,12,2.4,Online,India,4431642.07
613,Azithromycin,Zydus,west region,2025-01-26 12:00:00,2018-11-27,Analgesic,788,18201.88,14343081.44,1071,Mumbai,40,Phase 4,72.12,Rejected,38,2.4,Retail Pharmacy,India,129285.27
614,Metformin,Lupin,west region,2025-01-26 13:00:00,2019-10-25,Antibiotic,271,14607.99,3958765.29,3540,Hyderabad,7,Phase 2,88.47,Rejected,71,1.4,Distributor,India,3760007.15
615,Atorvastatin,Cipla,East Zone,2025-01-26 14:00:00,2019-04-10,Antidiabetic,707,17429.75,12322833.25,3303,Bangalore,11,Phase 2,63.79,Pending,48,3.8,Online,India,2976868.4
616,Atorvastatin,Cadila,East Zone,2025-01-26 15:00:00,2019-03-13,Vaccine,948,37262.37,35324726.760000005,2236,Pune,33,Phase 3,89.08,Rejected,95,4.7,Online,India,1921530.62
617,Metformin,Glenmark,NORTH ,2025-01-26 16:00:00,2020-05-17,Vaccine,607,27176.08,16495880.56,2113,Mumbai,4,Phase 2,64.61,Approved,30,1.7,Distributor,India,61519.17
618,Ciprofloxacin,Aurobindo,EAST,2025-01-26 17:00:00,2024-05-21,Antibiotic,543,25758.21,13986708.03,1240,Mumbai,31,Phase 3,55.03,Pending,54,1.0,Hospital,India,4262802.56
619,Losartan,Aurobindo,West ,2025-01-26 18:00:00,2023-06-11,Vaccine,196,3062.0,600152.0,1836,Pune,34,Phase 2,97.33,Pending,76,2.7,Retail Pharmacy,India,4473892.43
620,,Dr. Reddy's,WEST,2025-01-26 19:00:00,2021-11-14,Antibiotic,538,34233.35,18417542.3,2806,Bangalore,11,Phase 4,87.97,Rejected,70,2.1,Distributor,India,4030764.14
621,Ciprofloxacin,Dr. Reddy's, North Region,2025-01-26 20:00:00,2019-04-27,Analgesic,492,10345.73,5090099.16,3603,Ahmedabad,28,Phase 4,96.36,Approved,12,3.9,Retail Pharmacy,India,2574353.81
622,Ciprofloxacin,Lupin,Central,2025-01-26 21:00:00,2018-12-07,Antibiotic,392,12223.47,4791600.239999999,3305,Mumbai,32,Phase 3,60.6,Rejected,21,4.0,Retail Pharmacy,India,4562944.11
623,Amoxicillin,Sun Pharma,south ,2025-01-26 22:00:00,2019-12-28,Vaccine,173,37706.7,6523259.1,1041,Pune,14,Phase 4,58.47,Pending,97,1.3,Retail Pharmacy,India,2393942.15
624,Azithromycin,Biocon,NORTH ,2025-01-26 23:00:00,2020-04-04,Cardiovascular,734,18891.33,13866236.22,1070,Ahmedabad,32,Phase 4,72.47,Rejected,95,4.5,Online,India,3951877.7
625,Ibuprofen,Sun Pharma,East Zone,2025-01-27 00:00:00,2021-03-23,Analgesic,66,38484.98,2540008.68,4681,Hyderabad,41,Phase 3,60.22,Approved,32,1.1,Retail Pharmacy,India,3187843.3
626,Omeprazole,Cadila,West ,2025-01-27 01:00:00,2015-02-23,Antibiotic,43,4782.29,205638.47,1296,Mumbai,36,Phase 4,98.82,Rejected,98,1.3,Hospital,India,3994305.68
627,Amoxicillin,Cipla,NORTH ,2025-01-27 02:00:00,2024-03-12,Antidiabetic,829,7057.55,5850708.95,1808,Ahmedabad,41,Phase 1,85.06,Pending,95,4.6,Hospital,India,1150633.95
628,Metformin,Cadila,WEST,2025-01-27 03:00:00,2019-03-24,Vaccine,691,14621.74,10103622.34,4317,Bangalore,45,Phase 3,69.99,Approved,34,2.0,Online,India,3768048.39
629,Amlodipine,Zydus,NORTH ,2025-01-27 04:00:00,2019-01-18,Antibiotic,56,6897.25,386246.0,1357,Bangalore,12,Phase 3,83.96,Rejected,44,4.4,Distributor,India,1280967.17
630,Paracetamol,Cipla,West ,2025-01-27 05:00:00,2021-10-28,Vaccine,239,16931.12,4046537.68,1339,Mumbai,25,Phase 4,71.98,Pending,88,4.7,Retail Pharmacy,India,742261.23
631,Losartan,Cipla, east,2025-01-27 06:00:00,2021-05-22,Cardiovascular,732,17888.89,13094667.48,3306,Hyderabad,19,Phase 2,79.72,Approved,42,1.2,Retail Pharmacy,India,3686473.67
632,Omeprazole,Dr. Reddy's,Central,2025-01-27 07:00:00,2015-02-26,Vaccine,20,39264.32,785286.4,1004,Pune,27,Phase 4,88.5,Approved,46,4.5,Hospital,India,2002391.9
633,Ibuprofen,Dr. Reddy's,north,2025-01-27 08:00:00,2017-11-15,Cardiovascular,989,14996.74,14831775.86,1282,Ahmedabad,32,Phase 1,69.41,Rejected,21,2.3,Distributor,India,2326250.18
634,Azithromycin,Cipla,Central,2025-01-27 09:00:00,2024-10-04,Antibiotic,616,8067.72,4969715.5200000005,2501,Ahmedabad,29,Phase 2,77.55,Approved,10,2.6,Distributor,India,1436055.38
635,Ibuprofen,Glenmark,Central,2025-01-27 10:00:00,2020-08-21,Antidiabetic,116,5569.04,646008.64,4259,Hyderabad,35,Phase 4,67.2,Approved,52,1.8,Distributor,India,1520177.17
636,Omeprazole,Torrent,West ,2025-01-27 11:00:00,2024-01-12,Antidiabetic,706,16720.31,11804538.86,3629,Pune,29,Phase 4,70.3,Approved,63,2.0,Retail Pharmacy,India,3596876.63
637,Omeprazole,Cadila, east,2025-01-27 12:00:00,2020-09-24,Analgesic,502,24159.61,12128124.22,2079,Mumbai,49,Phase 1,74.14,Rejected,38,4.3,Distributor,India,1732336.84
638,Atorvastatin,Biocon,NORTH ,2025-01-27 13:00:00,2023-10-18,Cardiovascular,155,21644.79,3354942.45,3545,Ahmedabad,22,Phase 1,66.69,Approved,37,2.2,Distributor,India,2531443.79
639,Omeprazole,Sun Pharma,Central,2025-01-27 14:00:00,2023-09-25,Gastrointestinal,532,11546.53,6142753.96,2124,Bangalore,32,Phase 2,96.65,Rejected,73,5.0,Online,India,3070525.35
640,Ibuprofen,Aurobindo,west region,2025-01-27 15:00:00,2023-12-08,Vaccine,360,27957.95,10064862.0,2103,Mumbai,5,Phase 1,87.01,Pending,36,3.1,Distributor,India,488296.23
641,Amlodipine,Cadila,souTh,2025-01-27 16:00:00,2015-01-08,Gastrointestinal,546,31724.38,17321511.48,3438,Hyderabad,27,Phase 4,61.03,Rejected,74,2.1,Retail Pharmacy,India,3712019.85
642,Atorvastatin,Zydus, east,2025-01-27 17:00:00,2015-03-25,Antibiotic,470,25529.94,11999071.8,3793,Mumbai,49,Phase 1,94.34,Pending,20,2.0,Retail Pharmacy,India,839981.1
643,Azithromycin,Biocon,north,2025-01-27 18:00:00,2018-03-22,Vaccine,354,8902.5,3151485.0,3959,Mumbai,4,Phase 3,99.09,Rejected,80,4.5,Distributor,India,3271034.79
644,Azithromycin,Glenmark,EAST,2025-01-27 19:00:00,2017-11-18,Gastrointestinal,120,33835.2,4060224.0,1712,Bangalore,6,Phase 1,57.17,Pending,78,3.8,Hospital,India,1892703.39
645,Ibuprofen,Biocon,NORTH ,2025-01-27 20:00:00,2020-04-30,Gastrointestinal,319,23464.51,7485178.689999999,2832,Ahmedabad,37,Phase 3,90.54,Approved,87,4.9,Online,India,1712250.06
646,Losartan,Glenmark,Central,2025-01-27 21:00:00,2020-06-11,Gastrointestinal,780,2926.4,2282592.0,4871,Ahmedabad,1,Phase 2,88.46,Pending,16,4.4,Hospital,India,3883411.71
647,Paracetamol,Torrent,north,2025-01-27 22:00:00,2022-03-08,Antidiabetic,767,12372.85,9489975.95,2285,Hyderabad,41,Phase 3,94.87,Rejected,61,4.5,Retail Pharmacy,India,632401.61
648,Paracetamol,Biocon,WEST,2025-01-27 23:00:00,2015-12-21,Cardiovascular,983,37746.86,37105163.38,1359,Ahmedabad,27,Phase 3,60.12,Approved,23,1.5,Hospital,India,1881438.36
649,Ibuprofen,Cipla,Central,2025-01-28 00:00:00,2022-10-23,Antidiabetic,881,33744.06,29728516.86,4575,Ahmedabad,39,Phase 3,91.02,Approved,39,3.6,Online,India,1021580.86
650,Atorvastatin,Dr. Reddy's,East Zone,2025-01-28 01:00:00,2015-11-09,Vaccine,380,132.59,50384.2,1414,Bangalore,22,Phase 1,50.2,Rejected,71,2.1,Online,India,3264803.92
651,Amoxicillin,Glenmark,East Zone,2025-01-28 02:00:00,2015-06-30,Vaccine,166,18957.8,3146994.8,2631,Pune,49,Phase 2,65.27,Pending,84,3.3,Online,India,4601435.19
652,Omeprazole,Lupin,west region,2025-01-28 03:00:00,2021-02-03,Gastrointestinal,269,37945.03,10207213.07,2204,Mumbai,22,Phase 4,61.17,Pending,23,3.5,Distributor,India,1750367.39
653,Atorvastatin,Cipla,north,2025-01-28 04:00:00,2021-12-11,Antidiabetic,67,28502.12,1909642.04,1174,Bangalore,43,Phase 2,60.96,Pending,57,1.9,Distributor,India,939222.43
654,Omeprazole,Glenmark,NORTH ,2025-01-28 05:00:00,2021-12-19,Vaccine,282,8883.66,2505192.12,1259,Hyderabad,38,Phase 3,55.22,Rejected,56,4.2,Online,India,2478131.01
655,,Dr. Reddy's, North Region,2025-01-28 06:00:00,2023-10-21,Cardiovascular,304,13035.77,3962874.08,1581,Ahmedabad,0,Phase 2,67.05,Pending,58,2.6,Distributor,India,1158221.51
656,Ibuprofen,Sun Pharma,north,2025-01-28 07:00:00,2021-06-02,Analgesic,183,16557.61,3030042.63,2426,Hyderabad,35,Phase 3,67.53,Approved,40,1.5,Retail Pharmacy,India,4700547.81
657,Metformin,Cipla,WEST,2025-01-28 08:00:00,2018-07-26,Antibiotic,567,6249.67,3543562.89,3630,Hyderabad,21,Phase 3,56.63,Rejected,46,4.0,Retail Pharmacy,India,1491184.87
658,Losartan,Glenmark,souTh,2025-01-28 09:00:00,2021-01-08,Cardiovascular,739,32337.66,23897530.74,4493,Mumbai,14,Phase 3,59.43,Approved,87,2.9,Retail Pharmacy,India,1706833.23
659,Omeprazole,Cadila,EAST,2025-01-28 10:00:00,2020-09-24,Cardiovascular,782,10809.05,8452677.1,4815,Mumbai,16,Phase 1,64.34,Rejected,81,4.3,Online,India,3625932.72
660,Azithromycin,Sun Pharma,Central,2025-01-28 11:00:00,2016-10-27,Antidiabetic,712,1837.82,1308527.84,1606,Mumbai,44,Phase 4,63.08,Rejected,30,3.2,Retail Pharmacy,India,4966119.41
661,Atorvastatin,Dr. Reddy's,north,2025-01-28 12:00:00,2017-09-19,Antibiotic,829,22165.76,18375415.04,3460,Bangalore,20,Phase 4,81.99,Rejected,37,1.7,Retail Pharmacy,India,3901643.14
662,Paracetamol,Torrent,north,2025-01-28 13:00:00,2015-08-09,Antidiabetic,317,26488.06,8396715.02,3765,Pune,11,Phase 4,89.37,Approved,76,3.4,Online,India,2354008.38
663,Metformin,Zydus,EAST,2025-01-28 14:00:00,2022-11-19,Vaccine,531,1404.98,746044.38,4987,Ahmedabad,19,Phase 1,60.09,Approved,99,4.7,Online,India,4688122.43
664,Azithromycin,Lupin,west region,2025-01-28 15:00:00,2019-07-07,Analgesic,699,20540.61,14357886.39,4849,Bangalore,2,Phase 1,75.11,Rejected,32,1.0,Distributor,India,3056949.04
665,Omeprazole,Lupin,SOUTH,2025-01-28 16:00:00,2020-02-17,Cardiovascular,360,1654.75,595710.0,3045,Hyderabad,45,Phase 2,60.77,Pending,39,3.4,Distributor,India,1574393.77
666,Azithromycin,Cipla,west region,2025-01-28 17:00:00,2024-11-17,Antidiabetic,552,35785.31,19753491.12,1490,Mumbai,35,Phase 3,57.92,Pending,55,4.9,Online,India,3720363.98
667,Azithromycin,Lupin, east,2025-01-28 18:00:00,2020-10-17,Cardiovascular,483,2598.13,1254896.79,2859,Bangalore,43,Phase 1,63.73,Pending,87,1.9,Hospital,India,2161249.28
668,Amlodipine,Aurobindo,EAST,2025-01-28 19:00:00,2016-03-03,Cardiovascular,310,1806.1,559891.0,3281,Ahmedabad,19,Phase 1,72.29,Pending,68,3.8,Distributor,India,710195.41
669,Ibuprofen,Glenmark,East Zone,2025-01-28 20:00:00,2019-03-05,Analgesic,636,36313.82,23095589.52,3174,Hyderabad,2,Phase 2,72.85,Rejected,50,5.0,Retail Pharmacy,India,1505786.21
670,Ciprofloxacin,Torrent,north,2025-01-28 21:00:00,2018-05-01,Vaccine,481,27711.08,13329029.48,3883,Pune,5,Phase 1,78.56,Approved,85,4.7,Distributor,India,1234261.3
671,Ciprofloxacin,Lupin,SOUTH,2025-01-28 22:00:00,2022-06-05,Cardiovascular,734,33144.18,24327828.12,3968,Mumbai,4,Phase 4,57.87,Approved,82,1.6,Distributor,India,4267724.29
672,Omeprazole,Aurobindo, North Region,2025-01-28 23:00:00,2017-09-20,Antibiotic,678,30984.74,21007653.720000003,4541,Ahmedabad,2,Phase 3,72.25,Rejected,77,1.1,Retail Pharmacy,India,143903.97
673,Ciprofloxacin,Cipla,north,2025-01-29 00:00:00,2018-10-21,Antidiabetic,792,36729.34,29089637.28,1680,Bangalore,46,Phase 3,71.86,Approved,87,2.7,Distributor,India,226903.2
674,Azithromycin,Lupin,West ,2025-01-29 01:00:00,2021-01-23,Antidiabetic,719,10520.34,7564124.46,2869,Pune,25,Phase 4,97.74,Pending,78,1.8,Retail Pharmacy,India,2475455.53
675,,Lupin,East Zone,2025-01-29 02:00:00,2021-08-14,Antibiotic,408,4113.65,1678369.2,4800,Hyderabad,16,Phase 2,61.94,Pending,84,1.7,Online,India,4760107.22
676,Losartan,Zydus, North Region,2025-01-29 03:00:00,2022-05-29,Analgesic,253,39701.09,10044375.77,2963,Bangalore,3,Phase 4,78.38,Pending,97,3.7,Distributor,India,3877447.7
677,Paracetamol,Glenmark, east,2025-01-29 04:00:00,2016-06-13,Antidiabetic,551,12844.51,7077325.01,3521,Hyderabad,5,Phase 1,72.21,Pending,24,4.7,Retail Pharmacy,India,1659277.39
678,Amlodipine,Zydus,north,2025-01-29 05:00:00,2020-12-31,Antibiotic,267,27862.7,7439340.9,3718,Hyderabad,1,Phase 4,50.42,Pending,59,1.4,Hospital,India,4842858.53
679,Losartan,Torrent,west region,2025-01-29 06:00:00,2016-12-23,Analgesic,69,39683.54,2738164.26,1424,Pune,42,Phase 1,75.76,Pending,79,2.0,Retail Pharmacy,India,1255121.23
680,Metformin,Cipla,west region,2025-01-29 07:00:00,2015-10-02,Antibiotic,507,15877.17,8049725.19,1188,Ahmedabad,15,Phase 2,50.89,Rejected,18,4.2,Retail Pharmacy,India,3649173.71
681,,Cipla,East Zone,2025-01-29 08:00:00,2016-10-13,Antibiotic,869,31599.46,27459930.74,4260,Mumbai,2,Phase 4,66.86,Pending,14,1.5,Distributor,India,1572595.05
682,Azithromycin,Glenmark,WEST,2025-01-29 09:00:00,2022-06-10,Vaccine,676,1334.24,901946.24,4471,Pune,7,Phase 2,97.7,Pending,64,3.8,Distributor,India,3888391.36
683,Metformin,Biocon,SOUTH,2025-01-29 10:00:00,2023-06-11,Gastrointestinal,855,5188.28,4435979.399999999,3629,Hyderabad,11,Phase 1,87.93,Rejected,30,2.7,Hospital,India,4650045.57
684,Ciprofloxacin,Lupin,SOUTH,2025-01-29 11:00:00,2015-03-13,Antidiabetic,973,23710.25,23070073.25,1298,Mumbai,32,Phase 3,75.11,Pending,29,4.8,Retail Pharmacy,India,3305655.73
685,Losartan,Dr. Reddy's,south ,2025-01-29 12:00:00,2016-05-24,Antibiotic,718,28609.37,20541527.66,4320,Hyderabad,37,Phase 4,61.22,Rejected,88,3.2,Hospital,India,3206549.09
686,Omeprazole,Glenmark,south ,2025-01-29 13:00:00,2024-04-26,Cardiovascular,927,35131.97,32567336.19,1842,Pune,15,Phase 2,92.7,Approved,63,3.9,Distributor,India,2109513.8
687,Azithromycin,Lupin,WEST,2025-01-29 14:00:00,2020-01-03,Cardiovascular,768,18159.89,13946795.52,4425,Ahmedabad,22,Phase 4,85.18,Rejected,58,4.6,Retail Pharmacy,India,4112672.59
688,Atorvastatin,Biocon,East Zone,2025-01-29 15:00:00,2018-07-29,Antibiotic,973,23284.63,22655944.99,3601,Ahmedabad,30,Phase 1,91.16,Pending,42,4.7,Hospital,India,3910117.48
689,Omeprazole,Zydus,NORTH ,2025-01-29 16:00:00,2018-04-11,Antibiotic,878,1676.27,1471765.06,2724,Bangalore,21,Phase 1,69.29,Approved,82,4.8,Distributor,India,1139892.32
690,Atorvastatin,Cadila,WEST,2025-01-29 17:00:00,2017-12-21,Antidiabetic,17,12764.4,216994.8,3617,Pune,9,Phase 2,63.01,Rejected,75,3.6,Distributor,India,3903454.39
691,Azithromycin,Aurobindo,west region,2025-01-29 18:00:00,2024-11-21,Gastrointestinal,246,4888.46,1202561.16,4392,Bangalore,47,Phase 1,97.68,Rejected,15,3.7,Retail Pharmacy,India,3950450.66
692,Losartan,Zydus,Central,2025-01-29 19:00:00,2019-08-27,Analgesic,572,32493.08,18586041.76,1364,Ahmedabad,42,Phase 2,90.92,Pending,66,2.3,Retail Pharmacy,India,4641621.4
693,Metformin,Torrent,NORTH ,2025-01-29 20:00:00,2018-03-28,Antibiotic,267,25309.15,6757543.050000001,3248,Mumbai,25,Phase 4,58.91,Approved,87,1.9,Distributor,India,1788617.89
694,Ibuprofen,Torrent,SOUTH,2025-01-29 21:00:00,2019-01-05,Vaccine,505,37133.21,18752271.05,3874,Hyderabad,10,Phase 2,51.22,Approved,80,2.9,Distributor,India,510409.6
695,Ibuprofen,Dr. Reddy's,SOUTH,2025-01-29 22:00:00,2020-04-13,Analgesic,656,34549.83,22664688.48,2446,Pune,0,Phase 4,62.82,Rejected,95,4.4,Distributor,India,2084235.07
696,Losartan,Cadila,north,2025-01-29 23:00:00,2018-06-08,Analgesic,337,10512.82,3542820.34,3924,Bangalore,44,Phase 1,57.65,Rejected,31,1.2,Hospital,India,1953742.62
697,Metformin,Sun Pharma,north,2025-01-30 00:00:00,2015-04-01,Gastrointestinal,109,23577.09,2569902.81,4270,Pune,37,Phase 2,79.21,Rejected,55,2.7,Retail Pharmacy,India,4146250.77
698,Ciprofloxacin,Dr. Reddy's,West ,2025-01-30 01:00:00,2020-12-25,Cardiovascular,980,639.52,626729.6,2763,Ahmedabad,40,Phase 1,89.19,Rejected,37,2.1,Retail Pharmacy,India,297841.57
699,Azithromycin,Dr. Reddy's,north,2025-01-30 02:00:00,2015-02-02,Antidiabetic,861,28204.33,24283928.130000003,4298,Mumbai,13,Phase 1,82.3,Pending,87,1.7,Online,India,3588845.35
700,Losartan,Torrent, North Region,2025-01-30 03:00:00,2015-05-24,Gastrointestinal,40,14356.06,574242.4,1994,Hyderabad,20,Phase 2,90.86,Pending,21,1.4,Hospital,India,4999782.35
701,Metformin,Aurobindo,souTh,2025-01-30 04:00:00,2024-10-23,Cardiovascular,725,17276.56,12525506.000000002,1961,Hyderabad,8,Phase 1,73.52,Pending,54,4.2,Online,India,1813547.45
702,Metformin,Dr. Reddy's,SOUTH,2025-01-30 05:00:00,2019-09-27,Antibiotic,853,17050.41,14543999.73,1903,Ahmedabad,39,Phase 1,69.31,Approved,98,2.5,Hospital,India,494201.25
703,Paracetamol,Aurobindo, east,2025-01-30 06:00:00,2023-04-12,Antibiotic,142,37740.42,5359139.64,4688,Ahmedabad,48,Phase 2,87.52,Approved,24,3.2,Hospital,India,3399904.49
704,Losartan,Glenmark,SOUTH,2025-01-30 07:00:00,2020-07-17,Cardiovascular,591,33063.48,19540516.680000003,3262,Bangalore,7,Phase 2,54.99,Pending,22,3.3,Online,India,1197841.81
705,Amlodipine,Aurobindo,west region,2025-01-30 08:00:00,2022-07-16,Antibiotic,322,24835.74,7997108.28,4643,Pune,2,Phase 3,61.18,Rejected,17,4.9,Online,India,142173.47
706,Metformin,Biocon,SOUTH,2025-01-30 09:00:00,2017-11-12,Gastrointestinal,569,2608.19,1484060.11,4001,Ahmedabad,17,Phase 3,67.84,Rejected,49,1.8,Retail Pharmacy,India,3703363.64
707,Losartan,Sun Pharma,East Zone,2025-01-30 10:00:00,2021-11-16,Vaccine,180,16977.35,3055922.9999999995,1235,Hyderabad,33,Phase 3,59.22,Rejected,36,2.0,Online,India,3399813.46
708,Omeprazole,Torrent,NORTH ,2025-01-30 11:00:00,2018-10-25,Analgesic,871,19099.28,16635472.88,2858,Pune,45,Phase 2,79.87,Approved,70,4.8,Distributor,India,2323045.01
709,Ibuprofen,Cipla, east,2025-01-30 12:00:00,2023-03-29,Vaccine,998,31315.95,31253318.1,3613,Mumbai,28,Phase 2,67.55,Rejected,46,2.2,Retail Pharmacy,India,827662.98
710,Amlodipine,Torrent,Central,2025-01-30 13:00:00,2016-04-11,Cardiovascular,457,28064.04,12825266.28,4745,Pune,15,Phase 4,83.5,Rejected,97,2.9,Distributor,India,3363139.12
711,Atorvastatin,Zydus, North Region,2025-01-30 14:00:00,2016-07-06,Antibiotic,928,8033.9,7455459.199999999,1198,Bangalore,48,Phase 3,55.56,Rejected,37,3.0,Hospital,India,1730095.93
712,Amlodipine,Cipla, east,2025-01-30 15:00:00,2015-11-08,Analgesic,781,30420.41,23758340.21,2286,Pune,1,Phase 3,84.95,Rejected,68,3.0,Retail Pharmacy,India,2407126.63
713,Atorvastatin,Sun Pharma,Central,2025-01-30 16:00:00,2022-05-04,Antidiabetic,626,17118.48,10716168.48,4949,Pune,10,Phase 2,54.54,Rejected,71,4.5,Distributor,India,3720343.81
714,Atorvastatin,Aurobindo,Central,2025-01-30 17:00:00,2020-07-13,Analgesic,499,29878.45,14909346.55,4913,Pune,3,Phase 3,97.02,Rejected,80,2.2,Hospital,India,145104.75
715,Ciprofloxacin,Dr. Reddy's,Central,2025-01-30 18:00:00,2018-10-17,Antibiotic,901,15949.43,14370436.43,2896,Bangalore,40,Phase 4,94.59,Rejected,57,1.2,Distributor,India,4350729.69
716,Amoxicillin,Cadila,NORTH ,2025-01-30 19:00:00,2021-08-10,Analgesic,968,24989.66,24189990.88,2608,Bangalore,21,Phase 1,96.61,Rejected,12,2.4,Retail Pharmacy,India,4367951.28
717,Omeprazole,Biocon,West ,2025-01-30 20:00:00,2019-05-27,Gastrointestinal,850,22544.67,19162969.5,1715,Ahmedabad,5,Phase 1,83.5,Pending,20,2.9,Retail Pharmacy,India,2440006.93
718,Amlodipine,Lupin,north,2025-01-30 21:00:00,2024-08-22,Gastrointestinal,117,5181.95,606288.15,2285,Ahmedabad,24,Phase 3,76.78,Approved,13,2.9,Online,India,4512083.11
719,Amlodipine,Zydus,west region,2025-01-30 22:00:00,2023-06-30,Antidiabetic,915,29990.55,27441353.25,3364,Hyderabad,8,Phase 1,87.42,Rejected,22,3.5,Hospital,India,3178458.68
720,Metformin,Biocon,north,2025-01-30 23:00:00,2016-11-05,Gastrointestinal,661,39985.98,26430732.78,2685,Ahmedabad,8,Phase 2,60.5,Pending,86,3.0,Retail Pharmacy,India,3028105.61
721,,Sun Pharma,Central,2025-01-31 00:00:00,2022-09-01,Cardiovascular,902,18650.38,16822642.76,4051,Bangalore,47,Phase 4,57.9,Approved,17,4.7,Retail Pharmacy,India,365265.54
722,Paracetamol,Cipla,East Zone,2025-01-31 01:00:00,2021-01-20,Analgesic,369,7877.91,2906948.79,4119,Ahmedabad,19,Phase 1,83.25,Rejected,57,4.7,Retail Pharmacy,India,1843477.58
723,Ciprofloxacin,Glenmark,souTh,2025-01-31 02:00:00,2022-10-25,Antidiabetic,827,8021.37,6633672.99,2663,Mumbai,40,Phase 2,66.85,Approved,88,4.1,Distributor,India,4238471.12
724,Paracetamol,Zydus, North Region,2025-01-31 03:00:00,2024-08-28,Gastrointestinal,66,34928.93,2305309.38,2738,Pune,5,Phase 2,93.07,Approved,85,2.7,Retail Pharmacy,India,3464884.35
725,Atorvastatin,Sun Pharma,souTh,2025-01-31 04:00:00,2022-09-25,Cardiovascular,244,33987.49,8292947.56,4808,Bangalore,48,Phase 2,97.35,Approved,20,4.7,Distributor,India,4599340.31
726,Losartan,Torrent,SOUTH,2025-01-31 05:00:00,2016-09-30,Cardiovascular,284,25154.98,7144014.32,1534,Mumbai,6,Phase 4,77.25,Pending,51,4.4,Retail Pharmacy,India,2685479.4
727,Losartan,Lupin,Central,2025-01-31 06:00:00,2022-05-23,Gastrointestinal,464,16080.23,7461226.72,2693,Bangalore,24,Phase 4,61.77,Rejected,30,2.4,Distributor,India,3513704.9
728,Amlodipine,Glenmark,souTh,2025-01-31 07:00:00,2022-02-28,Analgesic,245,12326.0,3019870.0,2179,Pune,34,Phase 1,74.97,Approved,20,3.7,Distributor,India,956173.94
729,Losartan,Zydus,East Zone,2025-01-31 08:00:00,2022-11-03,Antidiabetic,567,38656.57,21918275.19,2792,Pune,28,Phase 1,78.66,Approved,46,1.5,Hospital,India,4818558.99
730,Paracetamol,Cipla,south ,2025-01-31 09:00:00,2018-06-12,Analgesic,628,6588.73,4137722.44,3926,Bangalore,17,Phase 1,59.95,Rejected,18,3.3,Online,India,4361589.27
731,Ibuprofen,Cipla,south ,2025-01-31 10:00:00,2022-05-24,Analgesic,637,9005.78,5736681.86,2938,Ahmedabad,36,Phase 1,71.16,Pending,92,3.4,Retail Pharmacy,India,1823142.69
732,Ibuprofen,Sun Pharma,north,2025-01-31 11:00:00,2016-10-10,Gastrointestinal,969,15598.47,15114917.43,1494,Mumbai,19,Phase 2,65.47,Approved,22,1.8,Distributor,India,2925379.43
733,Losartan,Cadila,NORTH ,2025-01-31 12:00:00,2023-07-21,Gastrointestinal,855,26273.01,22463423.55,3704,Bangalore,39,Phase 4,70.71,Pending,77,2.3,Retail Pharmacy,India,4883673.49
734,Omeprazole,Cadila,souTh,2025-01-31 13:00:00,2019-11-26,Vaccine,322,35237.92,11346610.24,2328,Ahmedabad,39,Phase 3,88.24,Approved,69,3.7,Distributor,India,4701958.05
735,Paracetamol,Glenmark,WEST,2025-01-31 14:00:00,2015-11-18,Vaccine,696,1621.37,1128473.52,1951,Hyderabad,19,Phase 3,95.08,Pending,94,2.1,Retail Pharmacy,India,438689.12
736,Ibuprofen,Glenmark,East Zone,2025-01-31 15:00:00,2021-01-20,Antidiabetic,25,8219.57,205489.25,1301,Hyderabad,12,Phase 3,95.15,Rejected,34,1.9,Hospital,India,651809.55
737,Ibuprofen,Aurobindo,Central,2025-01-31 16:00:00,2020-09-24,Vaccine,866,20042.84,17357099.44,1718,Pune,2,Phase 2,88.4,Pending,52,4.9,Retail Pharmacy,India,4908609.74
738,Metformin,Sun Pharma,Central,2025-01-31 17:00:00,2022-06-03,Cardiovascular,788,6935.77,5465386.760000001,3299,Bangalore,47,Phase 1,74.81,Rejected,77,2.2,Online,India,898946.68
739,Omeprazole,Lupin,west region,2025-01-31 18:00:00,2019-05-06,Antibiotic,183,3717.3,680265.9,2155,Ahmedabad,21,Phase 1,55.24,Pending,49,2.0,Hospital,India,1881794.49
740,Amlodipine,Cipla,West ,2025-01-31 19:00:00,2020-04-24,Cardiovascular,36,37018.76,1332675.36,4137,Ahmedabad,40,Phase 2,69.87,Approved,77,3.5,Retail Pharmacy,India,1791403.11
741,Paracetamol,Torrent,WEST,2025-01-31 20:00:00,2021-05-04,Antibiotic,403,15784.37,6361101.11,2364,Hyderabad,2,Phase 2,85.12,Pending,99,3.0,Online,India,2978162.93
742,Atorvastatin,Cadila,West ,2025-01-31 21:00:00,2019-04-07,Antidiabetic,928,9381.49,8706022.72,2752,Ahmedabad,29,Phase 2,59.38,Approved,81,1.1,Online,India,4115939.64
743,Paracetamol,Cadila,WEST,2025-01-31 22:00:00,2021-05-11,Antidiabetic,153,23260.96,3558926.88,3267,Mumbai,0,Phase 3,86.2,Approved,41,3.2,Online,India,855033.37
744,Atorvastatin,Zydus,SOUTH,2025-01-31 23:00:00,2016-06-20,Antidiabetic,383,20051.41,7679690.03,1690,Hyderabad,19,Phase 3,56.53,Pending,64,1.5,Hospital,India,1456130.57
745,Azithromycin,Torrent,WEST,2025-02-01 00:00:00,2019-02-11,Vaccine,944,4323.52,4081402.88,4576,Bangalore,46,Phase 1,67.1,Approved,10,2.8,Online,India,2088886.63
746,Losartan,Cipla,Central,2025-02-01 01:00:00,2022-07-06,Vaccine,289,26436.08,7640027.12,3132,Bangalore,39,Phase 1,63.84,Rejected,35,3.7,Online,India,3666381.84
747,Atorvastatin,Cipla,West ,2025-02-01 02:00:00,2022-04-22,Gastrointestinal,705,20637.2,14549226.0,1229,Hyderabad,31,Phase 2,61.91,Approved,96,4.5,Distributor,India,4470559.63
748,Losartan,Zydus,WEST,2025-02-01 03:00:00,2018-09-09,Analgesic,892,12076.97,10772657.24,1406,Mumbai,29,Phase 3,65.05,Pending,17,3.7,Hospital,India,1108475.29
749,Amoxicillin,Cipla,Central,2025-02-01 04:00:00,2023-11-12,Gastrointestinal,315,1620.26,510381.9,2017,Pune,12,Phase 2,75.84,Pending,17,3.8,Online,India,3956714.12
750,Atorvastatin,Zydus,SOUTH,2025-02-01 05:00:00,2022-12-20,Antidiabetic,908,21625.22,19635699.76,1613,Ahmedabad,13,Phase 3,52.76,Approved,80,1.7,Online,India,3201689.72
751,Metformin,Dr. Reddy's,Central,2025-02-01 06:00:00,2018-05-08,Antibiotic,601,11228.36,6748244.36,2093,Mumbai,40,Phase 2,65.56,Rejected,93,2.9,Hospital,India,3192871.29
752,Atorvastatin,Lupin,souTh,2025-02-01 07:00:00,2019-06-16,Cardiovascular,536,32927.94,17649375.84,2914,Pune,10,Phase 4,80.2,Approved,74,1.7,Hospital,India,4711682.59
753,Amlodipine,Dr. Reddy's,Central,2025-02-01 08:00:00,2016-09-11,Cardiovascular,58,35227.11,2043172.38,4069,Mumbai,19,Phase 2,79.09,Approved,49,3.9,Online,India,3297452.08
754,Azithromycin,Lupin,SOUTH,2025-02-01 09:00:00,2016-01-03,Antidiabetic,639,24223.5,15478816.5,3110,Mumbai,25,Phase 3,88.21,Rejected,91,2.5,Online,India,1094568.52
755,Ibuprofen,Biocon,EAST,2025-02-01 10:00:00,2019-09-27,Antibiotic,921,1124.14,1035332.94,2151,Hyderabad,24,Phase 4,64.54,Approved,53,4.0,Distributor,India,242042.17
756,Amlodipine,Aurobindo, North Region,2025-02-01 11:00:00,2015-12-02,Cardiovascular,950,27846.45,26454127.5,4836,Pune,9,Phase 1,68.32,Rejected,84,3.3,Hospital,India,4098499.84
757,Paracetamol,Sun Pharma,souTh,2025-02-01 12:00:00,2019-10-01,Cardiovascular,211,19044.82,4018457.02,3262,Hyderabad,37,Phase 3,67.4,Rejected,23,1.5,Distributor,India,4560523.44
758,Azithromycin,Dr. Reddy's,EAST,2025-02-01 13:00:00,2022-03-08,Analgesic,194,24327.36,4719507.84,2200,Bangalore,20,Phase 1,59.18,Rejected,81,3.2,Online,India,1159881.24
759,Azithromycin,Dr. Reddy's,Central,2025-02-01 14:00:00,2024-07-07,Gastrointestinal,304,19955.68,6066526.72,1473,Bangalore,42,Phase 3,86.53,Rejected,17,2.7,Hospital,India,2506765.23
760,Metformin,Sun Pharma,west region,2025-02-01 15:00:00,2020-12-18,Cardiovascular,60,2194.79,131687.4,1677,Hyderabad,26,Phase 1,79.19,Rejected,65,1.4,Online,India,532931.03
761,Atorvastatin,Glenmark,East Zone,2025-02-01 16:00:00,2021-04-07,Analgesic,526,29870.45,15711856.7,1467,Mumbai,39,Phase 3,86.47,Pending,58,4.0,Hospital,India,2338413.89
762,Amlodipine,Biocon,Central,2025-02-01 17:00:00,2018-07-04,Vaccine,27,10620.72,286759.44,3365,Ahmedabad,30,Phase 1,89.43,Rejected,62,4.9,Retail Pharmacy,India,1707881.16
763,Ibuprofen,Aurobindo,Central,2025-02-01 18:00:00,2015-04-23,Antibiotic,263,38579.17,10146321.71,1556,Ahmedabad,42,Phase 2,57.43,Approved,23,2.4,Distributor,India,3801726.86
764,Azithromycin,Cipla,north,2025-02-01 19:00:00,2020-03-31,Antibiotic,730,22237.89,16233659.7,1578,Hyderabad,47,Phase 1,76.32,Pending,92,4.3,Hospital,India,3363732.33
765,Ibuprofen,Dr. Reddy's,north,2025-02-01 20:00:00,2015-12-22,Gastrointestinal,692,16236.58,11235713.36,3007,Ahmedabad,30,Phase 2,75.3,Approved,17,3.4,Retail Pharmacy,India,1478774.27
766,Azithromycin,Torrent,south ,2025-02-01 21:00:00,2024-02-12,Analgesic,82,22523.81,1846952.42,3041,Pune,34,Phase 1,82.42,Pending,18,2.9,Retail Pharmacy,India,982397.91
767,Amoxicillin,Lupin,East Zone,2025-02-01 22:00:00,2017-10-02,Antibiotic,350,31646.32,11076212.0,4307,Hyderabad,31,Phase 3,59.49,Pending,48,2.0,Online,India,3014892.62
768,Paracetamol,Zydus,Central,2025-02-01 23:00:00,2015-02-19,Antidiabetic,497,17726.05,8809846.85,1877,Pune,33,Phase 2,83.94,Approved,94,4.7,Hospital,India,4310672.72
769,Ibuprofen,Cadila,west region,2025-02-02 00:00:00,2019-12-28,Antidiabetic,972,22099.9,21481102.8,1289,Hyderabad,21,Phase 4,50.53,Pending,27,3.3,Retail Pharmacy,India,3384606.53
770,Metformin,Aurobindo, east,2025-02-02 01:00:00,2020-08-30,Cardiovascular,681,21664.37,14753435.97,4975,Pune,15,Phase 3,75.77,Rejected,50,4.6,Hospital,India,1270863.49
771,Ciprofloxacin,Biocon,WEST,2025-02-02 02:00:00,2022-07-06,Vaccine,250,38433.64,9608410.0,3662,Ahmedabad,20,Phase 4,53.65,Approved,96,4.2,Hospital,India,4247650.16
772,Paracetamol,Cipla,Central,2025-02-02 03:00:00,2016-05-07,Antidiabetic,912,22093.16,20148961.92,3761,Ahmedabad,39,Phase 2,84.57,Pending,49,4.4,Retail Pharmacy,India,3053691.65
773,Paracetamol,Lupin,Central,2025-02-02 04:00:00,2024-04-20,Gastrointestinal,292,4027.22,1175948.24,4153,Pune,19,Phase 2,68.01,Approved,21,3.0,Online,India,3646862.07
774,Amlodipine,Cadila,WEST,2025-02-02 05:00:00,2022-09-04,Antibiotic,296,19224.94,5690582.239999999,2878,Ahmedabad,29,Phase 4,77.93,Pending,84,3.2,Retail Pharmacy,India,3868884.96
775,,Biocon,EAST,2025-02-02 06:00:00,2019-06-14,Antibiotic,95,138.64,13170.8,1931,Bangalore,6,Phase 3,55.34,Approved,40,2.7,Hospital,India,2869018.08
776,Azithromycin,Dr. Reddy's,East Zone,2025-02-02 07:00:00,2022-03-14,Analgesic,973,19824.77,19289501.21,4458,Hyderabad,3,Phase 4,89.32,Approved,19,3.9,Retail Pharmacy,India,2524190.5
777,Ibuprofen,Dr. Reddy's,Central,2025-02-02 08:00:00,2024-06-26,Antibiotic,405,13520.2,5475681.0,4129,Pune,14,Phase 3,97.15,Pending,73,3.1,Hospital,India,1907131.02
778,Azithromycin,Torrent,west region,2025-02-02 09:00:00,2021-10-18,Gastrointestinal,788,3395.79,2675882.52,4057,Pune,6,Phase 2,70.19,Pending,55,3.6,Retail Pharmacy,India,4530187.53
779,Atorvastatin,Biocon,south ,2025-02-02 10:00:00,2016-11-21,Antidiabetic,705,36331.44,25613665.200000003,2403,Pune,1,Phase 1,62.21,Approved,57,3.4,Hospital,India,1027425.69
780,Losartan,Torrent,East Zone,2025-02-02 11:00:00,2018-09-01,Antidiabetic,842,34365.41,28935675.220000003,3809,Bangalore,49,Phase 1,70.66,Approved,26,3.5,Retail Pharmacy,India,4362886.69
781,Ciprofloxacin,Aurobindo,EAST,2025-02-02 12:00:00,2017-04-04,Antidiabetic,408,969.34,395490.72,1635,Pune,34,Phase 1,55.07,Rejected,67,4.3,Retail Pharmacy,India,378003.6
782,Ciprofloxacin,Sun Pharma,west region,2025-02-02 13:00:00,2020-11-29,Antibiotic,54,9023.95,487293.3000000001,4913,Mumbai,8,Phase 3,95.41,Rejected,28,1.9,Hospital,India,806046.06
783,Metformin,Aurobindo, east,2025-02-02 14:00:00,2022-03-20,Gastrointestinal,138,5303.31,731856.78,4072,Pune,21,Phase 1,99.67,Rejected,66,1.5,Hospital,India,3018698.9
784,Ibuprofen,Dr. Reddy's,north,2025-02-02 15:00:00,2021-02-05,Antibiotic,801,19794.92,15855730.919999998,1394,Ahmedabad,5,Phase 2,90.92,Approved,49,3.0,Retail Pharmacy,India,561139.79
785,Ibuprofen,Aurobindo,Central,2025-02-02 16:00:00,2023-10-25,Gastrointestinal,762,18494.8,14093037.6,3068,Pune,41,Phase 3,64.27,Pending,47,1.9,Distributor,India,1997370.27
786,Ciprofloxacin,Lupin,west region,2025-02-02 17:00:00,2015-11-07,Vaccine,117,26040.54,3046743.18,2793,Pune,44,Phase 3,58.66,Rejected,21,4.0,Hospital,India,4044327.08
787,Ciprofloxacin,Cipla,EAST,2025-02-02 18:00:00,2023-04-16,Vaccine,999,25536.86,25511323.14,2330,Ahmedabad,28,Phase 3,62.88,Approved,52,3.2,Distributor,India,4741834.07
788,Ciprofloxacin,Lupin,Central,2025-02-02 19:00:00,2017-11-14,Antidiabetic,594,33038.79,19625041.26,2153,Mumbai,46,Phase 2,60.01,Pending,95,3.8,Distributor,India,4223824.91
789,Paracetamol,Dr. Reddy's, North Region,2025-02-02 20:00:00,2017-04-07,Gastrointestinal,555,11973.25,6645153.75,1700,Ahmedabad,12,Phase 2,78.08,Rejected,39,2.2,Hospital,India,503604.36
790,Atorvastatin,Cipla,south ,2025-02-02 21:00:00,2021-01-06,Analgesic,375,14409.74,5403652.5,3211,Pune,21,Phase 3,67.49,Rejected,48,2.8,Hospital,India,1797600.81
791,Losartan,Zydus,WEST,2025-02-02 22:00:00,2018-12-19,Vaccine,28,11407.87,319420.36000000004,3829,Mumbai,33,Phase 3,91.53,Rejected,61,3.0,Online,India,3543357.99
792,Omeprazole,Aurobindo,Central,2025-02-02 23:00:00,2021-12-10,Analgesic,235,35386.9,8315921.5,2849,Pune,13,Phase 2,82.23,Approved,32,2.6,Hospital,India,4934875.77
793,Paracetamol,Sun Pharma,East Zone,2025-02-03 00:00:00,2017-04-11,Antibiotic,55,31348.33,1724158.15,2412,Ahmedabad,11,Phase 4,72.25,Pending,34,1.2,Distributor,India,503870.44
794,Azithromycin,Aurobindo,East Zone,2025-02-03 01:00:00,2021-01-14,Gastrointestinal,82,8378.1,687004.2000000001,1554,Pune,29,Phase 1,68.07,Pending,13,4.4,Online,India,4266655.86
795,Azithromycin,Zydus,souTh,2025-02-03 02:00:00,2017-09-13,Cardiovascular,533,17976.19,9581309.27,1679,Bangalore,48,Phase 3,90.27,Rejected,37,2.7,Hospital,India,676568.54
796,Azithromycin,Aurobindo,SOUTH,2025-02-03 03:00:00,2015-03-25,Antidiabetic,118,21508.12,2537958.16,4372,Bangalore,41,Phase 3,72.45,Rejected,46,2.6,Distributor,India,3619897.42
797,Ciprofloxacin,Biocon,SOUTH,2025-02-03 04:00:00,2019-11-23,Gastrointestinal,183,26056.24,4768291.92,3989,Bangalore,27,Phase 3,61.0,Pending,35,3.3,Hospital,India,1082883.25
798,Paracetamol,Torrent,EAST,2025-02-03 05:00:00,2021-10-09,Antibiotic,118,38670.28,4563093.04,1768,Hyderabad,2,Phase 1,60.75,Pending,30,3.5,Retail Pharmacy,India,3546026.19
799,Ibuprofen,Sun Pharma,NORTH ,2025-02-03 06:00:00,2017-06-10,Gastrointestinal,872,6111.9,5329576.8,2292,Pune,48,Phase 1,92.53,Pending,85,3.4,Hospital,India,3373851.09
800,Omeprazole,Glenmark,south ,2025-02-03 07:00:00,2024-02-17,Vaccine,363,4907.65,1781476.95,3057,Mumbai,25,Phase 1,63.76,Pending,17,1.2,Retail Pharmacy,India,3416469.92
801,Amoxicillin,Torrent,SOUTH,2025-02-03 08:00:00,2017-04-03,Antibiotic,916,27791.09,25456638.44,2133,Bangalore,42,Phase 3,66.63,Approved,57,3.5,Online,India,1278049.23
802,Metformin,Biocon, east,2025-02-03 09:00:00,2017-05-28,Antidiabetic,903,747.06,674595.1799999999,1419,Pune,34,Phase 2,96.28,Rejected,17,1.4,Hospital,India,4500277.19
803,Ibuprofen,Cadila,south ,2025-02-03 10:00:00,2022-04-30,Cardiovascular,74,4341.86,321297.64,4954,Bangalore,17,Phase 3,57.54,Rejected,78,1.7,Distributor,India,1383518.51
804,Azithromycin,Zydus,north,2025-02-03 11:00:00,2016-05-07,Cardiovascular,432,30610.32,13223658.24,2613,Mumbai,14,Phase 2,60.35,Rejected,57,3.3,Retail Pharmacy,India,261753.54
805,Amoxicillin,Aurobindo,Central,2025-02-03 12:00:00,2022-08-28,Antidiabetic,782,24334.88,19029876.16,2245,Bangalore,1,Phase 3,87.59,Pending,91,4.4,Distributor,India,2822910.82
806,Amlodipine,Aurobindo,Central,2025-02-03 13:00:00,2024-04-24,Vaccine,606,3906.53,2367357.18,1613,Pune,14,Phase 4,71.05,Approved,55,2.0,Online,India,4113317.09
807,Azithromycin,Glenmark, North Region,2025-02-03 14:00:00,2022-08-07,Gastrointestinal,374,1407.06,526240.44,3448,Mumbai,12,Phase 4,81.77,Pending,92,4.0,Hospital,India,4237569.58
808,Losartan,Biocon, North Region,2025-02-03 15:00:00,2018-08-08,Vaccine,224,31192.29,6987072.96,4181,Ahmedabad,42,Phase 1,85.14,Rejected,22,4.9,Hospital,India,2882602.04
809,Paracetamol,Cadila,EAST,2025-02-03 16:00:00,2021-04-24,Cardiovascular,710,37448.76,26588619.6,4225,Bangalore,31,Phase 1,55.43,Rejected,70,2.0,Online,India,56177.02
810,Omeprazole,Cipla, east,2025-02-03 17:00:00,2022-02-13,Analgesic,620,3719.09,2305835.8000000003,3892,Ahmedabad,18,Phase 4,92.62,Pending,42,2.6,Distributor,India,855427.72
811,Atorvastatin,Cipla,souTh,2025-02-03 18:00:00,2024-02-06,Cardiovascular,980,8397.9,8229942.0,4876,Hyderabad,7,Phase 2,54.58,Approved,56,3.4,Distributor,India,3187634.43
812,Amoxicillin,Dr. Reddy's,SOUTH,2025-02-03 19:00:00,2015-05-04,Analgesic,303,23248.15,7044189.45,4997,Ahmedabad,3,Phase 4,94.78,Pending,64,3.3,Distributor,India,2212786.44
813,Atorvastatin,Cadila,NORTH ,2025-02-03 20:00:00,2022-06-25,Gastrointestinal,499,26065.7,13006784.3,3160,Bangalore,26,Phase 3,64.09,Pending,56,1.3,Hospital,India,4398997.45
814,Ciprofloxacin,Biocon, North Region,2025-02-03 21:00:00,2022-08-16,Vaccine,927,38154.87,35369564.49,2681,Bangalore,30,Phase 4,58.32,Pending,39,3.8,Retail Pharmacy,India,3462671.48
815,Amlodipine,Lupin,East Zone,2025-02-03 22:00:00,2024-09-15,Antibiotic,612,30190.63,18476665.56,2883,Bangalore,26,Phase 2,67.94,Pending,70,1.5,Distributor,India,170500.35
816,Amoxicillin,Torrent,WEST,2025-02-03 23:00:00,2019-03-24,Cardiovascular,702,24017.03,16859955.06,3507,Pune,12,Phase 4,52.56,Rejected,56,3.7,Online,India,3359073.63
817,Paracetamol,Aurobindo,west region,2025-02-04 00:00:00,2024-03-23,Vaccine,306,31423.13,9615477.78,4398,Ahmedabad,15,Phase 4,59.34,Rejected,66,4.1,Hospital,India,2142508.8
818,Amlodipine,Cipla,west region,2025-02-04 01:00:00,2023-09-27,Cardiovascular,17,11018.66,187317.22,4686,Ahmedabad,18,Phase 4,65.31,Rejected,45,2.0,Retail Pharmacy,India,646471.56
819,Omeprazole,Zydus,SOUTH,2025-02-04 02:00:00,2024-11-05,Gastrointestinal,467,21600.56,10087461.52,3691,Ahmedabad,0,Phase 4,73.48,Pending,28,1.1,Online,India,1437452.59
820,Azithromycin,Dr. Reddy's,WEST,2025-02-04 03:00:00,2021-04-12,Antibiotic,608,38213.71,23233935.68,4130,Pune,34,Phase 2,61.55,Rejected,77,3.7,Retail Pharmacy,India,3896961.17
821,Ibuprofen,Sun Pharma,EAST,2025-02-04 04:00:00,2019-01-27,Gastrointestinal,271,27435.24,7434950.04,3448,Bangalore,40,Phase 3,83.63,Rejected,70,3.2,Distributor,India,3071917.3
822,Amoxicillin,Sun Pharma,Central,2025-02-04 05:00:00,2020-04-19,Gastrointestinal,723,4809.16,3477022.68,3977,Pune,15,Phase 1,53.23,Approved,22,1.9,Distributor,India,2773440.87
823,Losartan,Cipla,West ,2025-02-04 06:00:00,2020-10-07,Antibiotic,498,9954.99,4957585.02,1225,Pune,3,Phase 3,63.16,Rejected,29,4.5,Retail Pharmacy,India,2998751.5
824,Ciprofloxacin,Aurobindo, east,2025-02-04 07:00:00,2016-09-26,Antibiotic,596,22120.08,13183567.680000002,3582,Bangalore,45,Phase 1,75.99,Rejected,49,2.8,Hospital,India,2480955.37
825,Ciprofloxacin,Sun Pharma, east,2025-02-04 08:00:00,2019-03-10,Analgesic,445,39500.65,17577789.25,1050,Bangalore,12,Phase 4,58.74,Approved,13,2.7,Distributor,India,2044477.5
826,Omeprazole,Cadila, North Region,2025-02-04 09:00:00,2018-05-11,Antibiotic,257,12850.71,3302632.47,4278,Ahmedabad,29,Phase 4,69.86,Pending,67,3.0,Online,India,1979588.36
827,Ciprofloxacin,Dr. Reddy's,Central,2025-02-04 10:00:00,2015-11-29,Analgesic,136,34979.33,4757188.88,1505,Hyderabad,20,Phase 1,72.34,Rejected,55,3.5,Hospital,India,661653.79
828,Atorvastatin,Lupin,East Zone,2025-02-04 11:00:00,2018-05-26,Analgesic,529,6513.29,3445530.41,4293,Mumbai,40,Phase 1,52.45,Rejected,56,4.0,Retail Pharmacy,India,3991624.6
829,Ibuprofen,Sun Pharma,north,2025-02-04 12:00:00,2016-09-15,Analgesic,540,29906.92,16149736.8,2997,Mumbai,21,Phase 4,85.16,Rejected,67,2.0,Retail Pharmacy,India,398628.08
830,Ciprofloxacin,Aurobindo,north,2025-02-04 13:00:00,2018-01-05,Antidiabetic,271,513.73,139220.83000000002,1374,Mumbai,14,Phase 3,66.96,Approved,71,3.2,Online,India,1308555.74
831,Ciprofloxacin,Lupin,SOUTH,2025-02-04 14:00:00,2016-04-25,Vaccine,812,3421.03,2777876.3600000003,4590,Bangalore,29,Phase 2,89.13,Pending,93,4.5,Retail Pharmacy,India,3199371.96
832,Amlodipine,Glenmark,west region,2025-02-04 15:00:00,2020-02-26,Analgesic,380,33842.2,12860035.999999998,1052,Bangalore,33,Phase 2,93.5,Approved,71,4.7,Retail Pharmacy,India,4242638.32
833,Paracetamol,Sun Pharma,south ,2025-02-04 16:00:00,2023-07-31,Gastrointestinal,455,36413.13,16567974.15,4781,Pune,0,Phase 3,81.49,Rejected,85,3.6,Hospital,India,2669174.62
834,Amoxicillin,Cipla,west region,2025-02-04 17:00:00,2024-12-30,Cardiovascular,92,23181.08,2132659.3600000003,4294,Bangalore,27,Phase 1,76.62,Rejected,16,2.2,Retail Pharmacy,India,3266818.03
835,Amoxicillin,Biocon,south ,2025-02-04 18:00:00,2016-04-15,Gastrointestinal,916,19286.86,17666763.76,3529,Hyderabad,1,Phase 1,95.98,Pending,39,4.7,Online,India,3632250.13
836,Paracetamol,Torrent,West ,2025-02-04 19:00:00,2018-08-03,Cardiovascular,935,24860.04,23244137.4,1814,Pune,6,Phase 1,53.21,Pending,45,3.1,Online,India,4670707.83
837,Omeprazole,Cipla, east,2025-02-04 20:00:00,2023-12-07,Cardiovascular,741,29334.57,21736916.37,3992,Ahmedabad,2,Phase 2,98.77,Rejected,17,2.1,Hospital,India,2209161.69
838,Ibuprofen,Sun Pharma,East Zone,2025-02-04 21:00:00,2016-10-16,Cardiovascular,620,15405.74,9551558.8,1524,Pune,22,Phase 3,93.8,Pending,17,4.2,Retail Pharmacy,India,3865898.08
839,Metformin,Sun Pharma,Central,2025-02-04 22:00:00,2015-09-17,Vaccine,81,13107.8,1061731.8,2292,Ahmedabad,31,Phase 2,67.6,Rejected,43,3.7,Online,India,4148046.54
840,Losartan,Zydus, North Region,2025-02-04 23:00:00,2016-06-21,Gastrointestinal,480,11642.28,5588294.4,3395,Pune,31,Phase 1,58.5,Rejected,35,4.7,Retail Pharmacy,India,4252788.06
841,Ciprofloxacin,Torrent,West ,2025-02-05 00:00:00,2022-10-05,Antidiabetic,468,35913.64,16807583.52,3262,Pune,6,Phase 3,93.41,Approved,85,4.3,Online,India,4957353.07
842,Atorvastatin,Lupin,East Zone,2025-02-05 01:00:00,2022-09-03,Vaccine,259,37236.21,9644178.39,3023,Ahmedabad,47,Phase 4,65.15,Pending,89,1.1,Online,India,3954299.27
843,Ibuprofen,Zydus,souTh,2025-02-05 02:00:00,2015-06-07,Cardiovascular,938,29390.61,27568392.18,2805,Mumbai,23,Phase 3,91.62,Approved,57,2.3,Distributor,India,459463.07
844,Amoxicillin,Torrent,Central,2025-02-05 03:00:00,2019-06-24,Antibiotic,413,15028.15,6206625.95,2540,Bangalore,32,Phase 3,84.22,Approved,71,4.3,Online,India,4831703.41
845,Losartan,Sun Pharma,EAST,2025-02-05 04:00:00,2022-02-14,Gastrointestinal,844,1398.34,1180198.96,3692,Pune,14,Phase 2,60.51,Approved,26,3.1,Distributor,India,1561512.95
846,Ciprofloxacin,Biocon,souTh,2025-02-05 05:00:00,2021-02-10,Analgesic,804,18848.82,15154451.28,2156,Pune,20,Phase 1,66.2,Approved,78,1.7,Retail Pharmacy,India,2669136.37
847,Ciprofloxacin,Torrent,East Zone,2025-02-05 06:00:00,2023-07-08,Cardiovascular,932,30478.53,28405989.96,4858,Hyderabad,37,Phase 2,92.46,Pending,48,2.1,Online,India,2158926.51
848,Amlodipine,Cipla,Central,2025-02-05 07:00:00,2017-05-20,Cardiovascular,585,36400.04,21294023.4,3628,Hyderabad,0,Phase 1,70.81,Pending,40,4.4,Retail Pharmacy,India,4698488.68
849,Paracetamol,Dr. Reddy's, North Region,2025-02-05 08:00:00,2020-08-03,Cardiovascular,763,30040.09,22920588.67,2191,Pune,16,Phase 4,82.87,Rejected,28,4.2,Hospital,India,4017004.63
850,Amlodipine,Cadila,West ,2025-02-05 09:00:00,2017-03-09,Gastrointestinal,60,29030.16,1741809.6,2876,Bangalore,1,Phase 1,85.89,Rejected,79,2.2,Hospital,India,2612681.5
851,Losartan,Cipla,NORTH ,2025-02-05 10:00:00,2015-05-11,Cardiovascular,874,22919.08,20031275.92,4505,Ahmedabad,40,Phase 4,59.68,Rejected,70,3.0,Online,India,2983193.48
852,Ciprofloxacin,Biocon,Central,2025-02-05 11:00:00,2015-12-10,Cardiovascular,19,3244.33,61642.27,3090,Mumbai,17,Phase 1,54.63,Rejected,96,3.8,Hospital,India,4501592.34
853,Amoxicillin,Dr. Reddy's,East Zone,2025-02-05 12:00:00,2016-10-13,Antidiabetic,845,38346.75,32403003.75,3101,Mumbai,27,Phase 4,71.94,Rejected,79,1.6,Distributor,India,1698442.89
854,Paracetamol,Biocon,souTh,2025-02-05 13:00:00,2024-01-25,Antibiotic,207,23861.59,4939349.13,4192,Hyderabad,39,Phase 2,63.34,Pending,60,4.6,Retail Pharmacy,India,386687.08
855,Azithromycin,Dr. Reddy's,WEST,2025-02-05 14:00:00,2019-12-11,Vaccine,907,25842.39,23439047.73,4446,Bangalore,0,Phase 3,76.54,Pending,89,2.0,Online,India,338413.68
856,Paracetamol,Torrent,WEST,2025-02-05 15:00:00,2018-12-15,Analgesic,955,15378.1,14686085.5,2406,Pune,13,Phase 3,98.46,Approved,43,4.6,Retail Pharmacy,India,4222650.97
857,Amoxicillin,Aurobindo,Central,2025-02-05 16:00:00,2022-07-27,Vaccine,245,11350.49,2780870.05,1039,Bangalore,16,Phase 1,93.08,Approved,47,2.1,Retail Pharmacy,India,341119.13
858,Metformin,Sun Pharma,south ,2025-02-05 17:00:00,2021-09-03,Cardiovascular,365,3587.45,1309419.25,1839,Mumbai,14,Phase 1,51.86,Approved,56,2.8,Distributor,India,2366775.88
859,Atorvastatin,Dr. Reddy's,Central,2025-02-05 18:00:00,2020-10-05,Analgesic,799,36750.6,29363729.4,4012,Ahmedabad,16,Phase 3,68.44,Rejected,98,2.1,Distributor,India,414041.23
860,Ciprofloxacin,Zydus,WEST,2025-02-05 19:00:00,2018-05-16,Gastrointestinal,632,38149.65,24110578.8,1073,Ahmedabad,37,Phase 1,93.45,Pending,53,1.5,Retail Pharmacy,India,4338289.52
861,Atorvastatin,Cadila,south ,2025-02-05 20:00:00,2020-08-26,Antidiabetic,441,29086.4,12827102.4,2985,Pune,49,Phase 2,86.6,Rejected,46,4.4,Retail Pharmacy,India,1167824.32
862,Omeprazole,Lupin,East Zone,2025-02-05 21:00:00,2019-04-22,Vaccine,165,10124.15,1670484.75,4302,Mumbai,10,Phase 2,78.96,Pending,81,2.8,Distributor,India,3280942.8
863,Ibuprofen,Glenmark,WEST,2025-02-05 22:00:00,2024-09-12,Analgesic,330,27373.68,9033314.4,4912,Pune,3,Phase 2,90.46,Pending,92,2.7,Distributor,India,1993940.68
864,Amlodipine,Cipla,west region,2025-02-05 23:00:00,2020-05-30,Gastrointestinal,985,5317.67,5237904.95,2665,Bangalore,7,Phase 4,92.79,Rejected,26,2.5,Hospital,India,4203544.63
865,Losartan,Aurobindo,WEST,2025-02-06 00:00:00,2019-02-27,Antibiotic,572,9318.24,5330033.28,2488,Ahmedabad,37,Phase 1,77.37,Pending,44,4.3,Distributor,India,3267758.82
866,Amoxicillin,Dr. Reddy's,Central,2025-02-06 01:00:00,2019-03-28,Gastrointestinal,615,12310.2,7570773.0,1742,Ahmedabad,26,Phase 4,64.72,Rejected,33,4.2,Distributor,India,1206517.01
867,Atorvastatin,Dr. Reddy's, east,2025-02-06 02:00:00,2019-04-29,Cardiovascular,832,23938.51,19916840.32,1436,Bangalore,48,Phase 3,68.84,Rejected,50,3.5,Online,India,4586857.35
868,Omeprazole,Aurobindo,north,2025-02-06 03:00:00,2015-08-11,Gastrointestinal,909,19046.58,17313341.220000003,3972,Bangalore,4,Phase 2,96.27,Rejected,72,4.3,Online,India,828858.22
869,Amoxicillin,Cipla,West ,2025-02-06 04:00:00,2017-03-24,Gastrointestinal,746,39904.6,29768831.6,1097,Pune,40,Phase 1,89.87,Pending,84,4.3,Distributor,India,4073990.84
870,Amoxicillin,Torrent,East Zone,2025-02-06 05:00:00,2023-06-01,Antibiotic,629,4171.04,2623584.16,4820,Pune,7,Phase 4,62.39,Approved,87,5.0,Distributor,India,2205412.17
871,Amoxicillin,Biocon,West ,2025-02-06 06:00:00,2015-10-18,Vaccine,630,29267.94,18438802.2,4659,Bangalore,38,Phase 2,67.9,Rejected,65,2.3,Hospital,India,3280405.31
872,Losartan,Dr. Reddy's,Central,2025-02-06 07:00:00,2024-07-05,Gastrointestinal,12,32278.06,387336.72,3233,Ahmedabad,3,Phase 2,68.2,Rejected,34,2.1,Distributor,India,2077328.87
873,Omeprazole,Lupin,EAST,2025-02-06 08:00:00,2021-03-26,Analgesic,161,21169.23,3408246.03,1332,Pune,17,Phase 2,61.96,Pending,87,3.5,Distributor,India,2183761.82
874,Amoxicillin,Zydus,west region,2025-02-06 09:00:00,2021-09-01,Analgesic,784,14008.69,10982812.96,3840,Pune,25,Phase 1,87.29,Rejected,16,1.4,Distributor,India,3541920.67
875,Paracetamol,Aurobindo,West ,2025-02-06 10:00:00,2019-04-07,Vaccine,936,26724.6,25014225.6,4891,Hyderabad,1,Phase 2,90.76,Rejected,63,4.8,Retail Pharmacy,India,4950854.72
876,Amlodipine,Lupin,WEST,2025-02-06 11:00:00,2020-01-06,Vaccine,277,6869.66,1902895.82,2901,Mumbai,48,Phase 3,50.64,Rejected,54,2.5,Retail Pharmacy,India,2135632.42
877,Amoxicillin,Cadila,East Zone,2025-02-06 12:00:00,2019-03-13,Antibiotic,944,30203.64,28512236.16,3625,Bangalore,31,Phase 4,93.27,Pending,30,4.4,Distributor,India,4349629.88
878,Omeprazole,Torrent,West ,2025-02-06 13:00:00,2023-01-15,Analgesic,49,12228.09,599176.41,4681,Bangalore,46,Phase 1,92.5,Rejected,52,2.4,Distributor,India,343912.15
879,Amoxicillin,Cipla,Central,2025-02-06 14:00:00,2022-01-01,Vaccine,711,36980.05,26292815.55,3712,Mumbai,1,Phase 1,66.56,Approved,11,4.7,Distributor,India,2727809.5
880,Omeprazole,Sun Pharma,NORTH ,2025-02-06 15:00:00,2015-03-06,Antidiabetic,765,23037.21,17623465.65,4680,Hyderabad,7,Phase 2,57.49,Approved,61,4.2,Online,India,467150.49
881,Azithromycin,Cadila,Central,2025-02-06 16:00:00,2019-04-06,Gastrointestinal,411,30046.49,12349107.39,3200,Bangalore,16,Phase 4,64.33,Approved,98,4.9,Retail Pharmacy,India,1509498.88
882,Ibuprofen,Dr. Reddy's,West ,2025-02-06 17:00:00,2018-07-13,Antidiabetic,437,27842.43,12167141.91,2702,Pune,22,Phase 2,61.42,Pending,78,4.5,Hospital,India,1143004.46
883,Omeprazole,Sun Pharma,West ,2025-02-06 18:00:00,2020-08-23,Vaccine,390,20269.04,7904925.600000001,4767,Mumbai,42,Phase 1,85.38,Approved,47,1.8,Online,India,121893.4
884,Amoxicillin,Zydus, North Region,2025-02-06 19:00:00,2018-10-13,Gastrointestinal,414,10282.05,4256768.699999999,4215,Hyderabad,30,Phase 3,93.47,Pending,62,2.8,Online,India,1167641.04
885,Paracetamol,Glenmark,west region,2025-02-06 20:00:00,2020-10-19,Analgesic,928,39855.09,36985523.52,3495,Bangalore,32,Phase 2,85.89,Approved,38,1.4,Hospital,India,1453139.42
886,Metformin,Torrent,Central,2025-02-06 21:00:00,2019-06-08,Vaccine,530,15753.87,8349551.100000001,2165,Mumbai,10,Phase 1,74.51,Pending,69,1.3,Retail Pharmacy,India,779214.65
887,Omeprazole,Zydus,West ,2025-02-06 22:00:00,2017-02-19,Cardiovascular,620,13134.72,8143526.399999999,2475,Mumbai,9,Phase 1,92.18,Approved,90,3.5,Online,India,4938424.07
888,Ibuprofen,Biocon,Central,2025-02-06 23:00:00,2021-01-31,Antibiotic,492,36195.03,17807954.759999998,2161,Mumbai,19,Phase 3,54.73,Approved,37,2.3,Hospital,India,437274.67
889,Metformin,Zydus,West ,2025-02-07 00:00:00,2021-09-08,Vaccine,900,22371.9,20134710.0,3503,Pune,45,Phase 2,86.82,Approved,13,2.6,Hospital,India,3727435.67
890,Ciprofloxacin,Lupin,Central,2025-02-07 01:00:00,2024-04-17,Analgesic,413,1993.0,823109.0,1631,Hyderabad,18,Phase 3,63.05,Rejected,65,3.2,Retail Pharmacy,India,4604602.31
891,Atorvastatin,Cipla,East Zone,2025-02-07 02:00:00,2022-02-27,Cardiovascular,555,38453.1,21341470.5,4001,Hyderabad,12,Phase 4,94.09,Approved,65,4.1,Online,India,1124054.35
892,Paracetamol,Zydus,WEST,2025-02-07 03:00:00,2020-01-31,Gastrointestinal,478,5053.91,2415768.98,4281,Hyderabad,25,Phase 3,54.75,Approved,32,1.3,Online,India,4923606.31
893,Losartan,Glenmark,south ,2025-02-07 04:00:00,2015-11-30,Vaccine,686,35415.92,24295321.12,1572,Mumbai,48,Phase 4,85.42,Approved,83,3.7,Distributor,India,1116176.37
894,Amoxicillin,Cadila,East Zone,2025-02-07 05:00:00,2017-11-14,Vaccine,155,19131.01,2965306.55,1684,Ahmedabad,26,Phase 3,62.18,Approved,12,2.1,Online,India,1206667.02
895,Azithromycin,Zydus,NORTH ,2025-02-07 06:00:00,2019-06-22,Gastrointestinal,977,5259.65,5138678.05,3680,Hyderabad,43,Phase 1,58.48,Approved,25,2.3,Online,India,460328.43
896,Azithromycin,Aurobindo,WEST,2025-02-07 07:00:00,2016-10-03,Gastrointestinal,62,14317.84,887706.08,1042,Ahmedabad,14,Phase 4,56.08,Rejected,49,3.6,Online,India,3531020.79
897,Paracetamol,Aurobindo,Central,2025-02-07 08:00:00,2021-04-19,Antidiabetic,986,28843.54,28439730.44,2032,Mumbai,15,Phase 4,67.54,Rejected,69,1.2,Hospital,India,1367630.61
898,Amoxicillin,Torrent,Central,2025-02-07 09:00:00,2022-02-24,Gastrointestinal,221,11559.88,2554733.48,1187,Pune,8,Phase 2,62.55,Rejected,33,1.7,Online,India,3307257.75
899,Azithromycin,Sun Pharma,north,2025-02-07 10:00:00,2021-09-24,Cardiovascular,563,27067.95,15239255.85,2362,Mumbai,7,Phase 4,94.14,Pending,90,1.9,Hospital,India,2899096.45
900,Paracetamol,Cipla, east,2025-02-07 11:00:00,2016-06-06,Analgesic,489,17272.31,8446159.59,4789,Bangalore,41,Phase 4,69.83,Rejected,90,2.6,Retail Pharmacy,India,1147756.33
901,Losartan,Aurobindo,west region,2025-02-07 12:00:00,2016-08-24,Vaccine,187,29374.55,5493040.85,2704,Mumbai,38,Phase 1,78.63,Pending,56,1.0,Hospital,India,379271.99
902,Amoxicillin,Dr. Reddy's,West ,2025-02-07 13:00:00,2024-09-15,Cardiovascular,297,30499.39,9058318.83,1844,Mumbai,14,Phase 3,58.88,Approved,76,4.9,Online,India,1563968.04
903,Amlodipine,Torrent,West ,2025-02-07 14:00:00,2024-03-31,Gastrointestinal,301,10869.25,3271644.25,2570,Bangalore,31,Phase 1,62.07,Approved,90,4.1,Hospital,India,823629.07
904,Omeprazole,Aurobindo,SOUTH,2025-02-07 15:00:00,2020-03-19,Analgesic,568,10801.37,6135178.16,4455,Ahmedabad,10,Phase 4,80.22,Pending,46,1.4,Distributor,India,2538128.22
905,Omeprazole,Biocon,souTh,2025-02-07 16:00:00,2021-04-12,Gastrointestinal,96,4211.25,404280.0,4740,Ahmedabad,39,Phase 3,92.05,Approved,16,2.8,Distributor,India,367759.91
906,Omeprazole,Dr. Reddy's,WEST,2025-02-07 17:00:00,2023-01-19,Cardiovascular,624,28384.17,17711722.08,4778,Bangalore,10,Phase 2,74.4,Rejected,51,2.4,Online,India,2134551.75
907,Omeprazole,Cadila,west region,2025-02-07 18:00:00,2015-12-08,Antidiabetic,97,34700.65,3365963.0500000003,2684,Bangalore,39,Phase 1,62.46,Pending,74,2.5,Hospital,India,4033930.19
908,Amlodipine,Dr. Reddy's,north,2025-02-07 19:00:00,2021-01-10,Cardiovascular,698,10065.82,7025942.359999999,2411,Mumbai,45,Phase 4,79.93,Approved,76,3.6,Distributor,India,1690941.8
909,Paracetamol,Glenmark, North Region,2025-02-07 20:00:00,2023-06-30,Vaccine,127,26681.6,3388563.2,1995,Bangalore,14,Phase 4,97.96,Approved,38,4.3,Distributor,India,2373747.16
910,Amlodipine,Biocon,Central,2025-02-07 21:00:00,2020-01-19,Gastrointestinal,138,10835.95,1495361.1,4763,Mumbai,10,Phase 4,58.95,Rejected,24,2.7,Hospital,India,4815780.51
911,Atorvastatin,Aurobindo,SOUTH,2025-02-07 22:00:00,2024-07-21,Antidiabetic,907,30126.42,27324662.94,2870,Mumbai,14,Phase 4,83.86,Approved,83,2.7,Online,India,530679.05
912,Azithromycin,Cadila,WEST,2025-02-07 23:00:00,2023-09-19,Gastrointestinal,392,6830.67,2677622.64,1210,Bangalore,7,Phase 1,60.07,Rejected,79,4.3,Hospital,India,4346147.13
913,Amlodipine,Aurobindo,south ,2025-02-08 00:00:00,2024-09-07,Gastrointestinal,310,3638.98,1128083.8,1930,Hyderabad,16,Phase 1,69.27,Pending,33,1.2,Retail Pharmacy,India,3181922.9
914,Paracetamol,Aurobindo,north,2025-02-08 01:00:00,2023-06-23,Antibiotic,122,5745.68,700972.9600000001,3520,Bangalore,1,Phase 3,87.78,Rejected,10,3.1,Hospital,India,4404933.95
915,Atorvastatin,Sun Pharma,EAST,2025-02-08 02:00:00,2024-07-14,Antibiotic,485,3156.09,1530703.65,2407,Pune,3,Phase 4,58.24,Approved,98,2.7,Online,India,2440445.42
916,Amoxicillin,Aurobindo,souTh,2025-02-08 03:00:00,2023-11-19,Cardiovascular,277,33406.4,9253572.8,1511,Ahmedabad,10,Phase 4,58.7,Rejected,63,4.3,Retail Pharmacy,India,1725702.31
917,Ciprofloxacin,Biocon,Central,2025-02-08 04:00:00,2024-05-13,Vaccine,977,27656.74,27020634.98,1086,Pune,21,Phase 3,66.17,Rejected,46,3.1,Retail Pharmacy,India,3054977.93
918,Ibuprofen,Aurobindo,SOUTH,2025-02-08 05:00:00,2021-08-02,Vaccine,718,34967.88,25106937.84,4383,Ahmedabad,44,Phase 2,67.62,Pending,15,2.5,Hospital,India,1783164.19
919,Azithromycin,Glenmark,west region,2025-02-08 06:00:00,2024-07-25,Analgesic,494,39334.08,19431035.52,3302,Bangalore,8,Phase 1,93.71,Pending,64,4.7,Retail Pharmacy,India,605739.94
920,Azithromycin,Zydus,WEST,2025-02-08 07:00:00,2020-07-09,Antibiotic,901,3225.37,2906058.37,2593,Pune,24,Phase 3,70.31,Rejected,64,4.5,Online,India,1543849.04
921,Azithromycin,Cipla,EAST,2025-02-08 08:00:00,2015-10-23,Vaccine,111,1891.42,209947.62,2259,Bangalore,46,Phase 2,98.33,Approved,49,2.6,Distributor,India,1958240.52
922,Metformin,Glenmark, North Region,2025-02-08 09:00:00,2024-11-26,Antibiotic,74,1044.3,77278.2,3443,Pune,10,Phase 1,57.09,Approved,93,4.9,Distributor,India,4719256.32
923,Amoxicillin,Cipla,East Zone,2025-02-08 10:00:00,2020-04-12,Vaccine,744,36779.47,27363925.68,2434,Bangalore,48,Phase 1,76.88,Approved,46,3.9,Distributor,India,1265426.58
924,Amlodipine,Sun Pharma,Central,2025-02-08 11:00:00,2022-11-06,Vaccine,371,22154.87,8219456.77,3723,Mumbai,0,Phase 3,67.01,Rejected,45,3.2,Retail Pharmacy,India,2896270.96
925,Amlodipine,Dr. Reddy's,north,2025-02-08 12:00:00,2024-06-25,Vaccine,662,12796.47,8471263.139999999,4224,Bangalore,0,Phase 4,52.08,Approved,37,2.4,Distributor,India,1366596.66
926,Atorvastatin,Torrent,East Zone,2025-02-08 13:00:00,2019-06-04,Vaccine,202,20359.99,4112717.98,1621,Bangalore,36,Phase 2,98.57,Rejected,97,2.9,Hospital,India,4882988.68
927,Ciprofloxacin,Dr. Reddy's,Central,2025-02-08 14:00:00,2019-11-13,Vaccine,698,6906.19,4820520.62,2181,Bangalore,49,Phase 4,91.71,Pending,99,1.1,Online,India,2438092.91
928,Atorvastatin,Glenmark, east,2025-02-08 15:00:00,2018-01-12,Antidiabetic,341,14396.0,4909036.0,1096,Pune,36,Phase 2,83.63,Pending,73,2.4,Online,India,1438809.32
929,Omeprazole,Zydus,East Zone,2025-02-08 16:00:00,2021-09-09,Antibiotic,999,28292.16,28263867.84,3554,Pune,15,Phase 4,54.04,Approved,80,1.3,Hospital,India,1229223.92
930,Omeprazole,Aurobindo,Central,2025-02-08 17:00:00,2015-10-09,Antidiabetic,841,18679.62,15709560.42,4483,Bangalore,36,Phase 4,51.01,Rejected,98,4.9,Hospital,India,3257891.19
931,Azithromycin,Dr. Reddy's,NORTH ,2025-02-08 18:00:00,2019-11-18,Gastrointestinal,244,8934.57,2180035.08,2820,Ahmedabad,27,Phase 3,56.58,Rejected,69,4.7,Retail Pharmacy,India,3943211.24
932,Ibuprofen,Biocon,East Zone,2025-02-08 19:00:00,2017-05-23,Antidiabetic,557,23048.86,12838215.02,4696,Mumbai,21,Phase 1,51.78,Rejected,55,2.3,Distributor,India,2015263.72
933,Ibuprofen,Torrent,Central,2025-02-08 20:00:00,2017-12-18,Analgesic,961,7498.56,7206116.16,3389,Bangalore,41,Phase 3,71.44,Rejected,56,3.6,Online,India,1618864.9
934,Ibuprofen,Cipla,west region,2025-02-08 21:00:00,2018-12-17,Vaccine,570,25636.23,14612651.1,1675,Ahmedabad,0,Phase 3,87.63,Pending,15,3.8,Hospital,India,1707576.07
935,Omeprazole,Biocon,WEST,2025-02-08 22:00:00,2023-05-03,Antidiabetic,158,17764.41,2806776.78,2443,Hyderabad,30,Phase 4,69.64,Pending,91,2.2,Distributor,India,3425152.6
936,Paracetamol,Cadila,souTh,2025-02-08 23:00:00,2019-09-27,Antidiabetic,977,10606.91,10362951.07,3912,Bangalore,38,Phase 4,73.01,Rejected,11,1.5,Online,India,2917592.04
937,Omeprazole,Biocon,south ,2025-02-09 00:00:00,2023-09-28,Gastrointestinal,37,2996.42,110867.54,2890,Ahmedabad,8,Phase 1,73.64,Rejected,94,3.1,Distributor,India,2247961.39
938,Ibuprofen,Dr. Reddy's,Central,2025-02-09 01:00:00,2020-01-17,Antidiabetic,345,36433.42,12569529.9,1820,Bangalore,19,Phase 3,98.09,Pending,42,2.3,Hospital,India,539307.99
939,Losartan,Biocon,souTh,2025-02-09 02:00:00,2022-06-11,Vaccine,272,19606.24,5332897.28,2500,Hyderabad,22,Phase 4,69.86,Rejected,34,2.6,Distributor,India,876314.18
940,Ciprofloxacin,Cadila,NORTH ,2025-02-09 03:00:00,2023-06-04,Antibiotic,483,1693.99,818197.17,2887,Mumbai,34,Phase 4,71.95,Rejected,52,3.3,Hospital,India,447240.48
941,Atorvastatin,Sun Pharma,north,2025-02-09 04:00:00,2017-08-15,Cardiovascular,41,16012.63,656517.83,3708,Pune,46,Phase 2,50.69,Approved,55,1.7,Online,India,1081546.98
942,Omeprazole,Glenmark,West ,2025-02-09 05:00:00,2022-05-30,Cardiovascular,963,35224.68,33921366.84,1850,Ahmedabad,6,Phase 3,77.29,Rejected,92,2.2,Retail Pharmacy,India,2088171.95
943,Ciprofloxacin,Glenmark,NORTH ,2025-02-09 06:00:00,2015-12-30,Vaccine,909,5026.72,4569288.48,4707,Hyderabad,45,Phase 3,79.75,Pending,47,1.8,Distributor,India,4385351.74
944,Azithromycin,Aurobindo, North Region,2025-02-09 07:00:00,2015-04-27,Antibiotic,662,19955.44,13210501.28,3580,Ahmedabad,7,Phase 4,98.98,Approved,89,4.8,Online,India,263468.64
945,Amlodipine,Lupin,souTh,2025-02-09 08:00:00,2016-04-12,Gastrointestinal,227,14799.53,3359493.31,2901,Pune,25,Phase 4,74.9,Pending,15,1.1,Retail Pharmacy,India,4686554.22
946,Losartan,Cipla, North Region,2025-02-09 09:00:00,2020-08-04,Antidiabetic,511,11455.98,5854005.779999999,3124,Mumbai,1,Phase 4,56.61,Pending,22,4.7,Online,India,3436488.36
947,Omeprazole,Zydus,EAST,2025-02-09 10:00:00,2021-11-06,Analgesic,808,7701.8,6223054.4,4694,Pune,32,Phase 4,65.93,Pending,60,1.5,Distributor,India,748352.41
948,Atorvastatin,Dr. Reddy's,SOUTH,2025-02-09 11:00:00,2015-08-29,Antidiabetic,690,2545.48,1756381.2,3471,Pune,2,Phase 3,99.96,Pending,97,2.4,Distributor,India,2019281.37
949,Atorvastatin,Glenmark,NORTH ,2025-02-09 12:00:00,2024-09-12,Cardiovascular,351,17356.3,6092061.3,1942,Ahmedabad,40,Phase 3,65.78,Rejected,29,3.1,Hospital,India,4869289.48
950,Azithromycin,Cadila,Central,2025-02-09 13:00:00,2015-11-22,Antidiabetic,655,25338.12,16596468.6,3749,Pune,31,Phase 1,97.57,Approved,23,1.1,Distributor,India,4521973.14
951,Losartan,Lupin, east,2025-02-09 14:00:00,2019-09-11,Analgesic,519,7884.39,4091998.41,4820,Pune,37,Phase 4,52.62,Approved,54,3.2,Online,India,4935586.22
952,Omeprazole,Torrent,WEST,2025-02-09 15:00:00,2019-06-21,Gastrointestinal,287,31002.63,8897754.81,1161,Hyderabad,26,Phase 4,71.42,Pending,12,4.7,Retail Pharmacy,India,3355657.48
953,Ibuprofen,Dr. Reddy's,west region,2025-02-09 16:00:00,2019-03-01,Vaccine,511,3583.67,1831255.37,4108,Ahmedabad,23,Phase 2,66.22,Pending,13,2.5,Distributor,India,1934100.1
954,Amlodipine,Dr. Reddy's,West ,2025-02-09 17:00:00,2023-03-13,Antidiabetic,174,16141.23,2808574.02,4850,Ahmedabad,41,Phase 1,77.79,Rejected,89,2.1,Distributor,India,1538148.28
955,Paracetamol,Glenmark, North Region,2025-02-09 18:00:00,2017-05-13,Antidiabetic,388,18428.8,7150374.399999999,4719,Mumbai,37,Phase 4,58.12,Approved,55,4.5,Hospital,India,4820344.04
956,Azithromycin,Cadila,NORTH ,2025-02-09 19:00:00,2021-02-06,Antibiotic,987,5410.31,5339975.970000001,4932,Mumbai,49,Phase 2,94.37,Pending,51,3.2,Online,India,1272235.42
957,Ciprofloxacin,Zydus,SOUTH,2025-02-09 20:00:00,2016-08-18,Cardiovascular,377,16357.2,6166664.4,3085,Hyderabad,19,Phase 4,76.78,Rejected,19,3.5,Distributor,India,1640300.34
958,Losartan,Sun Pharma,west region,2025-02-09 21:00:00,2023-12-24,Analgesic,12,6899.36,82792.31999999999,3884,Hyderabad,28,Phase 2,60.1,Pending,39,2.5,Hospital,India,2990952.19
959,Amlodipine,Sun Pharma,SOUTH,2025-02-09 22:00:00,2015-11-23,Cardiovascular,905,14573.8,13189289.0,1064,Pune,35,Phase 4,76.25,Pending,53,4.6,Retail Pharmacy,India,2619848.77
960,Amlodipine,Lupin,NORTH ,2025-02-09 23:00:00,2023-09-23,Antibiotic,370,30650.04,11340514.8,1869,Bangalore,30,Phase 3,74.66,Approved,42,4.7,Online,India,3610347.48
961,Amlodipine,Dr. Reddy's,souTh,2025-02-10 00:00:00,2016-12-30,Cardiovascular,18,28458.51,512253.18,2179,Mumbai,1,Phase 1,63.0,Rejected,45,5.0,Retail Pharmacy,India,168973.83
962,Ibuprofen,Dr. Reddy's,west region,2025-02-10 01:00:00,2020-10-07,Gastrointestinal,944,19287.38,18207286.720000003,1410,Hyderabad,31,Phase 2,59.5,Approved,67,2.6,Retail Pharmacy,India,798787.02
963,Ciprofloxacin,Dr. Reddy's,West ,2025-02-10 02:00:00,2019-08-30,Antibiotic,888,15862.54,14085935.52,1483,Mumbai,17,Phase 1,96.19,Pending,87,2.3,Distributor,India,2475487.2
964,Amoxicillin,Cipla,Central,2025-02-10 03:00:00,2018-08-28,Antibiotic,653,10605.51,6925398.03,2807,Ahmedabad,46,Phase 3,69.29,Approved,98,2.2,Hospital,India,3570840.62
965,Paracetamol,Glenmark,West ,2025-02-10 04:00:00,2022-12-11,Gastrointestinal,157,7350.14,1153971.98,4536,Mumbai,42,Phase 1,54.72,Approved,49,4.0,Online,India,3267488.79
966,Ibuprofen,Cipla,NORTH ,2025-02-10 05:00:00,2023-01-03,Antidiabetic,777,8910.65,6923575.05,4289,Pune,37,Phase 3,97.29,Approved,89,1.5,Retail Pharmacy,India,1338218.67
967,Metformin,Cadila, east,2025-02-10 06:00:00,2019-04-21,Gastrointestinal,272,25945.53,7057184.16,3528,Mumbai,29,Phase 4,94.87,Pending,96,2.9,Retail Pharmacy,India,1615726.88
968,Amlodipine,Sun Pharma,EAST,2025-02-10 07:00:00,2019-10-12,Gastrointestinal,446,29969.45,13366374.7,4685,Pune,9,Phase 2,68.13,Approved,21,4.0,Distributor,India,4858539.15
969,,Zydus,north,2025-02-10 08:00:00,2024-11-10,Vaccine,349,34073.05,11891494.45,4719,Bangalore,26,Phase 4,98.31,Rejected,86,2.8,Hospital,India,732417.68
970,Losartan,Cadila,WEST,2025-02-10 09:00:00,2016-08-23,Antibiotic,68,27021.41,1837455.88,3188,Ahmedabad,28,Phase 3,86.23,Approved,38,1.0,Retail Pharmacy,India,1359789.39
971,Ciprofloxacin,Cadila,EAST,2025-02-10 10:00:00,2017-09-18,Antibiotic,929,22465.77,20870700.33,3400,Ahmedabad,32,Phase 2,72.02,Rejected,23,4.4,Hospital,India,2833961.81
972,Paracetamol,Glenmark,Central,2025-02-10 11:00:00,2020-01-06,Vaccine,888,33949.19,30146880.720000003,2491,Hyderabad,43,Phase 2,73.62,Pending,51,4.8,Hospital,India,1107723.9
973,Ibuprofen,Aurobindo,West ,2025-02-10 12:00:00,2024-09-09,Vaccine,739,27563.59,20369493.01,4046,Ahmedabad,31,Phase 3,65.51,Pending,78,1.9,Retail Pharmacy,India,3370151.1
974,Azithromycin,Cadila,Central,2025-02-10 13:00:00,2021-03-04,Vaccine,822,13479.76,11080362.72,1810,Pune,26,Phase 1,84.99,Approved,84,3.6,Hospital,India,4625468.38
975,Azithromycin,Cadila,SOUTH,2025-02-10 14:00:00,2022-03-13,Cardiovascular,562,19591.92,11010659.04,1191,Hyderabad,48,Phase 3,50.42,Approved,64,1.5,Retail Pharmacy,India,3604118.97
976,Paracetamol,Zydus,East Zone,2025-02-10 15:00:00,2023-12-06,Vaccine,959,29816.28,28593812.52,1789,Pune,43,Phase 3,64.55,Rejected,99,1.9,Distributor,India,2669704.96
977,Atorvastatin,Dr. Reddy's, North Region,2025-02-10 16:00:00,2023-07-02,Cardiovascular,310,38192.34,11839625.4,3195,Ahmedabad,13,Phase 3,84.91,Rejected,37,4.7,Retail Pharmacy,India,646915.22
978,Amlodipine,Biocon,West ,2025-02-10 17:00:00,2017-01-05,Vaccine,303,1074.58,325597.74,2899,Hyderabad,45,Phase 3,90.11,Rejected,22,1.8,Online,India,398530.07
979,,Cipla, east,2025-02-10 18:00:00,2022-04-17,Analgesic,829,8589.72,7120877.88,4740,Hyderabad,39,Phase 2,89.83,Rejected,80,3.5,Retail Pharmacy,India,1193760.43
980,Omeprazole,Cadila,East Zone,2025-02-10 19:00:00,2020-09-13,Antibiotic,628,34169.6,21458508.8,4629,Pune,14,Phase 2,87.31,Pending,39,3.0,Online,India,4448204.63
981,Omeprazole,Lupin,SOUTH,2025-02-10 20:00:00,2024-03-16,Antibiotic,163,15725.64,2563279.32,3741,Pune,20,Phase 2,60.05,Approved,10,1.3,Hospital,India,203872.38
982,Azithromycin,Cadila,SOUTH,2025-02-10 21:00:00,2015-09-30,Antibiotic,599,4624.95,2770345.05,3072,Mumbai,32,Phase 4,78.89,Pending,57,3.0,Hospital,India,358161.29
983,Ciprofloxacin,Sun Pharma,EAST,2025-02-10 22:00:00,2016-07-27,Vaccine,972,27846.02,27066331.44,3082,Bangalore,22,Phase 1,71.58,Rejected,53,4.5,Retail Pharmacy,India,2223594.57
984,Metformin,Lupin,south ,2025-02-10 23:00:00,2020-03-24,Antidiabetic,434,1250.93,542903.62,2399,Hyderabad,4,Phase 1,69.98,Pending,12,2.5,Retail Pharmacy,India,702541.95
985,Amoxicillin,Zydus, North Region,2025-02-11 00:00:00,2019-11-08,Antidiabetic,995,6839.69,6805491.55,1655,Bangalore,5,Phase 4,91.1,Approved,38,1.2,Retail Pharmacy,India,3852026.12
986,Ciprofloxacin,Biocon,SOUTH,2025-02-11 01:00:00,2024-05-25,Antibiotic,675,28573.64,19287207.0,4870,Hyderabad,44,Phase 4,94.82,Pending,93,1.7,Distributor,India,2226938.64
987,Atorvastatin,Glenmark,EAST,2025-02-11 02:00:00,2020-02-29,Antibiotic,970,34258.32,33230570.4,2774,Ahmedabad,19,Phase 4,64.31,Rejected,87,1.6,Online,India,1999100.92
988,Amlodipine,Glenmark,NORTH ,2025-02-11 03:00:00,2019-06-01,Antibiotic,276,13163.29,3633068.04,4911,Mumbai,44,Phase 1,64.89,Approved,49,2.8,Distributor,India,3884946.31
989,Metformin,Glenmark, North Region,2025-02-11 04:00:00,2023-11-30,Vaccine,882,30799.88,27165494.16,1832,Ahmedabad,5,Phase 4,91.78,Approved,51,2.4,Online,India,3585837.21
990,Losartan,Lupin,south ,2025-02-11 05:00:00,2017-05-12,Gastrointestinal,348,33917.92,11803436.16,4783,Ahmedabad,20,Phase 2,78.56,Approved,35,4.4,Distributor,India,167191.62
991,Paracetamol,Biocon,south ,2025-02-11 06:00:00,2015-09-24,Antibiotic,491,28770.0,14126070.0,4233,Bangalore,0,Phase 4,68.33,Approved,41,4.0,Distributor,India,4105941.51
992,Losartan,Aurobindo,EAST,2025-02-11 07:00:00,2015-03-04,Antibiotic,874,30818.72,26935561.28,2297,Mumbai,34,Phase 4,67.06,Pending,22,2.4,Retail Pharmacy,India,652649.42
993,Paracetamol,Zydus,East Zone,2025-02-11 08:00:00,2020-12-23,Vaccine,862,10973.24,9458932.88,3816,Ahmedabad,49,Phase 4,51.12,Approved,68,4.8,Distributor,India,2615676.93
994,Atorvastatin,Torrent,souTh,2025-02-11 09:00:00,2020-10-06,Vaccine,28,28714.79,804014.12,4698,Mumbai,19,Phase 2,95.01,Rejected,37,2.3,Online,India,4089088.86
995,Metformin,Dr. Reddy's, east,2025-02-11 10:00:00,2019-07-02,Gastrointestinal,511,9899.9,5058848.899999999,4876,Hyderabad,42,Phase 2,53.59,Approved,22,4.9,Hospital,India,3053360.09
996,Amlodipine,Torrent,NORTH ,2025-02-11 11:00:00,2019-11-23,Cardiovascular,945,10808.55,10214079.75,3658,Ahmedabad,7,Phase 3,57.41,Rejected,24,1.3,Online,India,2114880.86
997,Paracetamol,Torrent,East Zone,2025-02-11 12:00:00,2015-05-04,Gastrointestinal,548,15206.4,8333107.2,3846,Bangalore,15,Phase 2,58.6,Approved,48,2.7,Distributor,India,2746802.17
998,Azithromycin,Torrent,EAST,2025-02-11 13:00:00,2019-02-03,Cardiovascular,217,5518.2,1197449.4,3047,Hyderabad,5,Phase 3,81.39,Pending,49,3.3,Hospital,India,4094094.06
999,Paracetamol,Cadila,Central,2025-02-11 14:00:00,2021-12-29,Antidiabetic,391,12767.84,4992225.44,4239,Bangalore,30,Phase 3,58.71,Pending,53,3.7,Distributor,India,1465866.54
1000,Paracetamol,Cadila,NORTH ,2025-02-11 15:00:00,2020-10-12,Antibiotic,793,34774.09,27575853.37,3330,Mumbai,31,Phase 2,82.77,Rejected,70,1.7,Retail Pharmacy,India,3884233.96
1001,Amlodipine,Cipla,SOUTH,2025-02-11 16:00:00,2020-01-10,Gastrointestinal,354,22210.87,7862647.979999999,2748,Pune,25,Phase 4,63.67,Pending,98,4.1,Distributor,India,2768592.02
1002,Amoxicillin,Dr. Reddy's,SOUTH,2025-02-11 17:00:00,2024-11-01,Antibiotic,503,20431.29,10276938.87,1325,Mumbai,2,Phase 4,72.32,Pending,32,4.3,Distributor,India,3282050.42
1003,Ciprofloxacin,Biocon,Central,2025-02-11 18:00:00,2016-10-08,Antidiabetic,629,34696.97,21824394.13,4816,Hyderabad,25,Phase 3,74.66,Pending,62,3.8,Distributor,India,2821901.13
1004,Azithromycin,Glenmark,NORTH ,2025-02-11 19:00:00,2017-11-04,Vaccine,948,14230.66,13490665.68,1405,Pune,23,Phase 2,84.84,Rejected,72,2.7,Retail Pharmacy,India,2341069.48
1005,Omeprazole,Aurobindo,south ,2025-02-11 20:00:00,2023-01-28,Antibiotic,293,6634.24,1943832.32,2005,Mumbai,2,Phase 4,80.91,Pending,58,1.8,Hospital,India,1269214.46
1006,Amoxicillin,Aurobindo,West ,2025-02-11 21:00:00,2019-05-18,Antidiabetic,730,16237.12,11853097.6,4294,Bangalore,36,Phase 2,64.06,Approved,23,3.4,Hospital,India,3077530.43
1007,Amoxicillin,Glenmark,West ,2025-02-11 22:00:00,2020-05-28,Analgesic,167,10752.15,1795609.05,4308,Mumbai,16,Phase 4,77.31,Pending,99,1.4,Online,India,1375039.83
1008,,Torrent,souTh,2025-02-11 23:00:00,2017-07-15,Gastrointestinal,72,26361.01,1897992.72,3294,Bangalore,12,Phase 4,84.46,Pending,48,2.9,Online,India,629144.49
1009,Ibuprofen,Lupin,SOUTH,2025-02-12 00:00:00,2016-01-31,Antidiabetic,840,26648.14,22384437.6,2304,Pune,0,Phase 4,99.74,Rejected,97,2.5,Hospital,India,340983.33
1010,Losartan,Cadila,south ,2025-02-12 01:00:00,2019-10-09,Antidiabetic,108,37923.04,4095688.32,1563,Ahmedabad,36,Phase 3,83.26,Rejected,19,2.3,Retail Pharmacy,India,575323.47
1011,Ibuprofen,Biocon,NORTH ,2025-02-12 02:00:00,2015-08-03,Vaccine,22,28617.32,629581.04,3100,Bangalore,36,Phase 1,76.54,Rejected,44,3.6,Hospital,India,4807213.24
1012,Amoxicillin,Zydus,north,2025-02-12 03:00:00,2017-08-17,Analgesic,67,7737.15,518389.05,1960,Bangalore,35,Phase 2,51.82,Approved,41,3.5,Retail Pharmacy,India,736764.98
1013,Amlodipine,Zydus,souTh,2025-02-12 04:00:00,2017-06-02,Gastrointestinal,467,5118.45,2390316.15,1380,Mumbai,49,Phase 3,85.95,Pending,11,4.3,Online,India,3798278.63
1014,Losartan,Cadila,EAST,2025-02-12 05:00:00,2019-02-12,Gastrointestinal,846,39037.17,33025445.82,1425,Pune,49,Phase 2,83.99,Pending,11,2.3,Online,India,2070290.39
1015,Ibuprofen,Glenmark,EAST,2025-02-12 06:00:00,2019-08-09,Vaccine,66,29021.1,1915392.6,3464,Mumbai,43,Phase 2,91.08,Rejected,67,2.6,Online,India,4791231.1
1016,Amlodipine,Lupin,WEST,2025-02-12 07:00:00,2021-05-01,Antidiabetic,199,23139.94,4604848.06,1490,Bangalore,11,Phase 4,51.48,Rejected,17,1.4,Distributor,India,3798438.84
1017,Ciprofloxacin,Dr. Reddy's,SOUTH,2025-02-12 08:00:00,2015-01-23,Analgesic,413,32600.2,13463882.6,4060,Hyderabad,21,Phase 4,66.69,Approved,47,4.2,Retail Pharmacy,India,4557703.08
1018,Amlodipine,Glenmark,Central,2025-02-12 09:00:00,2023-11-25,Analgesic,198,34278.57,6787156.86,4044,Pune,8,Phase 1,94.56,Pending,98,3.9,Online,India,3555439.25
1019,Amlodipine,Lupin,West ,2025-02-12 10:00:00,2015-12-07,Cardiovascular,476,14296.55,6805157.8,1854,Mumbai,3,Phase 2,80.59,Approved,68,4.2,Distributor,India,4973690.82
1020,Amoxicillin,Aurobindo,Central,2025-02-12 11:00:00,2016-11-02,Analgesic,925,28275.05,26154421.25,1737,Bangalore,49,Phase 1,69.92,Pending,61,4.9,Retail Pharmacy,India,1512251.93
1021,Paracetamol,Lupin,WEST,2025-02-12 12:00:00,2020-04-27,Gastrointestinal,149,10973.83,1635100.67,1852,Pune,28,Phase 3,56.5,Approved,60,3.9,Online,India,432252.06
1022,Losartan,Cipla,west region,2025-02-12 13:00:00,2018-05-19,Cardiovascular,82,37043.5,3037567.0,2114,Hyderabad,15,Phase 4,92.5,Rejected,85,2.8,Retail Pharmacy,India,2174646.71
1023,Ibuprofen,Cipla,WEST,2025-02-12 14:00:00,2017-09-14,Analgesic,181,32415.28,5867165.68,2853,Ahmedabad,39,Phase 1,97.17,Pending,56,1.4,Online,India,3511381.28
1024,Paracetamol,Glenmark,west region,2025-02-12 15:00:00,2020-02-21,Cardiovascular,781,37704.99,29447597.19,3103,Pune,36,Phase 3,54.45,Rejected,29,2.2,Hospital,India,4738847.57
1025,Metformin,Aurobindo,west region,2025-02-12 16:00:00,2017-12-10,Analgesic,457,15872.44,7253705.08,2481,Hyderabad,18,Phase 1,93.28,Rejected,59,4.6,Distributor,India,2561474.18
1026,Amlodipine,Glenmark,East Zone,2025-02-12 17:00:00,2023-01-20,Antibiotic,617,12496.47,7710321.989999999,3266,Ahmedabad,35,Phase 2,92.77,Pending,69,4.2,Hospital,India,690120.65
1027,Paracetamol,Zydus,Central,2025-02-12 18:00:00,2018-01-26,Vaccine,840,27257.75,22896510.0,2971,Mumbai,40,Phase 1,55.66,Approved,50,1.7,Distributor,India,2470412.46
1028,Metformin,Cipla,north,2025-02-12 19:00:00,2016-07-22,Cardiovascular,579,29606.14,17141955.06,3237,Bangalore,31,Phase 4,80.24,Rejected,81,3.3,Distributor,India,79069.36
1029,Amlodipine,Glenmark,north,2025-02-12 20:00:00,2019-06-11,Analgesic,245,37727.36,9243203.2,4492,Hyderabad,16,Phase 1,92.27,Approved,90,4.4,Online,India,2662418.63
1030,Omeprazole,Zydus,north,2025-02-12 21:00:00,2021-01-06,Analgesic,308,1952.18,601271.4400000001,4379,Ahmedabad,9,Phase 4,74.66,Rejected,78,1.2,Hospital,India,2531336.49
1031,Omeprazole,Dr. Reddy's,EAST,2025-02-12 22:00:00,2023-01-09,Antidiabetic,441,33546.62,14794059.420000002,4768,Bangalore,34,Phase 4,75.56,Rejected,37,2.7,Online,India,747242.46
1032,Losartan,Torrent, east,2025-02-12 23:00:00,2024-04-19,Antibiotic,730,33912.94,24756446.200000003,3254,Ahmedabad,48,Phase 1,73.01,Rejected,83,3.2,Distributor,India,3236410.21
1033,Azithromycin,Sun Pharma,SOUTH,2025-02-13 00:00:00,2016-07-21,Analgesic,512,21249.91,10879953.92,1815,Hyderabad,16,Phase 4,91.88,Approved,83,2.9,Online,India,4150852.92
1034,Amoxicillin,Torrent,NORTH ,2025-02-13 01:00:00,2015-05-13,Analgesic,57,12544.8,715053.6,4627,Pune,2,Phase 1,74.82,Approved,56,3.0,Distributor,India,795864.89
1035,Paracetamol,Cipla,south ,2025-02-13 02:00:00,2023-12-30,Gastrointestinal,448,9627.41,4313079.68,3582,Mumbai,36,Phase 3,74.16,Rejected,58,3.3,Distributor,India,567905.79
1036,Azithromycin,Dr. Reddy's,west region,2025-02-13 03:00:00,2024-10-28,Cardiovascular,721,11251.66,8112446.86,3244,Pune,18,Phase 2,83.36,Pending,93,4.9,Online,India,3493083.57
1037,Azithromycin,Dr. Reddy's,EAST,2025-02-13 04:00:00,2024-01-25,Antidiabetic,937,14953.0,14010961.0,2088,Pune,23,Phase 4,95.11,Approved,75,4.8,Hospital,India,3282681.68
1038,Atorvastatin,Biocon, North Region,2025-02-13 05:00:00,2018-12-21,Cardiovascular,539,31059.95,16741313.05,3591,Mumbai,15,Phase 1,62.8,Rejected,96,2.4,Hospital,India,4937417.09
1039,Paracetamol,Torrent,north,2025-02-13 06:00:00,2016-03-09,Gastrointestinal,511,11992.28,6128055.08,3683,Hyderabad,17,Phase 4,65.43,Rejected,70,2.3,Hospital,India,2201801.54
1040,Metformin,Torrent,west region,2025-02-13 07:00:00,2024-05-20,Gastrointestinal,972,4854.09,4718175.48,4414,Mumbai,12,Phase 4,59.54,Approved,83,4.8,Distributor,India,2246357.7
1041,Paracetamol,Cadila,SOUTH,2025-02-13 08:00:00,2016-08-07,Antibiotic,214,22817.12,4882863.68,1763,Ahmedabad,49,Phase 2,91.78,Approved,83,1.5,Online,India,1818403.53
1042,Ibuprofen,Sun Pharma,west region,2025-02-13 09:00:00,2020-01-03,Analgesic,309,13732.94,4243478.46,3440,Pune,49,Phase 4,80.11,Pending,19,1.3,Hospital,India,1269619.45
1043,Azithromycin,Zydus,East Zone,2025-02-13 10:00:00,2021-09-11,Analgesic,214,87.73,18774.22,4538,Bangalore,31,Phase 2,66.46,Approved,53,1.6,Retail Pharmacy,India,2830472.46
1044,,Aurobindo,East Zone,2025-02-13 11:00:00,2016-09-08,Analgesic,718,38319.61,27513479.98,2680,Hyderabad,8,Phase 2,63.6,Rejected,83,3.1,Hospital,India,4753886.28
1045,Ibuprofen,Zydus,Central,2025-02-13 12:00:00,2023-04-08,Antibiotic,447,23973.27,10716051.69,1134,Mumbai,15,Phase 2,99.96,Rejected,36,4.8,Distributor,India,4349278.41
1046,Paracetamol,Sun Pharma,Central,2025-02-13 13:00:00,2018-08-27,Analgesic,802,19186.59,15387645.18,2581,Mumbai,7,Phase 4,53.65,Rejected,91,4.6,Retail Pharmacy,India,4082626.86
1047,Ciprofloxacin,Lupin,north,2025-02-13 14:00:00,2018-03-20,Vaccine,573,28209.95,16164301.35,3409,Pune,12,Phase 4,62.26,Pending,41,4.4,Distributor,India,943787.11
1048,Omeprazole,Sun Pharma,Central,2025-02-13 15:00:00,2021-01-16,Gastrointestinal,44,25685.1,1130144.4,2247,Hyderabad,39,Phase 4,79.09,Approved,72,4.4,Distributor,India,3034790.18
1049,Losartan,Dr. Reddy's,Central,2025-02-13 16:00:00,2020-09-17,Analgesic,139,25921.49,3603087.11,3608,Ahmedabad,32,Phase 1,61.76,Approved,36,1.0,Distributor,India,4654557.46
1050,Losartan,Glenmark,west region,2025-02-13 17:00:00,2020-04-22,Analgesic,823,28933.69,23812426.87,3671,Ahmedabad,1,Phase 1,59.02,Approved,26,3.0,Online,India,904603.19
1051,Omeprazole,Dr. Reddy's, east,2025-02-13 18:00:00,2024-04-07,Vaccine,788,28644.96,22572228.48,4859,Hyderabad,2,Phase 4,68.82,Pending,24,1.9,Distributor,India,1882349.33
1052,Amoxicillin,Lupin,EAST,2025-02-13 19:00:00,2016-10-19,Antidiabetic,430,7409.75,3186192.5,3791,Hyderabad,0,Phase 1,89.84,Approved,31,4.2,Retail Pharmacy,India,331322.9
1053,Ibuprofen,Lupin,south ,2025-02-13 20:00:00,2023-01-04,Cardiovascular,621,25552.99,15868406.79,4361,Ahmedabad,24,Phase 1,56.87,Rejected,45,1.4,Online,India,3189154.11
1054,Ciprofloxacin,Aurobindo, east,2025-02-13 21:00:00,2020-08-18,Analgesic,328,35333.94,11589532.32,4908,Hyderabad,24,Phase 2,75.43,Approved,68,2.9,Online,India,652991.01
1055,Ciprofloxacin,Torrent,EAST,2025-02-13 22:00:00,2018-11-20,Vaccine,868,39561.81,34339651.08,1052,Bangalore,22,Phase 4,76.94,Pending,80,5.0,Retail Pharmacy,India,2364263.06
1056,Atorvastatin,Sun Pharma,WEST,2025-02-13 23:00:00,2018-03-04,Antibiotic,109,6252.62,681535.58,3231,Mumbai,23,Phase 3,71.88,Rejected,11,2.4,Distributor,India,1369225.53
1057,Paracetamol,Aurobindo,south ,2025-02-14 00:00:00,2020-09-25,Vaccine,726,5664.51,4112434.26,1872,Mumbai,24,Phase 3,71.67,Approved,80,4.1,Online,India,2017410.07
1058,Ciprofloxacin,Cadila,Central,2025-02-14 01:00:00,2023-01-17,Vaccine,934,1660.46,1550869.64,2824,Pune,25,Phase 4,82.81,Rejected,54,3.2,Online,India,2874255.24
1059,Paracetamol,Cadila,Central,2025-02-14 02:00:00,2022-08-10,Cardiovascular,496,27596.19,13687710.24,1763,Mumbai,3,Phase 2,77.95,Approved,92,2.9,Retail Pharmacy,India,2214607.51
1060,Amlodipine,Lupin,West ,2025-02-14 03:00:00,2016-01-09,Antibiotic,884,39713.46,35106698.64,4257,Bangalore,15,Phase 2,68.34,Rejected,61,4.8,Retail Pharmacy,India,3503181.43
1061,Ciprofloxacin,Aurobindo,Central,2025-02-14 04:00:00,2019-10-16,Gastrointestinal,938,31649.93,29687634.34,4915,Ahmedabad,13,Phase 3,67.01,Pending,53,1.1,Online,India,1938548.74
1062,Paracetamol,Zydus,SOUTH,2025-02-14 05:00:00,2022-06-17,Cardiovascular,41,15958.66,654305.0599999999,1423,Bangalore,36,Phase 1,97.96,Pending,43,3.9,Retail Pharmacy,India,4176706.64
1063,Ibuprofen,Zydus, North Region,2025-02-14 06:00:00,2016-04-13,Antidiabetic,679,3166.28,2149904.12,2297,Ahmedabad,43,Phase 3,52.77,Pending,54,3.4,Online,India,2881329.65
1064,Losartan,Cipla,south ,2025-02-14 07:00:00,2017-04-22,Antibiotic,607,33670.61,20438060.27,4492,Bangalore,10,Phase 2,72.27,Pending,92,1.1,Hospital,India,1604212.91
1065,Omeprazole,Sun Pharma, North Region,2025-02-14 08:00:00,2016-08-03,Vaccine,20,19701.12,394022.4,3944,Mumbai,12,Phase 4,82.07,Approved,85,2.1,Distributor,India,2741282.91
1066,Amlodipine,Biocon, North Region,2025-02-14 09:00:00,2019-05-13,Analgesic,848,20358.77,17264236.96,4677,Bangalore,20,Phase 1,91.89,Pending,37,1.7,Retail Pharmacy,India,2966121.76
1067,Omeprazole,Cadila,NORTH ,2025-02-14 10:00:00,2023-10-15,Antidiabetic,759,17000.93,12903705.87,4138,Mumbai,16,Phase 4,75.64,Approved,13,2.8,Distributor,India,2918076.77
1068,Metformin,Cipla, North Region,2025-02-14 11:00:00,2022-03-07,Vaccine,941,27481.44,25860035.04,3387,Hyderabad,28,Phase 1,77.48,Approved,38,3.8,Retail Pharmacy,India,4697078.99
1069,Ciprofloxacin,Biocon,EAST,2025-02-14 12:00:00,2020-11-30,Cardiovascular,410,29502.64,12096082.4,3830,Bangalore,43,Phase 1,71.53,Approved,43,4.9,Retail Pharmacy,India,2707091.2
1070,Ciprofloxacin,Torrent,SOUTH,2025-02-14 13:00:00,2019-11-10,Cardiovascular,66,38175.09,2519555.94,2508,Bangalore,0,Phase 3,81.91,Approved,56,3.1,Hospital,India,3015025.66
1071,Amoxicillin,Lupin,NORTH ,2025-02-14 14:00:00,2024-09-30,Antidiabetic,300,34427.51,10328253.0,2809,Ahmedabad,44,Phase 1,73.71,Rejected,74,4.2,Hospital,India,284621.22
1072,Metformin,Biocon,Central,2025-02-14 15:00:00,2024-07-18,Antidiabetic,422,29253.9,12345145.8,3907,Hyderabad,29,Phase 3,61.09,Rejected,16,1.3,Hospital,India,4198566.91
1073,Amoxicillin,Cadila,East Zone,2025-02-14 16:00:00,2018-07-20,Vaccine,84,33259.62,2793808.08,1427,Ahmedabad,37,Phase 2,85.07,Pending,86,4.1,Online,India,194547.32
1074,Omeprazole,Sun Pharma,west region,2025-02-14 17:00:00,2021-03-06,Antibiotic,372,17800.83,6621908.760000001,2030,Ahmedabad,47,Phase 1,86.33,Rejected,11,5.0,Online,India,1869965.47
1075,Losartan,Aurobindo,west region,2025-02-14 18:00:00,2022-07-31,Analgesic,988,38645.87,38182119.56,4653,Mumbai,46,Phase 4,82.93,Approved,11,2.4,Distributor,India,3581762.48
1076,Ibuprofen,Zydus,Central,2025-02-14 19:00:00,2018-09-14,Vaccine,47,39766.93,1869045.71,4824,Ahmedabad,10,Phase 2,97.25,Approved,79,2.1,Hospital,India,1981750.97
1077,Ibuprofen,Cadila,EAST,2025-02-14 20:00:00,2016-05-14,Cardiovascular,394,38938.97,15341954.18,4039,Bangalore,38,Phase 1,58.95,Pending,24,1.2,Online,India,3364476.45
1078,Ciprofloxacin,Zydus, east,2025-02-14 21:00:00,2017-03-02,Analgesic,23,2749.56,63239.88,2157,Mumbai,20,Phase 1,96.02,Rejected,86,3.3,Retail Pharmacy,India,1775906.18
1079,Atorvastatin,Sun Pharma,Central,2025-02-14 22:00:00,2015-02-06,Gastrointestinal,693,39787.57,27572786.01,1032,Mumbai,9,Phase 4,88.91,Approved,75,2.1,Distributor,India,4379890.58
1080,Metformin,Zydus,Central,2025-02-14 23:00:00,2023-09-01,Antibiotic,119,5478.81,651978.39,2622,Hyderabad,26,Phase 1,94.87,Rejected,19,3.3,Distributor,India,627106.47
1081,Azithromycin,Dr. Reddy's,Central,2025-02-15 00:00:00,2021-04-09,Antibiotic,303,36179.94,10962521.82,2795,Bangalore,34,Phase 4,53.09,Rejected,64,1.7,Online,India,429978.18
1082,Atorvastatin,Sun Pharma, east,2025-02-15 01:00:00,2021-10-26,Antidiabetic,544,30986.57,16856694.08,3352,Mumbai,42,Phase 3,92.11,Rejected,49,4.9,Distributor,India,2697918.73
1083,Ciprofloxacin,Glenmark,west region,2025-02-15 02:00:00,2016-08-31,Gastrointestinal,390,30478.56,11886638.4,2374,Bangalore,48,Phase 1,71.53,Rejected,44,2.5,Retail Pharmacy,India,4758375.7
1084,Metformin,Sun Pharma,Central,2025-02-15 03:00:00,2021-06-06,Analgesic,435,14706.62,6397379.7,3079,Ahmedabad,9,Phase 3,93.03,Approved,75,4.7,Hospital,India,4158514.88
1085,Ibuprofen,Aurobindo,west region,2025-02-15 04:00:00,2022-09-28,Gastrointestinal,687,27231.14,18707793.18,4056,Mumbai,21,Phase 4,77.65,Pending,13,1.8,Hospital,India,1756063.7
1086,Ciprofloxacin,Biocon,WEST,2025-02-15 05:00:00,2023-02-14,Vaccine,265,33380.03,8845707.95,1565,Pune,17,Phase 1,73.43,Pending,74,1.7,Online,India,2965450.48
1087,Azithromycin,Dr. Reddy's,EAST,2025-02-15 06:00:00,2018-01-05,Antidiabetic,63,22703.73,1430334.99,4304,Hyderabad,28,Phase 1,65.36,Approved,23,2.4,Retail Pharmacy,India,915919.77
1088,Ciprofloxacin,Zydus,Central,2025-02-15 07:00:00,2023-04-11,Cardiovascular,130,33770.46,4390159.8,4216,Ahmedabad,43,Phase 3,96.59,Pending,62,3.2,Distributor,India,3946118.13
1089,Amlodipine,Torrent,north,2025-02-15 08:00:00,2022-06-02,Cardiovascular,499,25136.2,12542963.8,2941,Pune,13,Phase 4,94.36,Approved,45,4.1,Hospital,India,4732448.69
1090,Losartan,Cipla,west region,2025-02-15 09:00:00,2017-05-21,Antibiotic,326,31825.15,10374998.9,2031,Bangalore,39,Phase 2,87.63,Approved,21,3.7,Online,India,4810166.81
1091,Atorvastatin,Lupin, North Region,2025-02-15 10:00:00,2015-07-22,Analgesic,667,39161.86,26120960.62,1170,Mumbai,20,Phase 1,64.76,Approved,37,3.0,Distributor,India,3946055.15
1092,Azithromycin,Biocon,south ,2025-02-15 11:00:00,2023-11-03,Analgesic,317,2712.32,859805.4400000001,4608,Mumbai,46,Phase 4,70.74,Pending,61,4.0,Retail Pharmacy,India,4385032.42
1093,Losartan,Torrent,WEST,2025-02-15 12:00:00,2021-03-09,Antidiabetic,714,27704.61,19781091.54,2325,Pune,48,Phase 4,81.47,Pending,82,1.1,Retail Pharmacy,India,4940175.31
1094,Amlodipine,Biocon,East Zone,2025-02-15 13:00:00,2019-04-15,Antibiotic,247,22194.51,5482043.97,3544,Hyderabad,29,Phase 2,76.14,Approved,15,1.4,Online,India,4429083.68
1095,,Biocon,NORTH ,2025-02-15 14:00:00,2016-02-10,Antidiabetic,132,3033.07,400365.2400000001,2417,Bangalore,38,Phase 1,88.68,Pending,78,4.4,Distributor,India,3793955.78
1096,Ciprofloxacin,Torrent,Central,2025-02-15 15:00:00,2022-05-01,Vaccine,908,12298.63,11167156.04,1983,Ahmedabad,22,Phase 3,78.72,Pending,82,1.9,Hospital,India,2770261.33
1097,Atorvastatin,Aurobindo,NORTH ,2025-02-15 16:00:00,2021-01-08,Cardiovascular,444,5625.89,2497895.16,1397,Bangalore,29,Phase 1,61.56,Approved,72,5.0,Distributor,India,235238.35
1098,Amoxicillin,Zydus, North Region,2025-02-15 17:00:00,2022-12-10,Cardiovascular,706,3137.86,2215329.16,1062,Bangalore,35,Phase 3,71.42,Rejected,47,1.3,Online,India,1537824.33
1099,Ciprofloxacin,Zydus,WEST,2025-02-15 18:00:00,2015-11-28,Gastrointestinal,342,20344.32,6957757.44,2911,Pune,11,Phase 2,81.37,Rejected,57,1.2,Retail Pharmacy,India,2879867.69
1100,Ibuprofen,Torrent,Central,2025-02-15 19:00:00,2021-11-27,Antibiotic,165,37345.16,6161951.4,4004,Pune,16,Phase 2,67.8,Rejected,78,4.5,Retail Pharmacy,India,990526.87
1101,Omeprazole,Cadila,souTh,2025-02-15 20:00:00,2022-11-25,Gastrointestinal,973,12531.09,12192750.57,4237,Hyderabad,3,Phase 2,82.65,Pending,68,2.8,Hospital,India,4742311.5
1102,Amlodipine,Dr. Reddy's,north,2025-02-15 21:00:00,2016-06-27,Antibiotic,651,36839.03,23982208.53,1206,Ahmedabad,41,Phase 4,61.54,Approved,21,2.2,Distributor,India,743001.12
1103,Ciprofloxacin,Aurobindo,west region,2025-02-15 22:00:00,2020-02-23,Cardiovascular,728,27277.14,19857757.92,4254,Mumbai,47,Phase 1,86.1,Approved,18,1.6,Distributor,India,3400652.42
1104,Metformin,Zydus,Central,2025-02-15 23:00:00,2019-01-04,Antibiotic,624,38517.95,24035200.8,1582,Bangalore,12,Phase 4,55.85,Approved,23,2.1,Distributor,India,4761585.54
1105,Metformin,Torrent,north,2025-02-16 00:00:00,2024-11-27,Antidiabetic,135,12792.58,1726998.3,2839,Mumbai,30,Phase 3,53.99,Rejected,55,3.2,Distributor,India,2401090.42
1106,Ibuprofen,Glenmark,Central,2025-02-16 01:00:00,2017-06-13,Antidiabetic,439,6664.7,2925803.3,3570,Pune,37,Phase 4,58.61,Approved,76,3.6,Online,India,702324.23
1107,Amlodipine,Sun Pharma,souTh,2025-02-16 02:00:00,2019-11-30,Vaccine,69,26437.99,1824221.31,3141,Mumbai,43,Phase 3,91.91,Rejected,57,4.6,Distributor,India,3369174.67
1108,Omeprazole,Dr. Reddy's,EAST,2025-02-16 03:00:00,2021-01-25,Gastrointestinal,86,21607.78,1858269.08,1025,Mumbai,4,Phase 4,60.2,Pending,17,1.0,Online,India,4884946.53
1109,Metformin,Cadila,west region,2025-02-16 04:00:00,2015-04-24,Gastrointestinal,793,19021.36,15083938.48,1630,Hyderabad,16,Phase 4,71.66,Approved,62,3.2,Hospital,India,4314079.2
1110,Omeprazole,Glenmark,NORTH ,2025-02-16 05:00:00,2018-05-20,Cardiovascular,714,12236.0,8736504.0,4534,Ahmedabad,29,Phase 2,63.83,Rejected,95,2.6,Hospital,India,605992.7
1111,Omeprazole,Dr. Reddy's,Central,2025-02-16 06:00:00,2018-04-27,Gastrointestinal,284,25479.97,7236311.48,2032,Pune,36,Phase 1,71.45,Rejected,99,4.7,Retail Pharmacy,India,108360.26
1112,Omeprazole,Glenmark,Central,2025-02-16 07:00:00,2021-03-06,Antidiabetic,283,25406.86,7190141.38,3558,Ahmedabad,47,Phase 4,76.71,Rejected,95,1.4,Hospital,India,116329.6
1113,Omeprazole,Lupin,East Zone,2025-02-16 08:00:00,2020-07-04,Antibiotic,558,17648.01,9847589.579999998,1110,Mumbai,12,Phase 4,87.99,Rejected,24,4.4,Hospital,India,4557763.92
1114,Omeprazole,Aurobindo,north,2025-02-16 09:00:00,2015-07-13,Antibiotic,288,9709.45,2796321.6,4511,Ahmedabad,26,Phase 2,86.51,Pending,92,3.9,Online,India,2164580.02
1115,Omeprazole,Cipla, east,2025-02-16 10:00:00,2021-12-22,Antidiabetic,307,8108.11,2489189.77,3627,Mumbai,11,Phase 1,63.83,Pending,45,2.0,Retail Pharmacy,India,476531.63
1116,Atorvastatin,Dr. Reddy's,Central,2025-02-16 11:00:00,2015-01-25,Antidiabetic,682,33189.37,22635150.340000004,4172,Pune,8,Phase 4,72.77,Pending,13,4.2,Online,India,3405622.13
1117,Ciprofloxacin,Sun Pharma,west region,2025-02-16 12:00:00,2019-07-17,Cardiovascular,692,9453.77,6542008.84,1115,Pune,12,Phase 4,74.55,Approved,53,4.0,Distributor,India,1675494.34
1118,Losartan,Glenmark,souTh,2025-02-16 13:00:00,2020-11-15,Cardiovascular,714,16071.36,11474951.04,3930,Pune,43,Phase 3,75.18,Rejected,34,2.6,Retail Pharmacy,India,837628.76
1119,Losartan,Dr. Reddy's,south ,2025-02-16 14:00:00,2017-05-01,Cardiovascular,899,19250.6,17306289.4,4079,Mumbai,0,Phase 3,64.44,Rejected,47,4.6,Retail Pharmacy,India,1067042.5
1120,Ibuprofen,Torrent,EAST,2025-02-16 15:00:00,2023-09-17,Cardiovascular,392,29620.57,11611263.44,2178,Ahmedabad,18,Phase 2,73.02,Pending,97,3.0,Retail Pharmacy,India,1007709.37
1121,Paracetamol,Biocon,north,2025-02-16 16:00:00,2023-06-01,Cardiovascular,823,14327.97,11791919.31,3315,Bangalore,37,Phase 4,88.1,Rejected,80,2.0,Distributor,India,4702442.8
1122,Ciprofloxacin,Sun Pharma, east,2025-02-16 17:00:00,2020-06-13,Vaccine,118,26598.53,3138626.54,1857,Mumbai,49,Phase 1,98.41,Pending,28,1.6,Hospital,India,4378644.1
1123,Ibuprofen,Zydus,East Zone,2025-02-16 18:00:00,2020-06-25,Cardiovascular,37,11375.09,420878.33,1659,Hyderabad,7,Phase 3,74.72,Pending,40,1.4,Online,India,2437302.0
1124,Paracetamol,Torrent,south ,2025-02-16 19:00:00,2022-08-14,Antidiabetic,298,13303.34,3964395.32,2496,Ahmedabad,14,Phase 3,76.15,Approved,75,2.6,Retail Pharmacy,India,1914185.0
1125,Amoxicillin,Cipla,SOUTH,2025-02-16 20:00:00,2021-12-01,Analgesic,36,34317.32,1235423.52,1758,Mumbai,47,Phase 4,60.85,Approved,10,3.7,Hospital,India,471041.54
1126,Ciprofloxacin,Torrent,west region,2025-02-16 21:00:00,2023-07-06,Analgesic,253,31833.31,8053827.430000001,3059,Pune,41,Phase 4,68.87,Pending,44,3.8,Hospital,India,3447093.21
1127,Amlodipine,Aurobindo, east,2025-02-16 22:00:00,2020-02-14,Cardiovascular,192,17481.92,3356528.64,4707,Hyderabad,39,Phase 3,95.64,Rejected,97,4.6,Online,India,1811396.22
1128,Paracetamol,Sun Pharma,north,2025-02-16 23:00:00,2021-11-26,Antidiabetic,615,39108.34,24051629.1,2890,Pune,39,Phase 3,89.47,Rejected,94,2.3,Hospital,India,4919235.3
1129,Omeprazole,Zydus, east,2025-02-17 00:00:00,2016-04-04,Antidiabetic,108,9851.28,1063938.24,2641,Hyderabad,25,Phase 2,94.18,Pending,71,1.1,Online,India,2294021.06
1130,Losartan,Cadila,SOUTH,2025-02-17 01:00:00,2024-08-29,Antidiabetic,505,21419.35,10816771.75,2321,Pune,37,Phase 1,92.86,Pending,27,3.2,Distributor,India,1915339.66
1131,Amoxicillin,Dr. Reddy's,souTh,2025-02-17 02:00:00,2016-06-12,Cardiovascular,282,12974.63,3658845.66,1661,Pune,22,Phase 1,56.35,Approved,65,2.3,Online,India,1446328.91
1132,,Lupin,East Zone,2025-02-17 03:00:00,2017-11-01,Gastrointestinal,446,2589.91,1155099.86,2890,Hyderabad,18,Phase 1,53.78,Pending,71,1.5,Retail Pharmacy,India,368084.82
1133,Amoxicillin,Glenmark,west region,2025-02-17 04:00:00,2024-06-07,Gastrointestinal,934,5259.96,4912802.64,2928,Ahmedabad,49,Phase 4,89.5,Rejected,70,2.5,Hospital,India,4987158.2
1134,Metformin,Dr. Reddy's, North Region,2025-02-17 05:00:00,2017-12-08,Vaccine,932,35678.15,33252035.8,1389,Pune,1,Phase 2,51.45,Rejected,24,2.1,Online,India,2483974.0
1135,Omeprazole,Aurobindo,WEST,2025-02-17 06:00:00,2017-01-24,Vaccine,633,4110.77,2602117.41,1151,Hyderabad,8,Phase 2,75.08,Approved,35,3.9,Distributor,India,3581232.62
1136,Ibuprofen,Sun Pharma,NORTH ,2025-02-17 07:00:00,2020-06-08,Antibiotic,361,13419.78,4844540.58,4371,Bangalore,8,Phase 4,63.79,Approved,71,3.9,Retail Pharmacy,India,95905.57
1137,Amoxicillin,Dr. Reddy's,EAST,2025-02-17 08:00:00,2021-09-28,Gastrointestinal,322,38204.28,12301778.16,1690,Mumbai,28,Phase 2,76.08,Pending,92,1.4,Hospital,India,815496.56
1138,Amoxicillin,Dr. Reddy's,NORTH ,2025-02-17 09:00:00,2016-05-25,Vaccine,884,17309.78,15301845.52,3612,Mumbai,41,Phase 1,86.11,Pending,54,1.4,Online,India,4335739.26
1139,Amlodipine,Glenmark,north,2025-02-17 10:00:00,2021-03-03,Antibiotic,575,25938.08,14914396.000000002,2278,Ahmedabad,0,Phase 2,74.86,Pending,40,2.3,Hospital,India,2996712.58
1140,Ibuprofen,Cipla,Central,2025-02-17 11:00:00,2021-02-28,Cardiovascular,766,35220.38,26978811.08,1459,Pune,4,Phase 3,78.03,Approved,97,3.6,Hospital,India,4338952.68
1141,Losartan,Aurobindo, North Region,2025-02-17 12:00:00,2016-07-02,Vaccine,710,34292.57,24347724.7,1131,Pune,12,Phase 4,80.77,Pending,45,4.1,Hospital,India,2102971.37
1142,Metformin,Biocon,west region,2025-02-17 13:00:00,2023-08-11,Analgesic,654,32547.2,21285868.8,4168,Pune,37,Phase 2,93.91,Pending,54,4.1,Retail Pharmacy,India,2504122.73
1143,Ibuprofen,Sun Pharma,west region,2025-02-17 14:00:00,2016-01-29,Cardiovascular,715,22483.53,16075723.95,3919,Hyderabad,45,Phase 3,70.46,Rejected,21,3.8,Distributor,India,3284416.28
1144,Metformin,Glenmark, east,2025-02-17 15:00:00,2022-06-15,Vaccine,149,18718.74,2789092.26,3763,Hyderabad,1,Phase 2,76.01,Approved,19,4.7,Online,India,283555.23
1145,Metformin,Biocon,Central,2025-02-17 16:00:00,2019-09-03,Antibiotic,514,10719.33,5509735.62,1260,Mumbai,30,Phase 3,91.36,Rejected,40,4.7,Hospital,India,897727.47
1146,Metformin,Biocon,East Zone,2025-02-17 17:00:00,2020-04-30,Antibiotic,374,23282.56,8707677.440000001,2748,Ahmedabad,45,Phase 3,79.94,Rejected,54,2.8,Distributor,India,4864552.94
1147,Metformin,Sun Pharma,south ,2025-02-17 18:00:00,2024-02-11,Cardiovascular,444,6314.3,2803549.2,1865,Mumbai,36,Phase 2,68.17,Pending,79,4.0,Online,India,4659191.66
1148,Paracetamol,Biocon, east,2025-02-17 19:00:00,2016-07-13,Analgesic,880,10896.39,9588823.2,2831,Pune,35,Phase 2,85.19,Rejected,10,4.4,Retail Pharmacy,India,3989172.4
1149,Paracetamol,Biocon,West ,2025-02-17 20:00:00,2020-08-28,Vaccine,92,9180.76,844629.92,3763,Pune,7,Phase 1,82.74,Rejected,89,1.3,Hospital,India,4578661.69
1150,Losartan,Aurobindo,West ,2025-02-17 21:00:00,2021-12-19,Antidiabetic,486,25491.11,12388679.46,2181,Hyderabad,27,Phase 4,53.5,Pending,29,3.9,Online,India,2826845.31
1151,Metformin,Lupin,WEST,2025-02-17 22:00:00,2021-07-08,Vaccine,626,38733.06,24246895.56,4539,Ahmedabad,1,Phase 2,65.02,Pending,83,2.5,Online,India,254657.93
1152,Losartan,Dr. Reddy's,west region,2025-02-17 23:00:00,2022-07-01,Gastrointestinal,269,35905.59,9658603.71,2360,Mumbai,20,Phase 2,69.39,Approved,86,3.0,Hospital,India,2657583.36
1153,Ciprofloxacin,Dr. Reddy's,west region,2025-02-18 00:00:00,2023-03-08,Antibiotic,919,6151.19,5652943.609999999,1448,Bangalore,1,Phase 1,68.48,Rejected,80,3.7,Online,India,3420181.3
1154,Azithromycin,Sun Pharma,SOUTH,2025-02-18 01:00:00,2024-08-05,Antidiabetic,685,10218.79,6999871.15,3912,Mumbai,12,Phase 2,81.05,Rejected,66,4.7,Retail Pharmacy,India,1452994.99
1155,Omeprazole,Cadila,souTh,2025-02-18 02:00:00,2016-10-09,Gastrointestinal,78,31239.24,2436660.72,1031,Pune,27,Phase 4,69.58,Approved,22,1.2,Retail Pharmacy,India,3500908.92
1156,Amoxicillin,Cadila,East Zone,2025-02-18 03:00:00,2018-03-27,Antidiabetic,384,3554.25,1364832.0,4063,Ahmedabad,44,Phase 2,59.13,Approved,48,3.5,Retail Pharmacy,India,3718907.39
1157,Metformin,Lupin,west region,2025-02-18 04:00:00,2018-01-13,Analgesic,789,4705.07,3712300.23,1863,Ahmedabad,15,Phase 1,50.33,Pending,77,4.5,Hospital,India,2317834.34
1158,Losartan,Torrent, North Region,2025-02-18 05:00:00,2023-07-23,Cardiovascular,302,39982.14,12074606.28,3456,Bangalore,37,Phase 4,79.32,Pending,32,2.7,Hospital,India,3811789.98
1159,Omeprazole,Torrent,south ,2025-02-18 06:00:00,2019-10-05,Antibiotic,133,28719.35,3819673.55,4591,Ahmedabad,6,Phase 4,60.13,Rejected,59,4.1,Hospital,India,3912339.28
1160,Paracetamol,Cipla,East Zone,2025-02-18 07:00:00,2024-02-06,Antibiotic,815,34590.65,28191379.75,4172,Ahmedabad,2,Phase 3,60.65,Pending,79,4.8,Online,India,2260962.93
1161,Azithromycin,Torrent,EAST,2025-02-18 08:00:00,2022-08-13,Gastrointestinal,816,1861.57,1519041.12,3548,Ahmedabad,8,Phase 3,92.22,Pending,54,2.4,Hospital,India,3110416.81
1162,Ciprofloxacin,Glenmark,Central,2025-02-18 09:00:00,2018-12-28,Antibiotic,162,25059.75,4059679.5,1759,Hyderabad,16,Phase 4,99.84,Approved,23,2.5,Online,India,1699108.84
1163,Atorvastatin,Torrent,Central,2025-02-18 10:00:00,2018-04-12,Cardiovascular,975,39734.76,38741391.0,2180,Pune,47,Phase 1,83.61,Approved,67,1.3,Distributor,India,525247.07
1164,Metformin,Lupin,NORTH ,2025-02-18 11:00:00,2016-10-30,Vaccine,184,20176.22,3712424.48,2001,Bangalore,7,Phase 1,80.61,Approved,66,2.6,Hospital,India,906410.86
1165,Metformin,Dr. Reddy's, east,2025-02-18 12:00:00,2024-03-09,Analgesic,554,10769.05,5966053.699999999,2396,Ahmedabad,5,Phase 1,84.94,Rejected,53,1.0,Retail Pharmacy,India,337810.21
1166,Paracetamol,Sun Pharma,Central,2025-02-18 13:00:00,2015-04-27,Antibiotic,156,12167.47,1898125.32,4610,Pune,20,Phase 1,82.16,Approved,77,2.7,Online,India,3751266.93
1167,Atorvastatin,Sun Pharma,west region,2025-02-18 14:00:00,2022-07-20,Gastrointestinal,339,10114.15,3428696.85,3029,Mumbai,10,Phase 2,59.32,Rejected,13,4.6,Online,India,1784661.12
1168,Ibuprofen,Aurobindo,NORTH ,2025-02-18 15:00:00,2019-04-29,Antidiabetic,127,39716.01,5043933.2700000005,4508,Mumbai,48,Phase 3,68.24,Pending,27,4.5,Online,India,2048165.46
1169,Losartan,Cipla,south ,2025-02-18 16:00:00,2024-07-09,Analgesic,519,14672.85,7615209.15,3503,Ahmedabad,9,Phase 2,52.75,Pending,61,2.2,Online,India,1671300.76
1170,Amlodipine,Lupin, North Region,2025-02-18 17:00:00,2018-01-13,Gastrointestinal,687,18575.83,12761595.21,1259,Ahmedabad,48,Phase 3,74.04,Pending,35,3.2,Retail Pharmacy,India,1431552.91
1171,Azithromycin,Cipla,Central,2025-02-18 18:00:00,2016-11-08,Cardiovascular,664,30946.41,20548416.24,4370,Pune,24,Phase 1,62.74,Pending,69,3.1,Online,India,3508267.82
1172,Amoxicillin,Lupin,west region,2025-02-18 19:00:00,2015-03-19,Analgesic,912,9542.98,8703197.76,1036,Hyderabad,45,Phase 2,83.48,Pending,98,4.0,Hospital,India,2667360.49
1173,Losartan,Glenmark,west region,2025-02-18 20:00:00,2015-02-20,Cardiovascular,342,1898.85,649406.7,3865,Pune,11,Phase 3,83.32,Approved,55,4.1,Distributor,India,3859425.45
1174,Omeprazole,Torrent,East Zone,2025-02-18 21:00:00,2022-11-10,Antidiabetic,248,33457.43,8297442.64,3348,Pune,1,Phase 2,75.91,Pending,71,1.4,Distributor,India,464006.29
1175,Amoxicillin,Cadila,north,2025-02-18 22:00:00,2015-01-10,Antibiotic,905,33247.02,30088553.1,4550,Hyderabad,11,Phase 1,61.5,Rejected,90,4.3,Online,India,1977521.91
1176,Paracetamol,Zydus,Central,2025-02-18 23:00:00,2016-02-27,Vaccine,614,18564.26,11398455.64,1624,Mumbai,10,Phase 3,90.2,Approved,79,2.3,Online,India,3955408.48
1177,Metformin,Dr. Reddy's,NORTH ,2025-02-19 00:00:00,2021-12-30,Antibiotic,518,23930.12,12395802.16,2225,Hyderabad,23,Phase 3,71.47,Rejected,94,3.3,Online,India,2172633.83
1178,Paracetamol,Dr. Reddy's,souTh,2025-02-19 01:00:00,2017-04-06,Cardiovascular,76,29312.54,2227753.04,3194,Bangalore,47,Phase 4,79.81,Pending,16,3.7,Distributor,India,1667650.15
1179,,Lupin,SOUTH,2025-02-19 02:00:00,2019-08-20,Cardiovascular,796,21243.58,16909889.68,1601,Pune,30,Phase 4,55.41,Approved,50,2.6,Retail Pharmacy,India,999526.64
1180,Omeprazole,Glenmark,East Zone,2025-02-19 03:00:00,2019-05-24,Analgesic,934,33741.72,31514766.48,2171,Pune,40,Phase 2,71.21,Pending,32,4.2,Distributor,India,2287083.26
1181,Ibuprofen,Dr. Reddy's,west region,2025-02-19 04:00:00,2021-04-22,Antidiabetic,232,17220.72,3995207.04,2473,Pune,26,Phase 3,74.58,Rejected,82,1.8,Online,India,2002074.77
1182,Losartan,Torrent,WEST,2025-02-19 05:00:00,2018-07-13,Antibiotic,904,2659.15,2403871.6,1179,Ahmedabad,3,Phase 2,99.46,Rejected,39,3.0,Online,India,594707.95
1183,Losartan,Dr. Reddy's, east,2025-02-19 06:00:00,2020-11-25,Antibiotic,260,15769.18,4099986.8,1359,Pune,6,Phase 4,56.44,Pending,31,4.0,Online,India,113832.87
1184,Amoxicillin,Torrent,souTh,2025-02-19 07:00:00,2021-10-25,Antibiotic,472,38471.61,18158599.92,4955,Ahmedabad,21,Phase 3,68.97,Approved,45,1.0,Online,India,3510468.51
1185,Atorvastatin,Zydus,West ,2025-02-19 08:00:00,2017-06-25,Vaccine,641,30311.7,19429799.7,2132,Hyderabad,48,Phase 3,90.47,Pending,92,2.4,Distributor,India,4631802.4
1186,Amlodipine,Torrent,souTh,2025-02-19 09:00:00,2017-05-07,Antibiotic,159,29853.99,4746784.41,4723,Mumbai,40,Phase 1,61.69,Pending,46,1.9,Hospital,India,646101.93
1187,Paracetamol,Biocon,SOUTH,2025-02-19 10:00:00,2020-06-02,Antibiotic,65,31557.78,2051255.7,4331,Pune,28,Phase 2,99.9,Approved,86,2.4,Online,India,3297847.99
1188,Metformin,Lupin,West ,2025-02-19 11:00:00,2018-10-11,Antidiabetic,839,39246.51,32927821.89,2835,Pune,17,Phase 2,69.49,Approved,96,1.4,Distributor,India,4726978.84
1189,Paracetamol,Cipla,west region,2025-02-19 12:00:00,2018-09-03,Analgesic,777,20159.99,15664312.23,4061,Mumbai,31,Phase 2,87.47,Pending,84,2.8,Distributor,India,2070853.5
1190,Paracetamol,Sun Pharma, North Region,2025-02-19 13:00:00,2023-07-15,Vaccine,437,14011.03,6122820.11,1320,Hyderabad,48,Phase 2,79.71,Approved,73,4.6,Hospital,India,1006568.86
1191,Amoxicillin,Dr. Reddy's,West ,2025-02-19 14:00:00,2023-06-25,Vaccine,382,7791.57,2976379.74,4753,Bangalore,20,Phase 1,54.73,Rejected,13,2.2,Hospital,India,294801.41
1192,Azithromycin,Aurobindo,west region,2025-02-19 15:00:00,2018-11-18,Antidiabetic,486,24406.47,11861544.42,3194,Bangalore,31,Phase 2,54.86,Pending,39,3.5,Retail Pharmacy,India,4934035.92
1193,Ciprofloxacin,Cadila, east,2025-02-19 16:00:00,2017-06-27,Vaccine,733,22791.45,16706132.85,4519,Bangalore,2,Phase 4,94.25,Pending,59,4.8,Online,India,371593.08
1194,Atorvastatin,Cipla,west region,2025-02-19 17:00:00,2017-08-04,Gastrointestinal,612,18354.61,11233021.32,4134,Ahmedabad,42,Phase 3,65.43,Pending,98,4.3,Distributor,India,1791870.75
1195,Losartan,Cadila, east,2025-02-19 18:00:00,2024-05-28,Antidiabetic,565,8353.97,4719993.05,1977,Pune,37,Phase 2,75.3,Pending,26,3.0,Online,India,2288286.34
1196,Atorvastatin,Dr. Reddy's, east,2025-02-19 19:00:00,2023-10-01,Gastrointestinal,334,37464.53,12513153.02,3812,Mumbai,1,Phase 4,67.64,Rejected,23,3.1,Distributor,India,3354406.71
1197,Paracetamol,Torrent,East Zone,2025-02-19 20:00:00,2021-03-11,Cardiovascular,265,26905.21,7129880.649999999,2353,Mumbai,11,Phase 1,79.75,Rejected,59,3.6,Distributor,India,4322792.12
1198,Amoxicillin,Cadila,souTh,2025-02-19 21:00:00,2021-11-14,Analgesic,496,39262.39,19474145.44,2462,Pune,4,Phase 1,67.88,Approved,81,1.1,Distributor,India,2719666.58
1199,Azithromycin,Cipla,WEST,2025-02-19 22:00:00,2022-04-27,Gastrointestinal,899,28044.77,25212248.23,4510,Hyderabad,39,Phase 2,64.81,Rejected,34,4.4,Hospital,India,4135297.35
1200,Amlodipine,Zydus, east,2025-02-19 23:00:00,2021-03-02,Cardiovascular,277,30229.47,8373563.19,3488,Hyderabad,44,Phase 3,57.71,Approved,17,3.3,Retail Pharmacy,India,2211097.28
1201,Amoxicillin,Biocon,WEST,2025-02-20 00:00:00,2019-02-20,Antibiotic,224,5575.1,1248822.4,2308,Mumbai,23,Phase 3,77.62,Pending,37,1.3,Online,India,2561571.76
1202,Paracetamol,Biocon,Central,2025-02-20 01:00:00,2023-09-09,Antibiotic,128,17931.58,2295242.24,2908,Bangalore,3,Phase 4,69.95,Pending,27,3.6,Retail Pharmacy,India,4877961.52
1203,Ciprofloxacin,Cipla, east,2025-02-20 02:00:00,2016-06-11,Analgesic,211,6920.1,1460141.1,4356,Bangalore,36,Phase 3,81.48,Approved,60,4.9,Distributor,India,1336368.83
1204,Losartan,Dr. Reddy's,NORTH ,2025-02-20 03:00:00,2022-05-10,Gastrointestinal,167,10885.63,1817900.21,4840,Mumbai,24,Phase 4,86.8,Pending,17,1.3,Distributor,India,2657797.4
1205,Omeprazole,Dr. Reddy's,Central,2025-02-20 04:00:00,2018-02-10,Cardiovascular,362,24565.23,8892613.26,1272,Hyderabad,6,Phase 3,86.15,Pending,46,2.4,Online,India,3883891.05
1206,Metformin,Sun Pharma,EAST,2025-02-20 05:00:00,2021-07-20,Analgesic,525,26226.93,13769138.25,4304,Mumbai,21,Phase 4,92.74,Rejected,21,3.1,Hospital,India,3071815.15
1207,,Cipla,Central,2025-02-20 06:00:00,2023-03-10,Gastrointestinal,891,7404.87,6597739.17,3769,Pune,35,Phase 4,57.94,Rejected,44,2.1,Retail Pharmacy,India,1491038.22
1208,Losartan,Lupin,north,2025-02-20 07:00:00,2017-08-24,Vaccine,451,26130.05,11784652.55,1984,Mumbai,5,Phase 3,74.74,Pending,22,4.4,Hospital,India,3031845.3
1209,Metformin,Biocon,Central,2025-02-20 08:00:00,2016-07-15,Antidiabetic,619,3879.52,2401422.88,1816,Ahmedabad,23,Phase 4,90.01,Approved,14,2.5,Online,India,4006501.86
1210,Atorvastatin,Cipla,West ,2025-02-20 09:00:00,2024-04-02,Vaccine,819,19699.65,16134013.35,3505,Ahmedabad,29,Phase 1,52.67,Pending,80,3.6,Online,India,4479204.52
1211,Ciprofloxacin,Aurobindo,souTh,2025-02-20 10:00:00,2018-03-11,Analgesic,966,10088.6,9745587.6,1499,Pune,40,Phase 3,61.64,Approved,75,4.8,Online,India,1994146.18
1212,Omeprazole,Cipla,south ,2025-02-20 11:00:00,2022-11-14,Vaccine,841,7192.79,6049136.39,2871,Ahmedabad,20,Phase 4,80.01,Rejected,24,2.6,Distributor,India,4463653.65
1213,Paracetamol,Torrent,NORTH ,2025-02-20 12:00:00,2019-10-03,Antidiabetic,41,363.67,14910.47,4879,Bangalore,42,Phase 2,93.73,Approved,25,1.1,Distributor,India,781123.79
1214,Losartan,Cipla,Central,2025-02-20 13:00:00,2017-07-15,Antidiabetic,30,16388.43,491652.9,1912,Hyderabad,28,Phase 4,71.67,Rejected,90,2.6,Online,India,2086873.2
1215,Metformin,Sun Pharma,Central,2025-02-20 14:00:00,2019-04-03,Analgesic,474,28951.26,13722897.239999998,4824,Pune,13,Phase 4,68.97,Approved,69,4.4,Distributor,India,3212786.18
1216,Ibuprofen,Cipla,East Zone,2025-02-20 15:00:00,2022-10-21,Vaccine,660,34327.43,22656103.8,4782,Bangalore,0,Phase 1,64.28,Pending,69,3.1,Retail Pharmacy,India,1170655.53
1217,Metformin,Dr. Reddy's, North Region,2025-02-20 16:00:00,2015-12-12,Vaccine,872,17389.09,15163286.48,4455,Mumbai,4,Phase 1,90.1,Pending,73,2.0,Online,India,3514926.94
1218,Omeprazole,Cipla,north,2025-02-20 17:00:00,2022-12-20,Vaccine,64,30382.08,1944453.12,2079,Hyderabad,39,Phase 1,68.75,Approved,55,2.5,Hospital,India,2848591.73
1219,Atorvastatin,Biocon,NORTH ,2025-02-20 18:00:00,2019-07-21,Vaccine,926,37706.89,34916580.14,4217,Mumbai,37,Phase 2,60.54,Pending,19,4.8,Hospital,India,4867341.79
1220,Ciprofloxacin,Cipla,north,2025-02-20 19:00:00,2023-08-22,Gastrointestinal,828,20390.59,16883408.52,2812,Bangalore,7,Phase 1,58.87,Approved,16,4.5,Distributor,India,1294702.26
1221,Atorvastatin,Biocon,NORTH ,2025-02-20 20:00:00,2020-08-25,Antidiabetic,699,22465.14,15703132.86,3746,Mumbai,20,Phase 1,55.41,Pending,16,1.5,Hospital,India,469887.41
1222,Ciprofloxacin,Aurobindo, North Region,2025-02-20 21:00:00,2022-12-21,Gastrointestinal,139,12979.59,1804163.01,4501,Mumbai,6,Phase 1,93.69,Rejected,95,2.3,Online,India,1285717.94
1223,Amlodipine,Biocon,south ,2025-02-20 22:00:00,2018-10-16,Antibiotic,877,29957.89,26273069.53,4941,Ahmedabad,42,Phase 4,73.65,Approved,64,4.7,Distributor,India,1219144.1
1224,Ibuprofen,Torrent,north,2025-02-20 23:00:00,2017-04-23,Cardiovascular,635,17061.82,10834255.7,1285,Pune,28,Phase 4,96.15,Rejected,23,2.6,Hospital,India,2150139.47
1225,Azithromycin,Sun Pharma,north,2025-02-21 00:00:00,2021-12-02,Cardiovascular,977,26737.84,26122869.68,2602,Bangalore,3,Phase 4,86.4,Rejected,48,2.3,Online,India,1419667.57
1226,Atorvastatin,Torrent, North Region,2025-02-21 01:00:00,2016-04-01,Antibiotic,276,21197.84,5850603.84,1694,Mumbai,21,Phase 1,94.3,Rejected,53,4.1,Distributor,India,524375.05
1227,Amlodipine,Glenmark,SOUTH,2025-02-21 02:00:00,2023-03-18,Cardiovascular,925,20937.67,19367344.75,1736,Bangalore,4,Phase 4,87.82,Pending,55,1.8,Online,India,2004072.55
1228,Azithromycin,Cipla,WEST,2025-02-21 03:00:00,2021-10-21,Vaccine,342,19976.95,6832116.9,1016,Pune,38,Phase 4,88.48,Pending,53,3.5,Hospital,India,1070392.55
1229,Paracetamol,Sun Pharma,Central,2025-02-21 04:00:00,2020-10-17,Cardiovascular,320,32221.52,10310886.4,4915,Hyderabad,39,Phase 2,95.36,Pending,36,3.3,Hospital,India,2332623.53
1230,Ibuprofen,Cadila, North Region,2025-02-21 05:00:00,2021-02-08,Analgesic,207,13802.42,2857100.94,4699,Bangalore,4,Phase 2,71.26,Rejected,56,4.9,Distributor,India,2644383.17
1231,Ibuprofen,Biocon, east,2025-02-21 06:00:00,2020-08-23,Gastrointestinal,619,29303.78,18139039.82,4949,Bangalore,19,Phase 2,61.85,Pending,12,1.6,Hospital,India,3339983.71
1232,Ciprofloxacin,Dr. Reddy's,WEST,2025-02-21 07:00:00,2023-10-17,Analgesic,928,1570.23,1457173.44,1955,Hyderabad,43,Phase 4,88.47,Approved,23,3.7,Distributor,India,3719309.05
1233,Ciprofloxacin,Cipla,NORTH ,2025-02-21 08:00:00,2017-03-23,Gastrointestinal,406,12818.48,5204302.88,1988,Ahmedabad,25,Phase 4,80.45,Approved,28,4.2,Online,India,3915110.68
1234,Amoxicillin,Dr. Reddy's,East Zone,2025-02-21 09:00:00,2021-04-04,Analgesic,14,31269.74,437776.36,2084,Pune,5,Phase 3,86.62,Approved,80,2.7,Hospital,India,1151401.29
1235,Metformin,Cipla,WEST,2025-02-21 10:00:00,2020-02-04,Analgesic,406,36557.85,14842487.1,3554,Mumbai,26,Phase 1,56.4,Pending,29,4.4,Online,India,517058.28
1236,Omeprazole,Sun Pharma,Central,2025-02-21 11:00:00,2023-05-12,Analgesic,502,36321.72,18233503.44,1526,Pune,30,Phase 4,65.4,Approved,49,1.6,Retail Pharmacy,India,2774201.89
1237,Ciprofloxacin,Biocon,EAST,2025-02-21 12:00:00,2024-07-17,Gastrointestinal,260,24090.12,6263431.2,4944,Pune,44,Phase 1,70.37,Approved,46,3.9,Online,India,3962131.68
1238,Amlodipine,Torrent,west region,2025-02-21 13:00:00,2021-11-25,Antibiotic,605,32471.05,19644985.25,3540,Pune,17,Phase 3,53.23,Approved,51,1.1,Hospital,India,2215269.84
1239,Azithromycin,Zydus,West ,2025-02-21 14:00:00,2022-08-16,Antidiabetic,89,8529.77,759149.53,1823,Pune,40,Phase 4,78.94,Approved,63,1.1,Hospital,India,4757225.84
1240,Ciprofloxacin,Lupin,EAST,2025-02-21 15:00:00,2024-02-12,Antidiabetic,996,35865.5,35722038.0,3358,Pune,48,Phase 4,89.02,Approved,51,2.5,Hospital,India,2026361.9
1241,,Sun Pharma,Central,2025-02-21 16:00:00,2016-11-11,Antibiotic,339,14704.16,4984710.24,2809,Hyderabad,43,Phase 3,68.09,Pending,95,3.0,Retail Pharmacy,India,2768253.19
1242,Amlodipine,Lupin,south ,2025-02-21 17:00:00,2015-03-30,Analgesic,914,29334.45,26811687.3,2615,Bangalore,18,Phase 3,74.34,Approved,85,3.6,Distributor,India,376628.8
1243,Amlodipine,Lupin,Central,2025-02-21 18:00:00,2018-04-20,Gastrointestinal,117,24539.76,2871151.92,3881,Ahmedabad,40,Phase 3,63.52,Pending,59,4.2,Online,India,1956274.52
1244,Omeprazole,Biocon,SOUTH,2025-02-21 19:00:00,2022-02-04,Analgesic,561,25400.6,14249736.6,3702,Ahmedabad,30,Phase 1,73.1,Approved,46,1.0,Online,India,3812878.19
1245,Azithromycin,Zydus,WEST,2025-02-21 20:00:00,2023-05-02,Vaccine,325,14031.84,4560348.0,3074,Ahmedabad,32,Phase 4,51.91,Rejected,14,4.4,Online,India,83388.3
1246,Azithromycin,Sun Pharma,SOUTH,2025-02-21 21:00:00,2020-02-02,Antidiabetic,217,16493.46,3579080.82,3399,Mumbai,7,Phase 3,55.77,Pending,86,3.5,Retail Pharmacy,India,4910158.08
1247,Paracetamol,Aurobindo,SOUTH,2025-02-21 22:00:00,2020-05-28,Gastrointestinal,484,38938.13,18846054.92,3863,Mumbai,7,Phase 4,87.68,Pending,30,4.0,Online,India,905559.27
1248,Paracetamol,Biocon,north,2025-02-21 23:00:00,2015-02-03,Cardiovascular,720,34073.19,24532696.8,4547,Pune,30,Phase 1,60.69,Rejected,31,1.6,Online,India,680059.74
1249,Omeprazole,Aurobindo,WEST,2025-02-22 00:00:00,2016-03-09,Gastrointestinal,575,22580.31,12983678.25,4840,Mumbai,43,Phase 1,72.14,Pending,20,2.6,Retail Pharmacy,India,2041107.94
1250,Losartan,Zydus, east,2025-02-22 01:00:00,2024-11-05,Antidiabetic,993,5576.66,5537623.38,3810,Bangalore,37,Phase 1,97.12,Rejected,45,4.2,Hospital,India,2567823.39
1251,Metformin,Sun Pharma,Central,2025-02-22 02:00:00,2018-02-19,Vaccine,85,24132.22,2051238.7,3171,Ahmedabad,11,Phase 3,96.77,Rejected,65,2.8,Online,India,153671.51
1252,Amlodipine,Lupin,Central,2025-02-22 03:00:00,2023-09-25,Antibiotic,707,10555.2,7462526.4,2648,Mumbai,8,Phase 1,70.42,Pending,88,4.0,Distributor,India,4759857.33
1253,Atorvastatin,Glenmark,north,2025-02-22 04:00:00,2015-08-10,Analgesic,477,25919.59,12363644.43,4536,Pune,14,Phase 4,65.05,Pending,37,3.8,Online,India,1431119.78
1254,Atorvastatin,Cadila, east,2025-02-22 05:00:00,2023-04-21,Analgesic,783,38009.12,29761140.96,1427,Bangalore,15,Phase 3,84.68,Pending,36,1.8,Online,India,4092303.42
1255,Paracetamol,Lupin,west region,2025-02-22 06:00:00,2017-06-18,Gastrointestinal,269,3015.09,811059.2100000001,4573,Mumbai,20,Phase 3,71.6,Pending,44,1.8,Online,India,1649441.93
1256,Amlodipine,Aurobindo,East Zone,2025-02-22 07:00:00,2017-05-01,Analgesic,129,6893.36,889243.44,3914,Pune,48,Phase 4,99.09,Approved,32,2.2,Online,India,4799516.37
1257,Omeprazole,Glenmark,WEST,2025-02-22 08:00:00,2019-02-17,Gastrointestinal,892,9126.33,8140686.36,2047,Mumbai,11,Phase 1,64.39,Pending,13,2.6,Online,India,2365338.28
1258,Omeprazole,Lupin,souTh,2025-02-22 09:00:00,2022-12-09,Antidiabetic,307,1967.06,603887.4199999999,4403,Pune,34,Phase 4,79.67,Pending,15,3.4,Distributor,India,4512646.02
1259,Paracetamol,Lupin, North Region,2025-02-22 10:00:00,2019-01-08,Cardiovascular,773,1042.38,805759.7400000001,4350,Ahmedabad,16,Phase 3,88.93,Pending,93,3.0,Hospital,India,3993311.3
1260,Ibuprofen,Glenmark,Central,2025-02-22 11:00:00,2022-08-01,Antidiabetic,739,3499.47,2586108.33,3522,Pune,48,Phase 1,52.54,Pending,71,2.6,Online,India,1819810.86
1261,Amlodipine,Sun Pharma,WEST,2025-02-22 12:00:00,2022-01-01,Cardiovascular,829,3935.53,3262554.37,4317,Mumbai,43,Phase 4,56.86,Approved,91,3.2,Retail Pharmacy,India,1122142.63
1262,Azithromycin,Zydus,Central,2025-02-22 13:00:00,2024-12-23,Antibiotic,225,17409.9,3917227.500000001,1142,Pune,18,Phase 4,52.43,Rejected,56,4.4,Distributor,India,896323.42
1263,Omeprazole,Biocon,West ,2025-02-22 14:00:00,2022-04-03,Cardiovascular,862,39671.9,34197177.800000004,1203,Pune,10,Phase 4,98.16,Approved,21,3.9,Online,India,1259555.83
1264,Paracetamol,Biocon,west region,2025-02-22 15:00:00,2022-02-21,Analgesic,865,33434.94,28921223.1,2324,Bangalore,49,Phase 3,51.39,Rejected,61,3.9,Retail Pharmacy,India,2599840.0
1265,Losartan,Biocon,West ,2025-02-22 16:00:00,2022-09-06,Analgesic,370,34711.81,12843369.7,1973,Hyderabad,40,Phase 2,70.85,Approved,33,4.0,Distributor,India,2809631.19
1266,Ciprofloxacin,Sun Pharma, North Region,2025-02-22 17:00:00,2015-11-19,Vaccine,505,21911.53,11065322.65,2863,Pune,33,Phase 4,62.31,Approved,31,4.9,Distributor,India,651203.17
1267,Ibuprofen,Dr. Reddy's,Central,2025-02-22 18:00:00,2017-12-23,Analgesic,936,21997.61,20589762.96,4705,Mumbai,39,Phase 4,55.08,Pending,73,2.8,Hospital,India,4891383.15
1268,Ibuprofen,Biocon,Central,2025-02-22 19:00:00,2024-08-09,Antidiabetic,837,345.77,289409.49,2543,Mumbai,27,Phase 4,79.65,Pending,45,3.0,Online,India,3075733.97
1269,Ciprofloxacin,Dr. Reddy's,SOUTH,2025-02-22 20:00:00,2022-08-13,Cardiovascular,20,11962.13,239242.6,4196,Mumbai,42,Phase 4,98.83,Rejected,19,1.3,Online,India,337143.38
1270,Atorvastatin,Aurobindo,Central,2025-02-22 21:00:00,2018-09-07,Cardiovascular,851,23006.67,19578676.17,2818,Mumbai,30,Phase 4,63.03,Rejected,34,4.9,Hospital,India,1042857.68
1271,Metformin,Biocon,East Zone,2025-02-22 22:00:00,2019-08-24,Antibiotic,660,17269.46,11397843.6,4568,Mumbai,44,Phase 1,63.32,Rejected,29,4.4,Online,India,1482447.6
1272,Atorvastatin,Torrent,Central,2025-02-22 23:00:00,2016-01-10,Antibiotic,344,6154.49,2117144.56,3583,Pune,45,Phase 4,92.86,Pending,58,2.8,Distributor,India,3338295.05
1273,Atorvastatin,Zydus,EAST,2025-02-23 00:00:00,2022-02-01,Cardiovascular,749,15674.63,11740297.87,4178,Ahmedabad,42,Phase 4,71.89,Rejected,13,4.4,Distributor,India,170537.18
1274,Paracetamol,Aurobindo,NORTH ,2025-02-23 01:00:00,2023-05-11,Vaccine,792,32287.66,25571826.72,4068,Ahmedabad,44,Phase 4,73.01,Approved,81,2.8,Retail Pharmacy,India,4613323.12
1275,Paracetamol,Zydus,Central,2025-02-23 02:00:00,2018-08-11,Antibiotic,307,20083.48,6165628.359999999,1655,Hyderabad,31,Phase 3,85.89,Pending,49,1.8,Online,India,4851649.49
1276,Azithromycin,Dr. Reddy's,NORTH ,2025-02-23 03:00:00,2021-07-14,Vaccine,963,10578.1,10186710.3,2951,Pune,36,Phase 3,75.17,Rejected,30,4.9,Hospital,India,636584.26
1277,Amlodipine,Cipla,EAST,2025-02-23 04:00:00,2021-02-10,Gastrointestinal,935,32047.51,29964421.85,1720,Mumbai,35,Phase 2,96.98,Approved,31,1.8,Distributor,India,1264182.88
1278,Omeprazole,Aurobindo,SOUTH,2025-02-23 05:00:00,2015-11-27,Analgesic,944,671.32,633726.0800000001,1369,Ahmedabad,33,Phase 4,80.84,Pending,26,3.7,Distributor,India,3000106.19
1279,Amoxicillin,Cipla,souTh,2025-02-23 06:00:00,2018-03-17,Cardiovascular,161,17555.5,2826435.5,1015,Ahmedabad,3,Phase 2,82.12,Rejected,65,1.3,Hospital,India,1893961.93
1280,Amlodipine,Biocon,Central,2025-02-23 07:00:00,2016-05-05,Antibiotic,982,25504.53,25045448.46,3751,Mumbai,9,Phase 3,84.55,Approved,40,1.9,Distributor,India,1558675.15
1281,Metformin,Cipla,north,2025-02-23 08:00:00,2021-10-30,Gastrointestinal,269,22019.16,5923154.04,2949,Hyderabad,10,Phase 3,65.21,Approved,68,4.2,Distributor,India,4067948.47
1282,,Torrent, east,2025-02-23 09:00:00,2018-05-17,Gastrointestinal,724,13460.49,9745394.76,1404,Pune,44,Phase 1,91.3,Rejected,15,1.3,Distributor,India,828275.86
1283,Ibuprofen,Zydus,East Zone,2025-02-23 10:00:00,2024-12-07,Cardiovascular,281,31458.95,8839964.950000001,1632,Pune,0,Phase 3,83.58,Approved,31,3.8,Distributor,India,4595827.04
1284,Atorvastatin,Glenmark,west region,2025-02-23 11:00:00,2021-04-28,Antidiabetic,687,15459.47,10620655.89,3657,Pune,20,Phase 4,86.45,Approved,36,4.6,Online,India,595024.04
1285,Omeprazole,Zydus,Central,2025-02-23 12:00:00,2024-02-07,Cardiovascular,427,118.52,50608.04,2775,Pune,49,Phase 2,79.05,Rejected,84,3.3,Hospital,India,333698.23
1286,Amoxicillin,Aurobindo, east,2025-02-23 13:00:00,2023-01-11,Antibiotic,389,3217.52,1251615.28,1373,Ahmedabad,24,Phase 2,72.5,Pending,33,2.5,Retail Pharmacy,India,4265353.44
1287,,Biocon,Central,2025-02-23 14:00:00,2020-02-04,Cardiovascular,548,37444.65,20519668.2,2800,Hyderabad,12,Phase 1,94.57,Rejected,64,3.3,Retail Pharmacy,India,4857402.96
1288,Ciprofloxacin,Cadila,south ,2025-02-23 15:00:00,2020-01-28,Antidiabetic,380,7623.93,2897093.4,2719,Pune,4,Phase 1,52.48,Pending,10,2.8,Online,India,2951232.37
1289,,Dr. Reddy's,East Zone,2025-02-23 16:00:00,2021-03-18,Analgesic,78,12101.75,943936.5,3020,Mumbai,38,Phase 4,55.38,Pending,48,3.8,Hospital,India,4946995.89
1290,Amoxicillin,Aurobindo, east,2025-02-23 17:00:00,2024-11-20,Cardiovascular,773,2205.11,1704550.03,1486,Pune,11,Phase 3,63.49,Approved,33,2.5,Distributor,India,1294489.19
1291,Losartan,Dr. Reddy's, North Region,2025-02-23 18:00:00,2018-12-24,Cardiovascular,459,6271.25,2878503.75,2499,Hyderabad,2,Phase 1,69.74,Rejected,59,3.3,Hospital,India,1270960.55
1292,Azithromycin,Zydus,south ,2025-02-23 19:00:00,2016-04-16,Cardiovascular,604,6968.92,4209227.68,3897,Pune,19,Phase 3,84.21,Rejected,71,2.3,Online,India,508855.83
1293,Atorvastatin,Biocon,West ,2025-02-23 20:00:00,2021-10-05,Gastrointestinal,179,8319.25,1489145.75,2077,Hyderabad,38,Phase 1,85.97,Rejected,95,4.8,Distributor,India,1058011.68
1294,Azithromycin,Cadila,EAST,2025-02-23 21:00:00,2016-03-10,Cardiovascular,182,16150.1,2939318.2,2709,Mumbai,16,Phase 4,80.36,Approved,73,1.1,Hospital,India,3554261.65
1295,Ibuprofen,Cadila,SOUTH,2025-02-23 22:00:00,2017-03-31,Antidiabetic,181,25208.49,4562736.69,3271,Mumbai,42,Phase 2,66.23,Pending,22,3.3,Hospital,India,3049768.3
1296,Atorvastatin,Glenmark,EAST,2025-02-23 23:00:00,2022-01-15,Cardiovascular,122,39181.91,4780193.0200000005,2614,Pune,5,Phase 4,60.36,Approved,35,3.4,Hospital,India,261051.04
1297,Amoxicillin,Cipla, North Region,2025-02-24 00:00:00,2024-08-24,Antidiabetic,950,35709.02,33923569.0,1238,Pune,14,Phase 4,78.97,Pending,85,1.4,Online,India,2090151.01
1298,Metformin,Aurobindo,west region,2025-02-24 01:00:00,2020-08-27,Vaccine,264,33921.71,8955331.44,1166,Mumbai,22,Phase 2,93.62,Rejected,78,3.0,Distributor,India,1116569.23
1299,,Torrent,SOUTH,2025-02-24 02:00:00,2021-05-16,Antibiotic,259,12932.78,3349590.02,4661,Ahmedabad,49,Phase 4,63.69,Rejected,31,4.1,Retail Pharmacy,India,1245826.3
1300,Atorvastatin,Torrent,East Zone,2025-02-24 03:00:00,2018-04-09,Antibiotic,248,11018.0,2732464.0,3124,Bangalore,16,Phase 4,54.36,Pending,69,4.9,Retail Pharmacy,India,3543809.35
1301,Azithromycin,Zydus,Central,2025-02-24 04:00:00,2024-05-14,Antibiotic,451,4179.2,1884819.2,4372,Pune,49,Phase 3,83.81,Rejected,42,1.8,Distributor,India,2399874.76
1302,Losartan,Biocon,south ,2025-02-24 05:00:00,2017-03-05,Antidiabetic,986,24252.34,23912807.24,3129,Ahmedabad,25,Phase 4,93.38,Approved,69,3.1,Online,India,3037800.12
1303,Ibuprofen,Cadila,Central,2025-02-24 06:00:00,2015-10-25,Analgesic,138,2441.99,336994.62,3551,Mumbai,47,Phase 2,67.96,Approved,78,1.2,Retail Pharmacy,India,162764.88
1304,,Cipla, east,2025-02-24 07:00:00,2020-02-19,Analgesic,146,17961.89,2622435.94,1077,Bangalore,36,Phase 3,63.27,Rejected,40,3.9,Hospital,India,2265533.42
1305,Losartan,Cipla,SOUTH,2025-02-24 08:00:00,2023-03-28,Analgesic,171,9959.37,1703052.2700000005,4383,Pune,15,Phase 2,63.25,Rejected,40,4.5,Hospital,India,4574838.68
1306,Metformin,Dr. Reddy's,East Zone,2025-02-24 09:00:00,2023-11-29,Antibiotic,354,7442.58,2634673.32,1957,Mumbai,22,Phase 4,72.65,Rejected,63,4.0,Distributor,India,4087281.85
1307,Losartan,Torrent,EAST,2025-02-24 10:00:00,2015-07-05,Antibiotic,445,5634.86,2507512.7,1249,Mumbai,43,Phase 2,80.35,Approved,58,3.5,Online,India,3645027.46
1308,Paracetamol,Lupin,south ,2025-02-24 11:00:00,2024-02-22,Antibiotic,407,38101.88,15507465.159999998,2887,Hyderabad,47,Phase 3,70.09,Pending,67,1.4,Hospital,India,569824.8
1309,Paracetamol,Cipla,EAST,2025-02-24 12:00:00,2021-03-16,Vaccine,150,11341.12,1701168.0000000002,4351,Pune,11,Phase 4,84.03,Approved,72,3.9,Retail Pharmacy,India,3800231.84
1310,Metformin,Glenmark, east,2025-02-24 13:00:00,2023-09-30,Vaccine,319,6462.8,2061633.2,2624,Mumbai,8,Phase 4,71.36,Approved,33,4.2,Online,India,1799117.54
1311,Metformin,Cipla,Central,2025-02-24 14:00:00,2017-07-31,Analgesic,740,18675.77,13820069.8,3500,Hyderabad,17,Phase 3,68.79,Pending,73,3.7,Online,India,3690339.48
1312,Azithromycin,Biocon,NORTH ,2025-02-24 15:00:00,2015-02-06,Vaccine,235,4422.14,1039202.9,2335,Hyderabad,39,Phase 1,58.07,Rejected,12,1.5,Distributor,India,2733431.74
1313,Amoxicillin,Torrent,Central,2025-02-24 16:00:00,2019-10-01,Analgesic,278,35135.82,9767757.96,2877,Bangalore,47,Phase 3,68.74,Pending,22,4.4,Online,India,271955.91
1314,Ibuprofen,Cadila,West ,2025-02-24 17:00:00,2015-02-17,Cardiovascular,74,21367.52,1581196.48,4989,Mumbai,9,Phase 3,64.52,Rejected,69,1.6,Online,India,2981705.69
1315,Losartan,Dr. Reddy's,Central,2025-02-24 18:00:00,2018-02-26,Cardiovascular,222,18684.25,4147903.5,2922,Ahmedabad,38,Phase 3,82.87,Rejected,27,3.9,Distributor,India,1033146.54
1316,Azithromycin,Glenmark,West ,2025-02-24 19:00:00,2023-10-01,Antidiabetic,642,34702.66,22279107.720000003,2083,Mumbai,26,Phase 3,72.51,Pending,67,1.2,Online,India,1230715.25
1317,Paracetamol,Cadila,East Zone,2025-02-24 20:00:00,2021-03-17,Analgesic,115,35956.32,4134976.8,2606,Ahmedabad,13,Phase 4,66.66,Approved,16,2.9,Online,India,4741761.23
1318,Losartan,Lupin,Central,2025-02-24 21:00:00,2015-12-15,Gastrointestinal,733,20858.07,15288965.31,3482,Mumbai,24,Phase 3,80.05,Pending,98,4.5,Distributor,India,4920647.74
1319,Omeprazole,Sun Pharma,Central,2025-02-24 22:00:00,2015-09-06,Vaccine,473,9873.39,4670113.47,3093,Ahmedabad,42,Phase 3,72.19,Rejected,96,1.5,Retail Pharmacy,India,4598186.28
1320,Losartan,Cadila,NORTH ,2025-02-24 23:00:00,2016-08-19,Gastrointestinal,442,24999.3,11049690.6,2999,Ahmedabad,34,Phase 3,80.61,Rejected,59,2.5,Online,India,3824248.34
1321,Amoxicillin,Sun Pharma,EAST,2025-02-25 00:00:00,2021-02-08,Antibiotic,116,22653.63,2627821.08,3730,Mumbai,26,Phase 1,83.38,Rejected,12,4.3,Online,India,372850.86
1322,Amlodipine,Biocon,souTh,2025-02-25 01:00:00,2024-03-26,Cardiovascular,298,6543.62,1949998.76,1476,Ahmedabad,23,Phase 2,95.88,Pending,42,1.6,Distributor,India,3220152.81
1323,Atorvastatin,Glenmark,East Zone,2025-02-25 02:00:00,2023-03-17,Antibiotic,859,38107.98,32734754.820000004,2167,Bangalore,12,Phase 1,95.58,Pending,87,2.3,Online,India,3557525.07
1324,Omeprazole,Zydus,SOUTH,2025-02-25 03:00:00,2015-08-25,Cardiovascular,685,9055.28,6202866.800000001,2043,Mumbai,20,Phase 1,89.13,Pending,86,4.2,Hospital,India,4319633.47
1325,Metformin,Glenmark,Central,2025-02-25 04:00:00,2022-12-30,Gastrointestinal,822,26225.04,21556982.88,3812,Mumbai,34,Phase 3,87.01,Rejected,11,4.8,Hospital,India,1725048.6
1326,Amoxicillin,Zydus,West ,2025-02-25 05:00:00,2018-03-10,Gastrointestinal,739,6903.45,5101649.55,4712,Ahmedabad,5,Phase 2,71.3,Approved,91,4.9,Online,India,2278824.72
1327,Omeprazole,Sun Pharma,WEST,2025-02-25 06:00:00,2020-02-07,Gastrointestinal,976,35185.55,34341096.800000004,2935,Hyderabad,40,Phase 4,55.87,Rejected,66,2.3,Online,India,3927132.46
1328,Metformin,Dr. Reddy's,Central,2025-02-25 07:00:00,2015-07-21,Analgesic,823,38346.26,31558971.98,2167,Hyderabad,35,Phase 4,98.83,Approved,96,2.1,Online,India,485170.06
1329,Paracetamol,Glenmark,west region,2025-02-25 08:00:00,2023-09-04,Antibiotic,602,35811.0,21558222.0,3878,Bangalore,34,Phase 4,84.27,Pending,23,4.9,Retail Pharmacy,India,1075563.93
1330,Metformin,Glenmark,West ,2025-02-25 09:00:00,2018-08-26,Gastrointestinal,125,24069.85,3008731.25,3695,Ahmedabad,45,Phase 1,80.14,Approved,62,3.7,Retail Pharmacy,India,1820570.65
1331,Ciprofloxacin,Cadila, North Region,2025-02-25 10:00:00,2024-05-19,Analgesic,41,32046.7,1313914.7,2632,Mumbai,10,Phase 2,74.68,Pending,65,3.7,Online,India,2678887.87
1332,Ciprofloxacin,Lupin,west region,2025-02-25 11:00:00,2018-02-11,Cardiovascular,211,36082.14,7613331.54,4020,Hyderabad,2,Phase 2,73.18,Pending,30,3.8,Hospital,India,721440.87
1333,Azithromycin,Sun Pharma,East Zone,2025-02-25 12:00:00,2022-12-14,Antidiabetic,646,2664.04,1720969.84,1149,Pune,12,Phase 4,76.59,Approved,15,1.7,Online,India,2507376.72
1334,Azithromycin,Zydus,Central,2025-02-25 13:00:00,2024-09-04,Antidiabetic,92,17793.04,1636959.6800000002,2851,Hyderabad,48,Phase 2,94.13,Approved,11,4.1,Hospital,India,4874334.12
1335,Losartan,Cadila,Central,2025-02-25 14:00:00,2016-12-03,Gastrointestinal,278,4369.28,1214659.84,2681,Pune,2,Phase 4,86.42,Rejected,64,4.0,Hospital,India,3514354.49
1336,Paracetamol,Aurobindo,Central,2025-02-25 15:00:00,2022-07-12,Cardiovascular,886,33555.58,29730243.880000003,1517,Bangalore,9,Phase 2,83.57,Rejected,13,4.9,Distributor,India,2339584.98
1337,Amoxicillin,Aurobindo,NORTH ,2025-02-25 16:00:00,2017-09-18,Gastrointestinal,132,1419.04,187313.28,2047,Mumbai,34,Phase 4,82.44,Approved,95,4.4,Retail Pharmacy,India,984924.66
1338,Ciprofloxacin,Glenmark, east,2025-02-25 17:00:00,2016-02-10,Antibiotic,250,5691.83,1422957.5,4693,Pune,34,Phase 1,55.28,Pending,20,4.9,Hospital,India,262210.16
1339,Ciprofloxacin,Cadila,south ,2025-02-25 18:00:00,2017-04-13,Antidiabetic,91,27266.58,2481258.7800000003,3491,Pune,48,Phase 2,99.07,Pending,66,3.2,Retail Pharmacy,India,4051801.52
1340,Losartan,Cipla,East Zone,2025-02-25 19:00:00,2019-08-08,Analgesic,948,19937.35,18900607.8,1706,Ahmedabad,28,Phase 2,82.84,Rejected,57,1.5,Distributor,India,2015785.28
1341,Omeprazole,Cipla,south ,2025-02-25 20:00:00,2015-01-06,Gastrointestinal,272,26401.78,7181284.16,1121,Hyderabad,27,Phase 1,95.82,Pending,50,1.1,Hospital,India,129659.49
1342,Metformin,Dr. Reddy's,WEST,2025-02-25 21:00:00,2015-01-13,Vaccine,141,18325.84,2583943.44,2249,Mumbai,16,Phase 4,82.82,Pending,47,3.4,Distributor,India,2590111.89
1343,Amlodipine,Glenmark,EAST,2025-02-25 22:00:00,2015-03-23,Antibiotic,897,30912.03,27728090.91,3391,Hyderabad,13,Phase 4,67.77,Pending,65,1.3,Hospital,India,2075440.04
1344,Amoxicillin,Torrent,Central,2025-02-25 23:00:00,2023-01-25,Antidiabetic,272,28572.37,7771684.64,2706,Ahmedabad,19,Phase 4,53.53,Pending,53,2.4,Hospital,India,4304264.79
1345,Ciprofloxacin,Sun Pharma,souTh,2025-02-26 00:00:00,2019-03-28,Vaccine,688,34657.01,23844022.880000003,3404,Hyderabad,34,Phase 4,62.81,Approved,52,2.7,Distributor,India,4756899.88
1346,Omeprazole,Glenmark,Central,2025-02-26 01:00:00,2022-08-02,Cardiovascular,238,8362.81,1990348.78,2741,Ahmedabad,3,Phase 3,55.86,Approved,19,2.1,Distributor,India,1804836.54
1347,Omeprazole,Sun Pharma,north,2025-02-26 02:00:00,2018-12-18,Vaccine,590,7149.56,4218240.4,2335,Ahmedabad,0,Phase 3,76.53,Pending,64,3.8,Retail Pharmacy,India,3766671.5
1348,Ciprofloxacin,Lupin,West ,2025-02-26 03:00:00,2017-10-15,Gastrointestinal,197,34829.19,6861350.430000001,4645,Bangalore,26,Phase 3,94.44,Approved,84,4.5,Distributor,India,4398672.87
1349,Ibuprofen,Cadila,Central,2025-02-26 04:00:00,2015-09-25,Gastrointestinal,392,31324.51,12279207.92,2586,Ahmedabad,10,Phase 4,83.75,Rejected,70,2.2,Distributor,India,1103917.36
1350,Amoxicillin,Biocon,south ,2025-02-26 05:00:00,2015-02-16,Vaccine,775,13960.06,10819046.5,3814,Ahmedabad,41,Phase 3,87.73,Pending,41,1.0,Online,India,1773855.25
1351,Ibuprofen,Biocon,west region,2025-02-26 06:00:00,2024-05-09,Antibiotic,828,32235.59,26691068.52,2531,Mumbai,49,Phase 1,56.41,Approved,54,2.3,Retail Pharmacy,India,2146159.31
1352,Metformin,Cadila,WEST,2025-02-26 07:00:00,2020-04-28,Analgesic,542,2417.92,1310512.64,1259,Bangalore,44,Phase 4,86.42,Rejected,36,3.2,Retail Pharmacy,India,2458105.82
1353,Metformin,Sun Pharma,Central,2025-02-26 08:00:00,2022-02-18,Gastrointestinal,179,10371.87,1856564.73,2571,Hyderabad,41,Phase 3,66.54,Rejected,33,3.3,Retail Pharmacy,India,3789240.62
1354,Ibuprofen,Lupin,EAST,2025-02-26 09:00:00,2020-04-15,Analgesic,867,2872.55,2490500.85,4415,Bangalore,13,Phase 4,65.86,Rejected,84,2.6,Online,India,4746248.0
1355,Metformin,Torrent,Central,2025-02-26 10:00:00,2020-08-01,Antibiotic,793,36622.18,29041388.74,3273,Hyderabad,18,Phase 4,91.96,Rejected,79,2.6,Distributor,India,1284812.76
1356,Azithromycin,Aurobindo,Central,2025-02-26 11:00:00,2020-03-31,Cardiovascular,488,29361.47,14328397.36,4097,Ahmedabad,24,Phase 3,64.71,Pending,48,2.3,Retail Pharmacy,India,1825206.72
1357,Atorvastatin,Sun Pharma,north,2025-02-26 12:00:00,2020-05-04,Analgesic,704,6596.03,4643605.12,1735,Hyderabad,1,Phase 2,62.61,Rejected,13,5.0,Retail Pharmacy,India,4015774.02
1358,Amoxicillin,Lupin,EAST,2025-02-26 13:00:00,2020-05-17,Antibiotic,105,23276.38,2444019.9,3330,Pune,39,Phase 1,83.97,Approved,67,2.1,Online,India,1996534.89
1359,Omeprazole,Torrent,WEST,2025-02-26 14:00:00,2023-08-01,Gastrointestinal,865,24321.4,21038011.0,3838,Hyderabad,2,Phase 2,71.9,Approved,43,3.9,Retail Pharmacy,India,1551722.28
1360,Omeprazole,Cadila,Central,2025-02-26 15:00:00,2015-01-07,Cardiovascular,673,22545.98,15173444.54,2312,Bangalore,25,Phase 4,65.45,Approved,77,2.9,Retail Pharmacy,India,1963164.3
1361,Ciprofloxacin,Glenmark,south ,2025-02-26 16:00:00,2019-04-30,Gastrointestinal,992,7308.5,7250032.0,1087,Mumbai,31,Phase 3,64.17,Pending,89,2.7,Hospital,India,3397100.97
1362,Metformin,Zydus, North Region,2025-02-26 17:00:00,2022-05-09,Gastrointestinal,231,7346.27,1696988.37,3765,Bangalore,42,Phase 1,71.95,Rejected,45,4.7,Hospital,India,2746198.26
1363,Ciprofloxacin,Biocon,west region,2025-02-26 18:00:00,2015-04-29,Vaccine,840,6707.56,5634350.4,1505,Mumbai,31,Phase 3,54.55,Pending,36,3.7,Hospital,India,1636802.51
1364,Losartan,Cipla,NORTH ,2025-02-26 19:00:00,2024-04-04,Antidiabetic,38,12752.48,484594.24,1828,Bangalore,25,Phase 3,88.22,Rejected,99,2.1,Retail Pharmacy,India,3245098.05
1365,Ibuprofen,Cipla,NORTH ,2025-02-26 20:00:00,2017-04-09,Analgesic,795,9339.51,7424910.45,2863,Bangalore,21,Phase 2,76.94,Pending,97,2.2,Distributor,India,4784883.03
1366,Amoxicillin,Lupin,souTh,2025-02-26 21:00:00,2024-02-23,Antibiotic,730,21061.62,15374982.6,2979,Hyderabad,13,Phase 3,82.52,Approved,38,1.4,Retail Pharmacy,India,2098813.2
1367,Atorvastatin,Dr. Reddy's,souTh,2025-02-26 22:00:00,2024-07-26,Analgesic,801,33942.99,27188334.99,4571,Pune,43,Phase 4,60.64,Approved,28,2.6,Retail Pharmacy,India,2849137.63
1368,Amoxicillin,Lupin,north,2025-02-26 23:00:00,2024-11-09,Analgesic,179,5491.23,982930.17,2365,Bangalore,46,Phase 2,54.77,Approved,22,4.4,Retail Pharmacy,India,502778.6
1369,Omeprazole,Cadila,EAST,2025-02-27 00:00:00,2023-10-16,Gastrointestinal,88,8937.89,786534.32,3054,Pune,42,Phase 3,80.61,Pending,46,3.1,Distributor,India,904450.11
1370,Ibuprofen,Biocon,NORTH ,2025-02-27 01:00:00,2020-10-01,Gastrointestinal,524,23102.21,12105558.04,2073,Mumbai,1,Phase 3,86.36,Approved,75,3.0,Retail Pharmacy,India,1982590.5
1371,Amlodipine,Cipla,NORTH ,2025-02-27 02:00:00,2016-09-12,Analgesic,124,21288.31,2639750.44,3250,Pune,29,Phase 2,67.57,Rejected,83,4.6,Retail Pharmacy,India,1539528.32
1372,Azithromycin,Torrent,NORTH ,2025-02-27 03:00:00,2024-01-03,Analgesic,381,2734.56,1041867.36,1423,Bangalore,20,Phase 3,66.9,Rejected,80,2.9,Online,India,760806.26
1373,Omeprazole,Cipla,Central,2025-02-27 04:00:00,2020-10-24,Antidiabetic,50,20393.09,1019654.5,4963,Mumbai,45,Phase 1,73.93,Pending,29,4.1,Distributor,India,4741264.92
1374,Amoxicillin,Dr. Reddy's,Central,2025-02-27 05:00:00,2019-04-02,Antibiotic,743,33067.16,24568899.880000003,3263,Bangalore,35,Phase 3,87.72,Approved,70,1.3,Online,India,1028666.82
1375,Ciprofloxacin,Biocon,south ,2025-02-27 06:00:00,2023-05-30,Cardiovascular,579,34030.27,19703526.33,3009,Hyderabad,4,Phase 3,78.71,Approved,49,1.2,Retail Pharmacy,India,265512.52
1376,Paracetamol,Lupin,Central,2025-02-27 07:00:00,2018-04-12,Cardiovascular,861,26003.19,22388746.59,3221,Pune,27,Phase 4,90.42,Rejected,96,4.5,Distributor,India,2855927.29
1377,Azithromycin,Biocon,south ,2025-02-27 08:00:00,2024-09-16,Analgesic,95,25376.36,2410754.2,1666,Bangalore,18,Phase 1,92.63,Rejected,66,3.0,Hospital,India,898880.4
1378,Ciprofloxacin,Aurobindo,SOUTH,2025-02-27 09:00:00,2015-08-08,Antidiabetic,265,39604.63,10495226.95,4328,Pune,22,Phase 2,56.29,Approved,26,4.7,Online,India,115294.56
1379,Amoxicillin,Dr. Reddy's,Central,2025-02-27 10:00:00,2017-08-27,Analgesic,285,17381.69,4953781.649999999,3671,Pune,9,Phase 2,64.18,Rejected,14,1.3,Retail Pharmacy,India,815232.58
1380,Metformin,Torrent,SOUTH,2025-02-27 11:00:00,2024-06-27,Vaccine,186,23401.23,4352628.78,1806,Ahmedabad,40,Phase 1,90.22,Rejected,73,3.6,Retail Pharmacy,India,512287.98
1381,Amoxicillin,Cipla,south ,2025-02-27 12:00:00,2020-07-20,Analgesic,215,23758.72,5108124.8,2645,Hyderabad,4,Phase 2,51.51,Approved,95,4.6,Distributor,India,3852021.54
1382,Losartan,Glenmark,Central,2025-02-27 13:00:00,2024-11-25,Gastrointestinal,49,38248.46,1874174.54,1284,Pune,46,Phase 1,84.31,Approved,18,3.0,Hospital,India,3046524.08
1383,Omeprazole,Dr. Reddy's,south ,2025-02-27 14:00:00,2020-09-16,Antibiotic,566,24341.93,13777532.38,2076,Pune,43,Phase 2,92.0,Rejected,91,4.4,Distributor,India,3394905.99
1384,Ibuprofen,Aurobindo,Central,2025-02-27 15:00:00,2017-04-18,Gastrointestinal,546,21032.76,11483886.96,4982,Ahmedabad,0,Phase 1,92.07,Approved,35,1.7,Retail Pharmacy,India,1845966.31
1385,Losartan,Zydus,Central,2025-02-27 16:00:00,2017-06-14,Analgesic,912,7696.32,7019043.84,4002,Hyderabad,35,Phase 1,60.76,Approved,49,2.7,Distributor,India,4781143.08
1386,Metformin,Glenmark,Central,2025-02-27 17:00:00,2020-02-16,Antibiotic,567,27333.6,15498151.2,2580,Ahmedabad,19,Phase 4,84.43,Rejected,51,1.9,Retail Pharmacy,India,2755371.86
1387,Losartan,Aurobindo,souTh,2025-02-27 18:00:00,2015-04-05,Cardiovascular,590,31663.21,18681293.9,1895,Hyderabad,19,Phase 3,66.86,Pending,44,4.7,Distributor,India,4442732.06
1388,Losartan,Sun Pharma,south ,2025-02-27 19:00:00,2024-12-01,Vaccine,560,7078.61,3964021.6,1491,Pune,11,Phase 3,60.76,Approved,91,3.9,Retail Pharmacy,India,3266691.07
1389,Azithromycin,Zydus,Central,2025-02-27 20:00:00,2016-07-16,Gastrointestinal,524,795.8,416999.2,2213,Hyderabad,6,Phase 3,84.6,Approved,38,3.3,Distributor,India,383446.9
1390,Atorvastatin,Zydus,west region,2025-02-27 21:00:00,2019-01-16,Gastrointestinal,364,39906.06,14525805.84,2598,Pune,38,Phase 4,74.98,Approved,63,4.2,Retail Pharmacy,India,4198624.68
1391,Azithromycin,Dr. Reddy's,NORTH ,2025-02-27 22:00:00,2015-08-20,Antidiabetic,831,4067.87,3380399.97,4889,Mumbai,34,Phase 3,77.59,Approved,99,3.3,Online,India,823908.02
1392,Losartan,Aurobindo, east,2025-02-27 23:00:00,2018-11-23,Antidiabetic,854,34286.52,29280688.08,3127,Bangalore,43,Phase 4,60.73,Rejected,36,4.4,Distributor,India,3928383.99
1393,Metformin,Dr. Reddy's,north,2025-02-28 00:00:00,2022-05-28,Cardiovascular,79,5099.27,402842.33,3579,Mumbai,13,Phase 3,55.56,Rejected,45,4.1,Online,India,2147082.93
1394,Amoxicillin,Sun Pharma,north,2025-02-28 01:00:00,2021-12-23,Vaccine,735,39055.47,28705770.45,1740,Mumbai,16,Phase 1,58.42,Approved,58,2.5,Distributor,India,176377.46
1395,Amlodipine,Sun Pharma,West ,2025-02-28 02:00:00,2015-05-09,Antidiabetic,484,24480.86,11848736.24,2288,Mumbai,12,Phase 3,81.43,Rejected,84,4.0,Retail Pharmacy,India,898368.42
1396,Paracetamol,Lupin, North Region,2025-02-28 03:00:00,2018-12-10,Gastrointestinal,296,22740.34,6731140.64,4440,Bangalore,47,Phase 4,72.55,Pending,70,2.2,Hospital,India,2948457.17
1397,Omeprazole,Zydus,north,2025-02-28 04:00:00,2019-10-26,Vaccine,110,3349.92,368491.2,4501,Hyderabad,12,Phase 3,92.69,Pending,84,2.6,Hospital,India,3496507.36
1398,Amoxicillin,Lupin,NORTH ,2025-02-28 05:00:00,2020-03-13,Vaccine,589,5470.91,3222365.99,2432,Hyderabad,12,Phase 2,61.48,Approved,87,3.2,Hospital,India,2099781.05
1399,Amlodipine,Sun Pharma,Central,2025-02-28 06:00:00,2018-06-02,Vaccine,753,34170.39,25730303.67,1191,Ahmedabad,36,Phase 1,58.02,Approved,33,3.8,Retail Pharmacy,India,1796310.48
1400,Atorvastatin,Aurobindo,East Zone,2025-02-28 07:00:00,2019-07-24,Cardiovascular,944,22893.92,21611860.48,4582,Hyderabad,19,Phase 1,92.9,Pending,14,4.1,Distributor,India,857770.94
1401,Ciprofloxacin,Dr. Reddy's,Central,2025-02-28 08:00:00,2023-05-30,Cardiovascular,814,32564.24,26507291.360000003,4980,Pune,31,Phase 4,94.35,Rejected,32,4.0,Online,India,1152807.77
1402,Azithromycin,Biocon,Central,2025-02-28 09:00:00,2022-03-02,Cardiovascular,514,5964.14,3065567.96,1259,Hyderabad,30,Phase 4,80.93,Approved,77,2.2,Hospital,India,3561838.2
1403,Azithromycin,Dr. Reddy's,Central,2025-02-28 10:00:00,2020-01-30,Analgesic,594,23087.99,13714266.06,2584,Pune,30,Phase 4,89.67,Approved,18,3.6,Distributor,India,1825324.87
1404,Atorvastatin,Cipla,Central,2025-02-28 11:00:00,2023-07-04,Gastrointestinal,713,33152.92,23638031.96,3845,Pune,9,Phase 2,78.67,Approved,27,3.0,Retail Pharmacy,India,4714703.94
1405,Paracetamol,Glenmark,south ,2025-02-28 12:00:00,2017-05-30,Vaccine,959,30313.99,29071116.41,1417,Pune,4,Phase 1,65.42,Approved,42,4.3,Online,India,2592508.04
1406,Ciprofloxacin,Aurobindo,SOUTH,2025-02-28 13:00:00,2015-03-04,Vaccine,584,29858.97,17437638.48,4775,Ahmedabad,30,Phase 2,89.7,Rejected,87,3.5,Retail Pharmacy,India,1910337.2
1407,Amlodipine,Cipla,souTh,2025-02-28 14:00:00,2020-02-22,Gastrointestinal,953,28998.28,27635360.84,1017,Mumbai,34,Phase 1,66.31,Rejected,20,4.0,Online,India,1954291.39
1408,Ciprofloxacin,Aurobindo,EAST,2025-02-28 15:00:00,2020-11-22,Antibiotic,678,19684.41,13346029.98,3212,Ahmedabad,11,Phase 2,79.32,Pending,43,1.4,Online,India,2917240.24
1409,Losartan,Sun Pharma,SOUTH,2025-02-28 16:00:00,2018-09-07,Analgesic,574,9779.17,5613243.58,3167,Ahmedabad,19,Phase 1,67.57,Rejected,94,4.2,Retail Pharmacy,India,484975.93
1410,Amoxicillin,Zydus,west region,2025-02-28 17:00:00,2019-05-12,Antibiotic,511,16779.84,8574498.24,3528,Pune,10,Phase 1,90.48,Rejected,90,4.7,Hospital,India,666800.93
1411,Azithromycin,Aurobindo,East Zone,2025-02-28 18:00:00,2016-07-05,Gastrointestinal,95,30536.73,2900989.35,1906,Pune,29,Phase 2,73.63,Pending,90,2.2,Online,India,4470095.14
1412,Metformin,Cipla,East Zone,2025-02-28 19:00:00,2024-05-11,Analgesic,661,8056.31,5325220.91,2809,Mumbai,43,Phase 3,55.61,Approved,74,4.2,Online,India,839484.06
1413,,Sun Pharma,WEST,2025-02-28 20:00:00,2021-03-14,Cardiovascular,977,13264.67,12959582.59,3744,Pune,10,Phase 1,72.78,Approved,40,1.7,Hospital,India,4022642.17
1414,Omeprazole,Zydus, east,2025-02-28 21:00:00,2015-07-30,Vaccine,197,6034.82,1188859.54,4273,Bangalore,18,Phase 2,74.94,Rejected,73,2.9,Hospital,India,3289492.32
1415,Ibuprofen,Aurobindo,West ,2025-02-28 22:00:00,2024-02-22,Cardiovascular,152,22959.96,3489913.92,1465,Ahmedabad,4,Phase 2,66.62,Pending,33,4.9,Hospital,India,1325100.62
1416,Ibuprofen,Torrent,Central,2025-02-28 23:00:00,2015-09-23,Cardiovascular,308,23514.54,7242478.32,3512,Mumbai,14,Phase 2,54.15,Approved,82,3.6,Distributor,India,3616170.58
1417,Amoxicillin,Biocon,EAST,2025-03-01 00:00:00,2023-11-16,Gastrointestinal,249,28272.26,7039792.739999999,3424,Pune,19,Phase 1,87.65,Pending,46,1.1,Hospital,India,747711.27
1418,Ciprofloxacin,Cadila, east,2025-03-01 01:00:00,2019-10-04,Antibiotic,791,32169.7,25446232.7,4533,Mumbai,26,Phase 2,95.84,Pending,31,2.0,Online,India,4268902.47
1419,Ibuprofen,Aurobindo,West ,2025-03-01 02:00:00,2022-10-09,Antidiabetic,408,23016.94,9390911.52,3843,Mumbai,0,Phase 4,98.46,Approved,31,3.6,Online,India,1639956.93
1420,Atorvastatin,Torrent,souTh,2025-03-01 03:00:00,2024-01-31,Cardiovascular,765,4377.86,3349062.9,4745,Bangalore,25,Phase 2,76.29,Rejected,56,2.1,Distributor,India,4846314.56
1421,Atorvastatin,Biocon,west region,2025-03-01 04:00:00,2017-05-19,Antidiabetic,354,18026.12,6381246.48,2704,Ahmedabad,7,Phase 4,81.07,Rejected,53,1.1,Online,India,2434067.55
1422,Azithromycin,Cipla,Central,2025-03-01 05:00:00,2024-05-22,Antidiabetic,323,32406.24,10467215.52,3984,Pune,12,Phase 2,75.4,Approved,86,4.6,Distributor,India,4019221.0
1423,Azithromycin,Dr. Reddy's,souTh,2025-03-01 06:00:00,2023-03-18,Vaccine,931,476.85,443947.35,4755,Hyderabad,15,Phase 1,72.7,Approved,97,1.4,Distributor,India,2144388.2
1424,Atorvastatin,Cipla, east,2025-03-01 07:00:00,2015-07-08,Antidiabetic,859,19698.66,16921148.94,3203,Hyderabad,27,Phase 4,65.94,Rejected,22,3.2,Hospital,India,4608646.85
1425,Ciprofloxacin,Cipla,WEST,2025-03-01 08:00:00,2021-05-28,Antibiotic,86,12284.06,1056429.16,2949,Pune,1,Phase 3,88.65,Rejected,70,2.5,Hospital,India,971940.44
1426,Azithromycin,Aurobindo, North Region,2025-03-01 09:00:00,2016-08-03,Analgesic,439,4237.89,1860433.71,1952,Pune,26,Phase 3,80.96,Pending,38,4.6,Online,India,1838394.3
1427,Paracetamol,Cadila,west region,2025-03-01 10:00:00,2024-12-08,Cardiovascular,903,21887.96,19764827.88,2615,Ahmedabad,26,Phase 1,91.97,Rejected,68,3.0,Hospital,India,1712054.63
1428,Losartan,Cipla,SOUTH,2025-03-01 11:00:00,2023-02-28,Cardiovascular,653,16784.25,10960115.25,1853,Ahmedabad,18,Phase 2,70.7,Rejected,65,2.8,Distributor,India,4644153.22
1429,Atorvastatin,Glenmark,north,2025-03-01 12:00:00,2023-07-11,Antibiotic,673,2084.35,1402767.55,3055,Pune,35,Phase 4,82.47,Rejected,97,1.5,Distributor,India,135708.89
1430,Metformin,Aurobindo,Central,2025-03-01 13:00:00,2023-04-22,Gastrointestinal,881,26580.93,23417799.33,2479,Ahmedabad,30,Phase 4,54.93,Approved,32,3.6,Online,India,1375471.81
1431,Azithromycin,Biocon, east,2025-03-01 14:00:00,2016-10-15,Antibiotic,160,6195.45,991272.0,4192,Ahmedabad,49,Phase 1,94.85,Rejected,57,3.6,Retail Pharmacy,India,482183.65
1432,Losartan,Lupin,west region,2025-03-01 15:00:00,2019-08-20,Cardiovascular,270,25383.39,6853515.3,1875,Hyderabad,24,Phase 2,87.39,Rejected,65,1.5,Distributor,India,4473101.39
1433,Atorvastatin,Cadila,west region,2025-03-01 16:00:00,2018-07-14,Gastrointestinal,688,23671.48,16285978.24,4970,Mumbai,44,Phase 3,92.54,Rejected,52,4.3,Online,India,1511341.87
1434,Azithromycin,Lupin,Central,2025-03-01 17:00:00,2021-02-17,Antidiabetic,10,9446.06,94460.6,4341,Pune,3,Phase 4,86.41,Rejected,93,4.8,Distributor,India,853878.5
1435,Amoxicillin,Cadila,souTh,2025-03-01 18:00:00,2024-07-29,Antidiabetic,785,11660.19,9153249.15,3323,Hyderabad,49,Phase 1,84.23,Rejected,22,2.8,Hospital,India,316832.39
1436,Atorvastatin,Zydus,West ,2025-03-01 19:00:00,2024-07-29,Vaccine,710,5376.06,3817002.6,4357,Ahmedabad,36,Phase 4,80.78,Approved,44,1.7,Retail Pharmacy,India,2378762.66
1437,Paracetamol,Cipla,Central,2025-03-01 20:00:00,2021-05-04,Vaccine,114,17886.47,2039057.58,2867,Pune,26,Phase 4,80.32,Approved,28,2.7,Distributor,India,1348888.59
1438,Metformin,Aurobindo, east,2025-03-01 21:00:00,2019-03-22,Vaccine,453,20159.86,9132416.58,3742,Pune,17,Phase 2,58.96,Approved,59,4.9,Distributor,India,2505074.46
1439,Omeprazole,Biocon,south ,2025-03-01 22:00:00,2020-11-25,Antidiabetic,478,33799.72,16156266.16,3319,Mumbai,10,Phase 4,97.62,Pending,13,3.9,Online,India,479592.16
1440,Losartan,Dr. Reddy's, east,2025-03-01 23:00:00,2019-10-20,Gastrointestinal,584,23677.76,13827811.84,3487,Ahmedabad,31,Phase 2,70.62,Pending,56,3.7,Retail Pharmacy,India,2309482.9
1441,Amlodipine,Cadila,Central,2025-03-02 00:00:00,2024-05-29,Analgesic,241,18965.08,4570584.28,4519,Bangalore,37,Phase 1,96.15,Rejected,94,3.8,Hospital,India,1811034.2
1442,Metformin,Torrent,souTh,2025-03-02 01:00:00,2020-12-14,Antidiabetic,145,18425.92,2671758.4,3980,Mumbai,31,Phase 3,64.09,Pending,59,3.3,Retail Pharmacy,India,3446519.75
1443,Atorvastatin,Torrent,west region,2025-03-02 02:00:00,2021-09-08,Antidiabetic,624,24016.49,14986289.760000002,3611,Ahmedabad,21,Phase 3,60.38,Rejected,83,5.0,Distributor,India,2205225.5
1444,Ibuprofen,Torrent,SOUTH,2025-03-02 03:00:00,2018-03-02,Vaccine,506,2235.04,1130930.24,1657,Pune,36,Phase 3,80.64,Approved,73,2.2,Retail Pharmacy,India,1585582.95
1445,Omeprazole,Cipla,Central,2025-03-02 04:00:00,2018-05-13,Antibiotic,317,26584.03,8427137.51,1943,Ahmedabad,23,Phase 3,59.06,Approved,79,3.1,Online,India,3043023.77
1446,Omeprazole,Glenmark, east,2025-03-02 05:00:00,2023-06-27,Antidiabetic,216,13775.08,2975417.28,3203,Pune,30,Phase 3,71.03,Pending,99,2.1,Retail Pharmacy,India,4494167.47
1447,Omeprazole,Biocon,WEST,2025-03-02 06:00:00,2021-10-01,Gastrointestinal,825,14122.59,11651136.75,4922,Hyderabad,1,Phase 4,55.72,Rejected,49,3.3,Online,India,2831832.03
1448,Amoxicillin,Lupin,souTh,2025-03-02 07:00:00,2023-06-11,Vaccine,609,28219.45,17185645.05,1335,Ahmedabad,6,Phase 4,59.44,Approved,36,4.6,Distributor,India,4128430.58
1449,Azithromycin,Biocon,East Zone,2025-03-02 08:00:00,2017-01-07,Gastrointestinal,135,29740.84,4015013.4,3854,Mumbai,5,Phase 4,80.7,Pending,32,4.6,Retail Pharmacy,India,4254387.41
1450,,Sun Pharma,NORTH ,2025-03-02 09:00:00,2023-05-02,Cardiovascular,286,25206.57,7209079.02,2849,Pune,43,Phase 3,70.02,Pending,82,2.0,Online,India,3032480.64
1451,Azithromycin,Biocon,West ,2025-03-02 10:00:00,2022-10-09,Cardiovascular,289,9035.02,2611120.7800000003,3513,Pune,31,Phase 2,97.13,Rejected,69,4.0,Retail Pharmacy,India,4883960.1
1452,Amoxicillin,Torrent,West ,2025-03-02 11:00:00,2018-10-04,Gastrointestinal,314,32692.96,10265589.44,4780,Hyderabad,23,Phase 4,53.58,Approved,39,4.5,Retail Pharmacy,India,2572782.17
1453,Ciprofloxacin,Zydus,south ,2025-03-02 12:00:00,2019-05-27,Vaccine,537,15333.1,8233874.7,1346,Mumbai,13,Phase 1,59.58,Rejected,51,3.2,Hospital,India,1117587.27
1454,Paracetamol,Lupin,Central,2025-03-02 13:00:00,2021-08-13,Gastrointestinal,970,33557.35,32550629.5,2203,Hyderabad,14,Phase 1,54.17,Approved,14,4.3,Hospital,India,4470004.7
1455,Ibuprofen,Torrent,NORTH ,2025-03-02 14:00:00,2017-01-09,Antidiabetic,66,38347.71,2530948.86,3138,Pune,13,Phase 3,51.28,Pending,57,1.3,Online,India,2291036.34
1456,Metformin,Cipla,East Zone,2025-03-02 15:00:00,2019-09-09,Vaccine,733,195.59,143367.47,1454,Ahmedabad,19,Phase 4,82.38,Approved,68,1.3,Retail Pharmacy,India,3482626.69
1457,,Aurobindo,East Zone,2025-03-02 16:00:00,2020-01-28,Cardiovascular,808,14408.68,11642213.44,2210,Pune,35,Phase 1,91.68,Pending,75,3.9,Online,India,4769238.04
1458,Amlodipine,Cipla,EAST,2025-03-02 17:00:00,2023-11-26,Antidiabetic,795,27591.14,21934956.3,4413,Pune,5,Phase 2,73.87,Pending,78,3.1,Online,India,1126097.12
1459,Amoxicillin,Lupin,north,2025-03-02 18:00:00,2021-01-20,Antibiotic,814,27455.9,22349102.6,4088,Pune,38,Phase 3,66.48,Pending,14,3.9,Hospital,India,1230912.25
1460,Ciprofloxacin,Cadila,south ,2025-03-02 19:00:00,2016-10-12,Cardiovascular,58,22044.58,1278585.64,1403,Mumbai,47,Phase 4,93.29,Approved,84,4.9,Online,India,4226097.5
1461,Azithromycin,Lupin,EAST,2025-03-02 20:00:00,2017-03-08,Antidiabetic,71,26551.71,1885171.41,1468,Bangalore,4,Phase 4,81.49,Approved,47,3.6,Retail Pharmacy,India,1506518.29
1462,Omeprazole,Aurobindo,south ,2025-03-02 21:00:00,2019-06-22,Analgesic,560,5476.62,3066907.2,3887,Hyderabad,14,Phase 3,54.22,Approved,41,3.2,Hospital,India,2783868.93
1463,Amoxicillin,Cipla,WEST,2025-03-02 22:00:00,2016-11-11,Antidiabetic,367,8374.65,3073496.55,2213,Ahmedabad,24,Phase 3,87.91,Pending,79,2.5,Distributor,India,565698.76
1464,Amoxicillin,Aurobindo,Central,2025-03-02 23:00:00,2022-01-19,Cardiovascular,72,18235.38,1312947.36,4748,Pune,22,Phase 4,92.22,Approved,95,4.6,Retail Pharmacy,India,2288035.67
1465,Amoxicillin,Lupin,NORTH ,2025-03-03 00:00:00,2016-05-16,Cardiovascular,82,11557.68,947729.76,2004,Hyderabad,19,Phase 1,80.12,Rejected,63,5.0,Hospital,India,1885860.37
1466,Amoxicillin,Biocon,south ,2025-03-03 01:00:00,2022-07-01,Cardiovascular,760,35304.15,26831154.0,4557,Ahmedabad,25,Phase 3,85.46,Pending,92,3.1,Online,India,3280820.83
1467,Amoxicillin,Glenmark,Central,2025-03-03 02:00:00,2018-06-05,Cardiovascular,234,33484.97,7835482.98,2009,Ahmedabad,15,Phase 1,66.79,Pending,49,3.9,Retail Pharmacy,India,559684.91
1468,Ciprofloxacin,Sun Pharma,south ,2025-03-03 03:00:00,2023-05-28,Gastrointestinal,656,28864.89,18935367.84,3181,Mumbai,41,Phase 4,85.31,Approved,40,1.9,Retail Pharmacy,India,240458.14
1469,Amoxicillin,Dr. Reddy's,EAST,2025-03-03 04:00:00,2017-11-29,Antibiotic,762,17767.36,13538728.32,4347,Mumbai,22,Phase 4,96.52,Approved,11,3.3,Hospital,India,4075088.19
1470,Amlodipine,Glenmark, North Region,2025-03-03 05:00:00,2018-03-23,Vaccine,484,29533.19,14294063.96,3518,Pune,49,Phase 4,69.13,Rejected,72,2.7,Online,India,3319746.73
1471,Metformin,Dr. Reddy's, east,2025-03-03 06:00:00,2018-12-22,Antibiotic,848,23486.38,19916450.24,4019,Pune,42,Phase 1,64.8,Approved,67,3.6,Hospital,India,4391534.1
1472,Amlodipine,Cipla,Central,2025-03-03 07:00:00,2023-06-25,Antibiotic,814,39386.11,32060293.54,4505,Pune,13,Phase 4,51.6,Rejected,83,4.2,Online,India,963635.48
1473,Omeprazole,Dr. Reddy's, east,2025-03-03 08:00:00,2015-03-25,Antidiabetic,129,13115.32,1691876.28,1495,Ahmedabad,11,Phase 1,54.42,Pending,53,4.6,Hospital,India,3979080.25
1474,Ibuprofen,Cadila,SOUTH,2025-03-03 09:00:00,2019-08-18,Gastrointestinal,879,486.51,427642.29,1600,Bangalore,46,Phase 3,96.79,Rejected,25,4.1,Retail Pharmacy,India,3042004.89
1475,Ibuprofen,Dr. Reddy's,west region,2025-03-03 10:00:00,2021-07-11,Analgesic,407,29862.25,12153935.75,4230,Ahmedabad,39,Phase 1,88.49,Approved,87,4.0,Retail Pharmacy,India,1564942.34
1476,Atorvastatin,Biocon,WEST,2025-03-03 11:00:00,2023-03-10,Vaccine,386,11709.64,4519921.04,1334,Pune,28,Phase 2,82.53,Approved,42,4.6,Hospital,India,543787.5
1477,Atorvastatin,Biocon, North Region,2025-03-03 12:00:00,2016-12-05,Analgesic,430,18117.76,7790636.799999999,4795,Ahmedabad,43,Phase 3,85.54,Approved,22,4.1,Online,India,2457693.2
1478,Paracetamol,Sun Pharma,SOUTH,2025-03-03 13:00:00,2024-01-09,Analgesic,293,24513.39,7182423.27,1804,Hyderabad,14,Phase 3,61.56,Rejected,20,4.2,Retail Pharmacy,India,3917843.81
1479,Amlodipine,Glenmark, east,2025-03-03 14:00:00,2022-04-02,Gastrointestinal,246,38172.64,9390469.44,2490,Mumbai,7,Phase 1,81.09,Rejected,67,4.4,Distributor,India,877285.21
1480,Ciprofloxacin,Lupin,WEST,2025-03-03 15:00:00,2015-07-27,Analgesic,744,4319.91,3214013.04,4639,Pune,33,Phase 3,94.67,Pending,50,4.3,Hospital,India,358259.0
1481,Azithromycin,Biocon,south ,2025-03-03 16:00:00,2019-11-22,Antidiabetic,186,20959.11,3898394.46,3443,Mumbai,15,Phase 4,53.1,Rejected,53,2.4,Retail Pharmacy,India,2436726.29
1482,Azithromycin,Dr. Reddy's,East Zone,2025-03-03 17:00:00,2022-08-02,Antibiotic,137,2811.88,385227.56,4153,Ahmedabad,36,Phase 2,91.31,Rejected,72,1.3,Hospital,India,1581114.87
1483,Metformin,Lupin,west region,2025-03-03 18:00:00,2021-03-17,Analgesic,505,35041.3,17695856.5,4690,Hyderabad,26,Phase 3,53.99,Approved,65,1.2,Online,India,4064256.44
1484,Ibuprofen,Sun Pharma,south ,2025-03-03 19:00:00,2022-08-18,Gastrointestinal,234,36917.63,8638725.42,1622,Hyderabad,10,Phase 4,56.43,Rejected,64,3.7,Hospital,India,1778023.99
1485,Azithromycin,Cadila,WEST,2025-03-03 20:00:00,2023-11-17,Gastrointestinal,255,2474.21,630923.55,4671,Pune,38,Phase 3,74.51,Pending,83,1.0,Distributor,India,2666613.2
1486,Omeprazole,Zydus,NORTH ,2025-03-03 21:00:00,2022-07-02,Cardiovascular,912,25879.06,23601702.720000003,3406,Mumbai,40,Phase 4,82.89,Pending,79,2.6,Hospital,India,1657478.24
1487,Metformin,Biocon,SOUTH,2025-03-03 22:00:00,2021-06-16,Vaccine,729,24172.03,17621409.869999997,1205,Hyderabad,10,Phase 4,80.08,Rejected,72,3.4,Distributor,India,4431402.38
1488,Amlodipine,Cadila,souTh,2025-03-03 23:00:00,2019-01-28,Antidiabetic,208,21407.19,4452695.52,4632,Ahmedabad,18,Phase 3,55.73,Pending,83,3.8,Distributor,India,2486110.84
1489,Amoxicillin,Torrent,Central,2025-03-04 00:00:00,2019-09-04,Cardiovascular,731,25729.36,18808162.16,2427,Bangalore,21,Phase 4,56.93,Approved,28,4.9,Distributor,India,996198.41
1490,Paracetamol,Biocon,EAST,2025-03-04 01:00:00,2021-01-21,Antidiabetic,694,18693.57,12973337.58,2189,Bangalore,5,Phase 4,59.24,Pending,25,5.0,Retail Pharmacy,India,458777.26
1491,Amlodipine,Torrent,west region,2025-03-04 02:00:00,2020-12-23,Antibiotic,341,25950.15,8849001.15,1502,Hyderabad,38,Phase 1,99.13,Rejected,86,1.9,Online,India,1753905.84
1492,Amoxicillin,Cadila,Central,2025-03-04 03:00:00,2017-06-17,Analgesic,192,5073.67,974144.64,3571,Bangalore,37,Phase 1,77.64,Approved,70,3.2,Retail Pharmacy,India,4814078.52
1493,Atorvastatin,Dr. Reddy's,souTh,2025-03-04 04:00:00,2015-01-03,Vaccine,125,2076.21,259526.25,1411,Hyderabad,48,Phase 4,81.22,Rejected,38,2.2,Online,India,482554.34
1494,Paracetamol,Dr. Reddy's,EAST,2025-03-04 05:00:00,2024-09-16,Vaccine,568,24196.95,13743867.6,4339,Bangalore,16,Phase 4,84.7,Rejected,82,1.1,Hospital,India,1943111.78
1495,Metformin,Biocon, east,2025-03-04 06:00:00,2018-02-20,Gastrointestinal,864,28591.04,24702658.56,1473,Pune,18,Phase 4,98.03,Approved,22,1.6,Online,India,2446112.57
1496,Amlodipine,Zydus,SOUTH,2025-03-04 07:00:00,2024-05-18,Cardiovascular,563,12276.42,6911624.46,4993,Bangalore,41,Phase 2,75.47,Rejected,94,3.3,Online,India,441153.46
1497,Amoxicillin,Torrent,west region,2025-03-04 08:00:00,2024-05-10,Gastrointestinal,597,25932.96,15481977.12,2990,Bangalore,30,Phase 1,86.0,Rejected,98,4.5,Distributor,India,2283544.69
1498,Losartan,Aurobindo,Central,2025-03-04 09:00:00,2023-04-19,Analgesic,118,21115.02,2491572.36,4666,Bangalore,38,Phase 4,85.13,Approved,54,3.2,Retail Pharmacy,India,4163434.03
1499,Azithromycin,Aurobindo,East Zone,2025-03-04 10:00:00,2018-02-23,Antibiotic,585,12653.77,7402455.45,1045,Bangalore,0,Phase 2,67.04,Pending,95,3.3,Retail Pharmacy,India,2363702.05
1500,Amlodipine,Lupin,East Zone,2025-03-04 11:00:00,2024-07-25,Gastrointestinal,969,13566.75,13146180.75,4761,Pune,28,Phase 3,99.2,Rejected,20,5.0,Distributor,India,3560938.05
1501,Ibuprofen,Aurobindo,Central,2025-03-04 12:00:00,2023-02-19,Cardiovascular,275,39190.73,10777450.75,1437,Ahmedabad,23,Phase 2,72.67,Approved,14,3.7,Retail Pharmacy,India,1371937.82
1502,Losartan,Dr. Reddy's,Central,2025-03-04 13:00:00,2016-02-27,Antidiabetic,659,4984.77,3284963.43,3698,Bangalore,0,Phase 3,98.32,Approved,56,3.0,Distributor,India,1197471.3
1503,Atorvastatin,Zydus,EAST,2025-03-04 14:00:00,2016-01-22,Antidiabetic,457,17144.71,7835132.47,1123,Ahmedabad,33,Phase 4,76.63,Rejected,78,4.4,Hospital,India,2463487.52
1504,Ciprofloxacin,Dr. Reddy's,NORTH ,2025-03-04 15:00:00,2021-06-27,Antidiabetic,899,15942.03,14331884.97,4369,Ahmedabad,45,Phase 4,77.83,Approved,45,4.9,Online,India,3093010.66
1505,Ibuprofen,Glenmark,souTh,2025-03-04 16:00:00,2015-12-22,Gastrointestinal,900,8719.6,7847640.0,2872,Ahmedabad,9,Phase 2,89.04,Rejected,76,3.1,Hospital,India,1011956.78
1506,Amlodipine,Lupin,SOUTH,2025-03-04 17:00:00,2023-03-24,Gastrointestinal,774,4085.15,3161906.1,1114,Bangalore,22,Phase 1,65.59,Pending,14,4.1,Retail Pharmacy,India,3694038.24
1507,Ciprofloxacin,Glenmark,SOUTH,2025-03-04 18:00:00,2015-05-09,Analgesic,150,5392.35,808852.5,3059,Hyderabad,11,Phase 1,94.93,Rejected,61,5.0,Online,India,2629613.95
1508,Paracetamol,Biocon,WEST,2025-03-04 19:00:00,2018-12-06,Vaccine,617,23227.19,14331176.23,4410,Hyderabad,15,Phase 2,73.64,Pending,92,3.0,Online,India,4263398.26
1509,Ibuprofen,Sun Pharma,West ,2025-03-04 20:00:00,2024-12-25,Gastrointestinal,752,20959.53,15761566.56,1132,Bangalore,33,Phase 1,63.38,Rejected,38,1.2,Online,India,4600801.51
1510,Paracetamol,Glenmark, North Region,2025-03-04 21:00:00,2019-10-17,Antidiabetic,97,31851.11,3089557.67,3547,Hyderabad,25,Phase 1,65.23,Rejected,19,1.8,Retail Pharmacy,India,2726466.89
1511,Paracetamol,Biocon,EAST,2025-03-04 22:00:00,2022-08-27,Antidiabetic,577,39486.48,22783698.96,2356,Pune,9,Phase 3,96.84,Rejected,56,2.9,Hospital,India,3308748.8
1512,Atorvastatin,Lupin,north,2025-03-04 23:00:00,2023-05-19,Analgesic,316,1711.32,540777.12,2334,Bangalore,23,Phase 1,90.67,Pending,15,2.4,Retail Pharmacy,India,3080250.17
1513,Paracetamol,Torrent,Central,2025-03-05 00:00:00,2015-01-13,Vaccine,153,12714.16,1945266.48,2443,Ahmedabad,47,Phase 4,95.18,Rejected,72,5.0,Online,India,804985.25
1514,Ibuprofen,Biocon,Central,2025-03-05 01:00:00,2019-02-05,Vaccine,785,508.05,398819.25,4397,Hyderabad,49,Phase 3,82.79,Rejected,70,2.8,Online,India,3775248.21
1515,Azithromycin,Biocon,south ,2025-03-05 02:00:00,2016-02-21,Cardiovascular,721,668.33,481865.93000000005,4978,Mumbai,11,Phase 2,67.28,Pending,13,1.1,Hospital,India,2694402.92
1516,Metformin,Glenmark,west region,2025-03-05 03:00:00,2022-09-11,Antidiabetic,408,25622.52,10453988.16,2074,Ahmedabad,41,Phase 3,69.27,Pending,73,3.9,Distributor,India,948454.2
1517,Omeprazole,Dr. Reddy's,west region,2025-03-05 04:00:00,2017-11-08,Cardiovascular,371,8542.37,3169219.2700000005,3755,Pune,21,Phase 1,61.03,Approved,95,3.2,Distributor,India,2948601.23
1518,Omeprazole,Biocon,Central,2025-03-05 05:00:00,2023-07-12,Analgesic,637,10663.22,6792471.14,1395,Mumbai,19,Phase 2,53.02,Approved,19,1.3,Online,India,3527036.67
1519,Ciprofloxacin,Lupin,west region,2025-03-05 06:00:00,2016-08-19,Antidiabetic,682,8147.06,5556294.92,4370,Bangalore,45,Phase 1,79.79,Approved,23,1.8,Hospital,India,1906004.97
1520,Losartan,Cipla,Central,2025-03-05 07:00:00,2023-08-27,Cardiovascular,999,35209.05,35173840.95,4582,Mumbai,20,Phase 2,56.13,Pending,23,4.8,Distributor,India,4871766.42
1521,Losartan,Sun Pharma,Central,2025-03-05 08:00:00,2015-07-12,Antibiotic,556,27197.43,15121771.08,1523,Mumbai,29,Phase 2,58.02,Rejected,85,3.8,Distributor,India,2353836.69
1522,Omeprazole,Torrent,south ,2025-03-05 09:00:00,2019-07-21,Cardiovascular,236,17485.83,4126655.88,4743,Hyderabad,17,Phase 3,65.28,Pending,27,1.0,Retail Pharmacy,India,62043.94
1523,Azithromycin,Torrent,East Zone,2025-03-05 10:00:00,2015-07-16,Gastrointestinal,595,33706.11,20055135.45,1382,Bangalore,13,Phase 1,82.46,Rejected,63,2.1,Distributor,India,339095.64
1524,Ibuprofen,Cipla,south ,2025-03-05 11:00:00,2021-08-28,Vaccine,637,24322.19,15493235.03,1279,Ahmedabad,13,Phase 3,60.57,Pending,71,3.8,Hospital,India,443497.8
1525,Paracetamol,Torrent,East Zone,2025-03-05 12:00:00,2024-07-16,Antidiabetic,371,33404.67,12393132.569999998,4440,Hyderabad,21,Phase 1,61.33,Rejected,17,4.3,Distributor,India,4286408.92
1526,Omeprazole,Glenmark,SOUTH,2025-03-05 13:00:00,2022-09-04,Antidiabetic,49,32039.36,1569928.64,1954,Hyderabad,18,Phase 3,83.66,Approved,79,1.8,Distributor,India,3299422.64
1527,Omeprazole,Cadila,Central,2025-03-05 14:00:00,2016-11-11,Cardiovascular,504,13360.76,6733823.04,2076,Bangalore,45,Phase 1,56.83,Approved,61,4.3,Hospital,India,4840042.87
1528,Metformin,Torrent,Central,2025-03-05 15:00:00,2015-08-31,Cardiovascular,477,2443.47,1165535.19,1300,Pune,21,Phase 3,59.63,Approved,37,3.2,Online,India,4479819.07
1529,Metformin,Dr. Reddy's,WEST,2025-03-05 16:00:00,2015-08-11,Gastrointestinal,38,36089.67,1371407.46,3506,Mumbai,29,Phase 1,88.52,Approved,89,4.4,Online,India,2214687.51
1530,Metformin,Aurobindo, east,2025-03-05 17:00:00,2018-06-16,Vaccine,630,33947.47,21386906.1,1902,Bangalore,27,Phase 3,58.96,Approved,12,4.6,Retail Pharmacy,India,1395798.96
1531,Atorvastatin,Torrent, North Region,2025-03-05 18:00:00,2019-03-20,Cardiovascular,222,21792.78,4837997.16,1094,Mumbai,27,Phase 4,61.45,Approved,44,4.1,Online,India,4225705.16
1532,Metformin,Cipla,NORTH ,2025-03-05 19:00:00,2024-04-10,Vaccine,444,6652.08,2953523.52,3157,Bangalore,31,Phase 3,97.1,Rejected,78,1.3,Hospital,India,3754933.56
1533,Ibuprofen,Torrent,WEST,2025-03-05 20:00:00,2017-07-03,Analgesic,380,25533.5,9702730.0,1302,Hyderabad,49,Phase 4,83.49,Rejected,75,3.6,Distributor,India,4964832.26
1534,Amoxicillin,Aurobindo,south ,2025-03-05 21:00:00,2020-08-28,Analgesic,793,31272.05,24798735.65,1253,Ahmedabad,37,Phase 2,79.78,Rejected,79,1.1,Hospital,India,2605978.08
1535,Atorvastatin,Zydus,NORTH ,2025-03-05 22:00:00,2015-09-17,Vaccine,478,12449.4,5950813.2,4423,Ahmedabad,28,Phase 4,74.61,Pending,72,1.2,Online,India,168380.77
1536,Amlodipine,Sun Pharma,West ,2025-03-05 23:00:00,2018-09-09,Antibiotic,131,21642.6,2835180.6,1512,Mumbai,6,Phase 4,91.84,Approved,38,1.4,Hospital,India,1392179.64
1537,Losartan,Cadila,north,2025-03-06 00:00:00,2024-08-30,Vaccine,472,4018.81,1896878.32,2028,Pune,3,Phase 3,86.97,Approved,23,4.7,Online,India,1842175.9
1538,Losartan,Aurobindo,north,2025-03-06 01:00:00,2019-06-07,Vaccine,773,28758.58,22230382.34,2574,Pune,19,Phase 4,66.68,Approved,35,4.6,Online,India,359629.24
1539,Metformin,Lupin,souTh,2025-03-06 02:00:00,2015-03-21,Antidiabetic,96,21533.17,2067184.32,3581,Pune,25,Phase 2,99.91,Approved,86,1.5,Online,India,3328475.94
1540,Amoxicillin,Glenmark,EAST,2025-03-06 03:00:00,2020-07-30,Cardiovascular,583,14110.14,8226211.62,3877,Pune,37,Phase 2,82.82,Rejected,84,4.8,Distributor,India,3726170.96
1541,Losartan,Zydus,WEST,2025-03-06 04:00:00,2020-03-11,Analgesic,503,7758.84,3902696.52,1312,Bangalore,49,Phase 3,93.23,Approved,99,2.5,Retail Pharmacy,India,4530541.02
1542,Ciprofloxacin,Zydus,south ,2025-03-06 05:00:00,2019-11-11,Antidiabetic,238,14821.35,3527481.3000000003,3077,Bangalore,44,Phase 3,91.81,Pending,41,1.0,Hospital,India,3851583.45
1543,Ciprofloxacin,Aurobindo, east,2025-03-06 06:00:00,2023-04-12,Antibiotic,146,25558.81,3731586.26,4324,Ahmedabad,20,Phase 1,77.48,Pending,15,3.3,Distributor,India,233300.67
1544,Omeprazole,Glenmark,EAST,2025-03-06 07:00:00,2019-03-22,Vaccine,997,36666.74,36556739.78,2729,Ahmedabad,34,Phase 3,51.26,Approved,38,3.7,Retail Pharmacy,India,2513983.01
1545,Losartan,Sun Pharma,SOUTH,2025-03-06 08:00:00,2015-04-11,Gastrointestinal,887,2971.24,2635489.88,4040,Hyderabad,32,Phase 4,61.67,Pending,41,3.5,Retail Pharmacy,India,4240642.53
1546,Atorvastatin,Cipla,SOUTH,2025-03-06 09:00:00,2016-04-25,Vaccine,948,28902.94,27399987.12,4718,Ahmedabad,45,Phase 1,91.14,Approved,49,1.3,Online,India,1071722.07
1547,Ciprofloxacin,Glenmark,north,2025-03-06 10:00:00,2020-05-15,Cardiovascular,590,29397.09,17344283.1,2697,Ahmedabad,20,Phase 2,52.39,Approved,28,2.2,Online,India,407519.11
1548,Azithromycin,Cadila,Central,2025-03-06 11:00:00,2019-02-03,Vaccine,935,19312.04,18056757.4,1386,Pune,24,Phase 1,86.26,Rejected,12,4.1,Distributor,India,2671324.48
1549,Atorvastatin,Lupin,souTh,2025-03-06 12:00:00,2016-12-04,Cardiovascular,183,23924.96,4378267.68,1238,Pune,27,Phase 1,84.18,Approved,81,2.8,Hospital,India,2584056.37
1550,Ciprofloxacin,Cipla,EAST,2025-03-06 13:00:00,2016-09-04,Vaccine,973,29996.78,29186866.94,4568,Mumbai,19,Phase 2,97.25,Rejected,73,1.7,Retail Pharmacy,India,3683620.38
1551,Losartan,Sun Pharma,SOUTH,2025-03-06 14:00:00,2019-06-22,Cardiovascular,325,20064.74,6521040.500000001,3888,Ahmedabad,6,Phase 1,66.67,Rejected,91,1.5,Distributor,India,3982366.36
1552,Amoxicillin,Cadila,souTh,2025-03-06 15:00:00,2019-09-15,Vaccine,977,17446.2,17044937.400000002,2916,Mumbai,37,Phase 1,58.73,Approved,96,2.1,Online,India,3229988.64
1553,Omeprazole,Sun Pharma, North Region,2025-03-06 16:00:00,2019-04-20,Antibiotic,14,36410.57,509747.98,2438,Hyderabad,46,Phase 1,84.51,Approved,64,3.1,Online,India,78245.66
1554,Losartan,Cadila,Central,2025-03-06 17:00:00,2016-12-01,Cardiovascular,889,38644.62,34355067.18,3625,Ahmedabad,2,Phase 4,79.74,Pending,37,2.4,Retail Pharmacy,India,2913308.28
1555,,Aurobindo,south ,2025-03-06 18:00:00,2018-09-06,Vaccine,894,22587.45,20193180.3,4992,Pune,41,Phase 3,69.94,Pending,11,1.8,Distributor,India,1571022.31
1556,Losartan,Sun Pharma,Central,2025-03-06 19:00:00,2020-08-12,Antibiotic,134,33533.49,4493487.66,2682,Pune,1,Phase 2,92.95,Rejected,49,2.1,Hospital,India,2293012.06
1557,Omeprazole,Cipla,NORTH ,2025-03-06 20:00:00,2019-02-14,Gastrointestinal,92,4786.23,440333.16,3095,Mumbai,6,Phase 3,52.13,Pending,78,3.8,Hospital,India,3413539.68
1558,Amlodipine,Biocon, North Region,2025-03-06 21:00:00,2017-03-01,Antibiotic,616,29108.58,17930885.28,4350,Bangalore,12,Phase 4,86.38,Rejected,47,4.3,Hospital,India,362619.63
1559,Omeprazole,Sun Pharma,south ,2025-03-06 22:00:00,2015-06-13,Antibiotic,352,9271.63,3263613.76,1433,Ahmedabad,26,Phase 2,73.85,Approved,76,1.4,Retail Pharmacy,India,4241580.16
1560,Metformin,Zydus,souTh,2025-03-06 23:00:00,2024-02-16,Analgesic,112,12215.8,1368169.6,4197,Hyderabad,0,Phase 2,61.25,Rejected,17,2.9,Distributor,India,1386572.89
1561,Amoxicillin,Aurobindo,west region,2025-03-07 00:00:00,2015-05-04,Gastrointestinal,675,815.86,550705.5,3156,Hyderabad,29,Phase 1,88.07,Pending,55,2.3,Hospital,India,3721484.17
1562,Amlodipine,Sun Pharma,West ,2025-03-07 01:00:00,2015-01-13,Cardiovascular,972,20768.32,20186807.04,2445,Ahmedabad,18,Phase 2,98.24,Pending,19,1.1,Retail Pharmacy,India,4110449.16
1563,Atorvastatin,Cipla,north,2025-03-07 02:00:00,2015-02-13,Analgesic,604,39965.41,24139107.64,1177,Bangalore,30,Phase 4,57.2,Pending,91,3.2,Retail Pharmacy,India,247655.54
1564,Atorvastatin,Torrent,north,2025-03-07 03:00:00,2021-09-17,Cardiovascular,292,36386.84,10624957.28,1563,Pune,48,Phase 3,93.88,Rejected,85,2.7,Hospital,India,1282521.81
1565,Paracetamol,Cipla,north,2025-03-07 04:00:00,2019-03-09,Cardiovascular,745,34326.14,25572974.3,1203,Hyderabad,22,Phase 4,56.8,Approved,13,2.3,Distributor,India,3748437.77
1566,Ciprofloxacin,Aurobindo,SOUTH,2025-03-07 05:00:00,2016-04-10,Analgesic,267,36397.11,9718028.37,1151,Pune,14,Phase 2,69.83,Approved,83,4.9,Online,India,2720787.53
1567,Ibuprofen,Aurobindo,west region,2025-03-07 06:00:00,2021-01-19,Antidiabetic,450,11912.21,5360494.5,1635,Hyderabad,33,Phase 3,64.35,Rejected,10,3.8,Online,India,636205.87
1568,Atorvastatin,Cadila, North Region,2025-03-07 07:00:00,2019-07-04,Antidiabetic,821,11771.23,9664179.83,1163,Ahmedabad,34,Phase 1,98.3,Rejected,89,4.4,Online,India,284143.15
1569,Ciprofloxacin,Dr. Reddy's,East Zone,2025-03-07 08:00:00,2017-07-07,Antibiotic,291,6297.92,1832694.72,3389,Ahmedabad,25,Phase 4,78.79,Pending,96,2.8,Online,India,418107.6
1570,Atorvastatin,Cadila,south ,2025-03-07 09:00:00,2019-05-18,Vaccine,88,13987.19,1230872.72,1258,Ahmedabad,24,Phase 2,96.28,Approved,11,2.7,Hospital,India,2145208.25
1571,Metformin,Lupin,EAST,2025-03-07 10:00:00,2021-07-18,Cardiovascular,423,35812.43,15148657.89,1775,Mumbai,47,Phase 4,78.97,Approved,64,2.4,Retail Pharmacy,India,1796795.06
1572,Azithromycin,Aurobindo,Central,2025-03-07 11:00:00,2016-02-28,Vaccine,829,27913.45,23140250.05,2964,Hyderabad,35,Phase 3,90.79,Pending,88,3.8,Online,India,1705402.46
1573,Ibuprofen,Aurobindo,west region,2025-03-07 12:00:00,2015-02-18,Antibiotic,977,6376.42,6229762.34,3245,Hyderabad,24,Phase 2,84.94,Pending,37,4.8,Distributor,India,846893.19
1574,Metformin,Aurobindo,NORTH ,2025-03-07 13:00:00,2015-02-08,Antidiabetic,951,18170.23,17279888.73,4701,Ahmedabad,31,Phase 4,85.84,Rejected,28,1.9,Distributor,India,3868974.32
1575,Ibuprofen,Glenmark,west region,2025-03-07 14:00:00,2016-11-28,Analgesic,879,30441.72,26758271.880000003,1700,Hyderabad,6,Phase 4,92.71,Approved,12,2.7,Hospital,India,270715.84
1576,Amlodipine,Dr. Reddy's, east,2025-03-07 15:00:00,2019-05-27,Analgesic,788,4915.76,3873618.88,2723,Ahmedabad,0,Phase 1,80.02,Rejected,18,3.1,Hospital,India,1262069.22
1577,Omeprazole,Cadila,West ,2025-03-07 16:00:00,2015-07-06,Antidiabetic,639,6386.0,4080654.0,1033,Bangalore,44,Phase 2,72.61,Rejected,96,4.1,Online,India,3421935.39
1578,Azithromycin,Cipla,Central,2025-03-07 17:00:00,2021-06-22,Antibiotic,469,14140.5,6631894.5,2171,Pune,11,Phase 2,77.46,Rejected,88,2.7,Online,India,3202112.59
1579,Ciprofloxacin,Lupin, east,2025-03-07 18:00:00,2020-10-23,Vaccine,373,30093.78,11224979.94,4025,Bangalore,43,Phase 1,98.26,Approved,83,4.1,Online,India,293485.39
1580,Amoxicillin,Cadila,NORTH ,2025-03-07 19:00:00,2017-11-06,Cardiovascular,531,1138.33,604453.23,3435,Hyderabad,13,Phase 2,64.35,Pending,30,4.2,Distributor,India,3751883.58
1581,Azithromycin,Aurobindo,EAST,2025-03-07 20:00:00,2016-02-22,Gastrointestinal,632,15949.97,10080381.04,1832,Ahmedabad,36,Phase 1,78.25,Rejected,96,2.6,Hospital,India,698832.29
1582,Azithromycin,Torrent,SOUTH,2025-03-07 21:00:00,2022-11-07,Antidiabetic,570,30009.58,17105460.6,2969,Bangalore,6,Phase 4,70.99,Approved,56,2.7,Hospital,India,4441892.19
1583,Losartan,Glenmark,WEST,2025-03-07 22:00:00,2021-01-18,Antidiabetic,117,15095.45,1766167.65,3546,Bangalore,34,Phase 1,75.43,Pending,10,2.5,Online,India,2576442.68
1584,,Torrent,WEST,2025-03-07 23:00:00,2017-11-04,Vaccine,566,3442.11,1948234.26,1447,Mumbai,34,Phase 4,93.27,Approved,67,3.7,Online,India,2826043.85
1585,Ibuprofen,Torrent,Central,2025-03-08 00:00:00,2022-11-11,Antidiabetic,449,22458.18,10083722.82,2663,Hyderabad,21,Phase 3,98.03,Pending,89,3.6,Hospital,India,786744.81
1586,Ciprofloxacin,Dr. Reddy's,West ,2025-03-08 01:00:00,2021-12-31,Cardiovascular,719,12103.12,8702143.280000001,1436,Bangalore,3,Phase 4,95.21,Rejected,65,3.7,Hospital,India,3497197.76
1587,Atorvastatin,Aurobindo,WEST,2025-03-08 02:00:00,2022-07-10,Analgesic,843,31937.4,26923228.200000003,1416,Mumbai,42,Phase 1,78.14,Rejected,16,3.5,Distributor,India,1969951.99
1588,Ciprofloxacin,Glenmark,EAST,2025-03-08 03:00:00,2017-05-02,Cardiovascular,861,15216.03,13101001.83,3810,Hyderabad,37,Phase 1,67.57,Approved,25,1.9,Distributor,India,254140.7
1589,Amlodipine,Torrent,Central,2025-03-08 04:00:00,2017-03-10,Vaccine,883,6122.56,5406220.48,2868,Ahmedabad,38,Phase 2,78.82,Rejected,49,2.2,Distributor,India,483791.38
1590,Ibuprofen,Zydus,south ,2025-03-08 05:00:00,2022-09-04,Gastrointestinal,564,32447.4,18300333.6,3685,Pune,41,Phase 4,86.48,Pending,47,2.1,Hospital,India,2468120.18
1591,Losartan,Torrent,NORTH ,2025-03-08 06:00:00,2019-01-17,Vaccine,251,25599.18,6425394.18,4530,Bangalore,29,Phase 2,79.17,Approved,46,1.6,Hospital,India,2788100.79
1592,Paracetamol,Zydus,East Zone,2025-03-08 07:00:00,2018-09-03,Cardiovascular,50,13792.51,689625.5,3314,Hyderabad,23,Phase 1,84.78,Approved,36,3.5,Hospital,India,549743.92
1593,Ciprofloxacin,Sun Pharma,south ,2025-03-08 08:00:00,2018-09-12,Cardiovascular,954,21194.96,20219991.84,3715,Pune,31,Phase 3,57.39,Approved,33,2.2,Distributor,India,2781088.05
1594,Losartan,Zydus,NORTH ,2025-03-08 09:00:00,2016-08-18,Cardiovascular,746,17740.42,13234353.319999998,1847,Pune,37,Phase 1,99.76,Approved,94,4.8,Hospital,India,3893188.02
1595,Atorvastatin,Cipla,East Zone,2025-03-08 10:00:00,2021-12-26,Gastrointestinal,136,1018.89,138569.04,4804,Hyderabad,30,Phase 1,90.75,Rejected,86,2.9,Online,India,677415.11
1596,Ibuprofen,Dr. Reddy's,NORTH ,2025-03-08 11:00:00,2019-08-30,Vaccine,249,8315.48,2070554.52,1108,Ahmedabad,21,Phase 3,65.17,Approved,92,1.3,Hospital,India,2558098.03
1597,Ibuprofen,Lupin,Central,2025-03-08 12:00:00,2019-02-27,Antidiabetic,615,23729.6,14593704.0,3456,Pune,18,Phase 2,56.38,Approved,75,2.4,Hospital,India,3090220.52
1598,Amlodipine,Lupin,East Zone,2025-03-08 13:00:00,2015-01-02,Antidiabetic,64,10655.47,681950.08,2073,Hyderabad,9,Phase 1,58.66,Rejected,47,4.0,Hospital,India,1626108.1
1599,Losartan,Biocon,NORTH ,2025-03-08 14:00:00,2019-01-30,Cardiovascular,80,30136.92,2410953.6,4955,Pune,25,Phase 4,72.29,Rejected,97,3.6,Retail Pharmacy,India,1898069.81
1600,Ciprofloxacin,Aurobindo,SOUTH,2025-03-08 15:00:00,2021-09-01,Antibiotic,365,3192.79,1165368.35,3686,Bangalore,12,Phase 2,85.03,Pending,66,4.1,Distributor,India,1690776.02
1601,Amlodipine,Glenmark, North Region,2025-03-08 16:00:00,2022-09-05,Gastrointestinal,615,39905.63,24541962.45,2996,Hyderabad,11,Phase 4,96.76,Approved,82,4.9,Retail Pharmacy,India,4263370.56
1602,Paracetamol,Dr. Reddy's,west region,2025-03-08 17:00:00,2022-09-05,Gastrointestinal,972,31239.65,30364939.8,3805,Ahmedabad,31,Phase 3,50.69,Rejected,58,1.9,Online,India,3336808.97
1603,Amlodipine,Lupin, east,2025-03-08 18:00:00,2016-10-26,Antibiotic,34,23419.68,796269.12,2849,Pune,42,Phase 3,82.56,Rejected,13,1.8,Online,India,842300.48
1604,Omeprazole,Cipla,WEST,2025-03-08 19:00:00,2023-12-26,Analgesic,636,24707.09,15713709.24,4366,Ahmedabad,33,Phase 4,81.46,Pending,67,1.3,Distributor,India,3622778.4
1605,Azithromycin,Zydus,Central,2025-03-08 20:00:00,2017-07-14,Analgesic,274,21674.46,5938802.04,2748,Mumbai,35,Phase 3,87.24,Approved,77,1.3,Retail Pharmacy,India,1708856.17
1606,Amlodipine,Sun Pharma,west region,2025-03-08 21:00:00,2022-08-30,Antibiotic,589,25942.37,15280055.93,2601,Mumbai,0,Phase 4,58.41,Approved,56,4.0,Online,India,780568.3
1607,Omeprazole,Sun Pharma,East Zone,2025-03-08 22:00:00,2017-01-27,Antidiabetic,531,2728.92,1449056.52,1778,Hyderabad,34,Phase 3,89.13,Approved,20,1.5,Retail Pharmacy,India,1466741.5
1608,Atorvastatin,Glenmark, east,2025-03-08 23:00:00,2022-12-21,Antidiabetic,453,32890.77,14899518.81,4217,Ahmedabad,47,Phase 2,84.14,Approved,10,3.2,Retail Pharmacy,India,4720698.46
1609,Amlodipine,Cipla,Central,2025-03-09 00:00:00,2020-02-10,Analgesic,986,27071.26,26692262.36,4119,Hyderabad,12,Phase 3,69.1,Pending,78,1.2,Online,India,2375337.79
1610,Amlodipine,Sun Pharma,south ,2025-03-09 01:00:00,2018-12-22,Analgesic,321,15881.67,5098016.07,1875,Pune,48,Phase 3,57.01,Rejected,29,2.1,Hospital,India,3515453.18
1611,Atorvastatin,Biocon, east,2025-03-09 02:00:00,2017-11-23,Antibiotic,616,35973.52,22159688.32,1428,Pune,8,Phase 3,88.87,Rejected,99,2.4,Online,India,3067236.06
1612,Losartan,Zydus,west region,2025-03-09 03:00:00,2024-01-03,Analgesic,980,11583.76,11352084.8,1903,Ahmedabad,14,Phase 3,68.09,Pending,53,4.0,Hospital,India,3649292.21
1613,Ciprofloxacin,Sun Pharma,Central,2025-03-09 04:00:00,2016-01-30,Vaccine,855,27856.72,23817495.6,2998,Pune,29,Phase 2,89.16,Pending,17,1.0,Online,India,3846935.52
1614,Omeprazole,Zydus,West ,2025-03-09 05:00:00,2019-08-16,Analgesic,991,33163.17,32864701.47,1510,Bangalore,18,Phase 4,66.09,Pending,89,4.2,Hospital,India,3021746.24
1615,Paracetamol,Cadila,WEST,2025-03-09 06:00:00,2021-11-03,Antidiabetic,977,5843.52,5709119.04,1669,Ahmedabad,19,Phase 2,81.37,Approved,60,3.8,Retail Pharmacy,India,462732.66
1616,,Dr. Reddy's,NORTH ,2025-03-09 07:00:00,2016-09-16,Analgesic,376,33727.09,12681385.839999998,3199,Ahmedabad,31,Phase 1,90.82,Pending,48,1.1,Hospital,India,4678853.83
1617,Paracetamol,Zydus,SOUTH,2025-03-09 08:00:00,2018-09-11,Gastrointestinal,187,25612.59,4789554.33,1849,Hyderabad,21,Phase 1,87.33,Approved,82,3.8,Retail Pharmacy,India,305259.43
1618,Amoxicillin,Cadila, North Region,2025-03-09 09:00:00,2024-11-25,Antibiotic,535,8456.3,4524120.5,2403,Pune,32,Phase 3,64.46,Pending,40,1.8,Distributor,India,2083290.45
1619,Metformin,Zydus,WEST,2025-03-09 10:00:00,2018-07-23,Antidiabetic,207,6136.01,1270154.07,1678,Bangalore,8,Phase 2,70.21,Rejected,68,2.1,Retail Pharmacy,India,1235177.33
1620,Paracetamol,Biocon,south ,2025-03-09 11:00:00,2020-02-09,Antidiabetic,557,14423.97,8034151.29,1997,Pune,23,Phase 1,50.26,Pending,14,3.8,Retail Pharmacy,India,787894.33
1621,Paracetamol,Aurobindo, North Region,2025-03-09 12:00:00,2015-02-25,Analgesic,222,33187.27,7367573.939999999,3887,Pune,46,Phase 2,91.47,Rejected,46,3.8,Hospital,India,4668667.9
1622,Metformin,Sun Pharma,Central,2025-03-09 13:00:00,2024-03-02,Vaccine,981,30378.81,29801612.610000003,4516,Pune,12,Phase 3,76.29,Rejected,75,1.5,Online,India,2930623.58
1623,Amlodipine,Torrent, North Region,2025-03-09 14:00:00,2018-01-19,Antibiotic,807,12466.45,10060425.15,1667,Pune,37,Phase 4,87.09,Pending,48,1.5,Hospital,India,4696091.15
1624,Atorvastatin,Sun Pharma,Central,2025-03-09 15:00:00,2024-12-15,Antibiotic,435,12099.07,5263095.45,4672,Bangalore,46,Phase 3,95.33,Rejected,74,4.0,Online,India,4535843.74
1625,Atorvastatin,Biocon,south ,2025-03-09 16:00:00,2022-01-26,Gastrointestinal,938,36278.31,34029054.78,3150,Bangalore,29,Phase 2,76.65,Pending,96,2.3,Online,India,2276395.5
1626,Metformin,Torrent,Central,2025-03-09 17:00:00,2021-05-31,Cardiovascular,930,13928.1,12953133.0,3036,Hyderabad,12,Phase 3,80.42,Pending,34,2.8,Retail Pharmacy,India,537539.42
1627,,Biocon,WEST,2025-03-09 18:00:00,2020-01-01,Analgesic,866,24407.44,21136843.04,2599,Mumbai,42,Phase 4,89.32,Approved,92,4.8,Hospital,India,2115446.21
1628,Ciprofloxacin,Torrent,NORTH ,2025-03-09 19:00:00,2018-02-19,Antibiotic,769,6480.94,4983842.859999999,3639,Ahmedabad,43,Phase 2,63.82,Pending,40,2.4,Distributor,India,3762700.77
1629,Amoxicillin,Lupin,Central,2025-03-09 20:00:00,2020-11-02,Vaccine,449,31794.46,14275712.54,2557,Ahmedabad,12,Phase 2,94.06,Rejected,53,3.8,Distributor,India,850247.54
1630,Omeprazole,Torrent,souTh,2025-03-09 21:00:00,2024-05-27,Cardiovascular,776,23734.32,18417832.32,3270,Ahmedabad,16,Phase 2,56.75,Rejected,90,2.9,Distributor,India,2663003.0
1631,Amlodipine,Aurobindo,Central,2025-03-09 22:00:00,2022-09-23,Antibiotic,360,37361.15,13450014.0,1756,Bangalore,18,Phase 1,51.04,Pending,49,4.0,Distributor,India,989098.87
1632,Losartan,Aurobindo,north,2025-03-09 23:00:00,2024-07-28,Cardiovascular,866,38813.69,33612655.54,1044,Mumbai,5,Phase 3,59.78,Pending,46,1.9,Hospital,India,4766832.25
1633,Atorvastatin,Zydus,Central,2025-03-10 00:00:00,2021-02-06,Antibiotic,584,17628.37,10294968.08,1781,Pune,21,Phase 1,70.62,Pending,80,4.4,Online,India,2192520.28
1634,Ibuprofen,Biocon,WEST,2025-03-10 01:00:00,2016-03-13,Vaccine,765,3505.93,2682036.45,1336,Pune,48,Phase 4,64.66,Rejected,67,3.7,Distributor,India,3051741.81
1635,Metformin,Biocon,East Zone,2025-03-10 02:00:00,2016-08-12,Cardiovascular,216,7555.89,1632072.24,1217,Ahmedabad,39,Phase 4,79.92,Rejected,21,2.7,Retail Pharmacy,India,3911946.38
1636,,Aurobindo, east,2025-03-10 03:00:00,2016-06-17,Antidiabetic,417,1766.8,736755.6,1784,Bangalore,3,Phase 3,75.31,Approved,25,1.2,Hospital,India,1565821.21
1637,Amlodipine,Aurobindo, North Region,2025-03-10 04:00:00,2022-07-21,Antidiabetic,249,32949.01,8204303.49,3511,Bangalore,23,Phase 1,97.29,Rejected,13,3.4,Hospital,India,3657637.36
1638,Amoxicillin,Zydus, east,2025-03-10 05:00:00,2018-02-07,Analgesic,939,31720.9,29785925.1,3070,Ahmedabad,26,Phase 2,87.8,Rejected,61,3.7,Online,India,110712.61
1639,Ciprofloxacin,Dr. Reddy's, east,2025-03-10 06:00:00,2017-10-24,Analgesic,659,35171.39,23177946.01,3390,Bangalore,11,Phase 2,94.66,Pending,64,4.9,Distributor,India,1999175.65
1640,Paracetamol,Biocon,EAST,2025-03-10 07:00:00,2020-03-05,Vaccine,823,38698.77,31849087.71,3228,Mumbai,7,Phase 2,71.81,Pending,75,3.7,Hospital,India,1805007.32
1641,Amlodipine,Lupin,WEST,2025-03-10 08:00:00,2018-03-12,Antibiotic,463,34522.68,15984000.84,1122,Mumbai,47,Phase 3,57.61,Pending,98,4.8,Hospital,India,2069114.78
1642,Azithromycin,Lupin,Central,2025-03-10 09:00:00,2023-10-01,Antibiotic,319,4592.04,1464860.76,1311,Hyderabad,3,Phase 1,78.54,Pending,60,1.9,Hospital,India,2778012.66
1643,Azithromycin,Aurobindo,north,2025-03-10 10:00:00,2020-04-18,Antidiabetic,509,8540.16,4346941.44,3039,Mumbai,27,Phase 3,81.12,Rejected,13,4.2,Distributor,India,3702081.06
1644,Ibuprofen,Cipla,Central,2025-03-10 11:00:00,2023-06-22,Vaccine,835,1272.14,1062236.9,3578,Bangalore,13,Phase 1,83.82,Pending,23,2.1,Distributor,India,282696.45
1645,Amoxicillin,Glenmark,West ,2025-03-10 12:00:00,2023-10-14,Analgesic,298,35042.4,10442635.2,3270,Bangalore,30,Phase 2,83.22,Rejected,82,2.0,Hospital,India,1277900.21
1646,,Torrent,Central,2025-03-10 13:00:00,2017-11-19,Cardiovascular,835,27954.38,23341907.3,2679,Pune,32,Phase 4,66.27,Rejected,37,4.8,Hospital,India,3603130.1
1647,Paracetamol,Cadila,West ,2025-03-10 14:00:00,2022-10-02,Antidiabetic,865,30396.41,26292894.65,4032,Bangalore,46,Phase 4,98.68,Pending,77,3.3,Hospital,India,4707626.68
1648,Losartan,Lupin,East Zone,2025-03-10 15:00:00,2024-05-18,Antidiabetic,529,16110.09,8522237.61,4841,Mumbai,29,Phase 1,69.61,Approved,41,3.5,Distributor,India,622955.66
1649,Atorvastatin,Biocon,south ,2025-03-10 16:00:00,2015-02-16,Analgesic,197,28656.59,5645348.23,4653,Ahmedabad,1,Phase 1,56.87,Pending,87,1.5,Online,India,2689336.93
1650,Omeprazole,Cadila,south ,2025-03-10 17:00:00,2023-08-23,Antibiotic,977,11336.76,11076014.52,1600,Pune,48,Phase 4,95.51,Rejected,72,1.4,Distributor,India,1169111.85
1651,Azithromycin,Sun Pharma,West ,2025-03-10 18:00:00,2017-03-07,Gastrointestinal,949,6657.62,6318081.38,3053,Hyderabad,36,Phase 3,70.82,Pending,84,2.2,Retail Pharmacy,India,2255559.22
1652,Metformin,Aurobindo, North Region,2025-03-10 19:00:00,2017-05-22,Gastrointestinal,19,20769.37,394618.03,3640,Hyderabad,22,Phase 4,61.98,Rejected,61,4.2,Retail Pharmacy,India,1524448.34
1653,Losartan,Dr. Reddy's,south ,2025-03-10 20:00:00,2016-08-13,Gastrointestinal,941,1549.01,1457618.41,1896,Bangalore,25,Phase 3,84.78,Rejected,44,2.5,Retail Pharmacy,India,386656.97
1654,,Torrent,East Zone,2025-03-10 21:00:00,2017-06-23,Antidiabetic,744,24295.88,18076134.720000003,4307,Ahmedabad,13,Phase 1,91.82,Pending,30,2.6,Distributor,India,2407979.28
1655,Paracetamol,Lupin,souTh,2025-03-10 22:00:00,2023-06-17,Antidiabetic,593,38822.15,23021534.95,3901,Hyderabad,11,Phase 3,67.82,Approved,49,2.5,Retail Pharmacy,India,1500440.17
1656,Metformin,Glenmark,Central,2025-03-10 23:00:00,2018-11-24,Antibiotic,795,20506.37,16302564.15,2621,Hyderabad,16,Phase 3,74.57,Rejected,29,1.7,Distributor,India,4289183.11
1657,Losartan,Glenmark, North Region,2025-03-11 00:00:00,2024-09-08,Antibiotic,925,9987.68,9238604.0,2425,Bangalore,41,Phase 2,69.03,Approved,36,2.9,Hospital,India,95394.95
1658,Atorvastatin,Cadila,Central,2025-03-11 01:00:00,2019-11-05,Gastrointestinal,788,30147.96,23756592.48,4682,Bangalore,11,Phase 2,73.26,Rejected,46,2.7,Retail Pharmacy,India,1195901.28
1659,Paracetamol,Lupin,EAST,2025-03-11 02:00:00,2020-07-25,Antidiabetic,355,16650.88,5911062.4,2653,Bangalore,3,Phase 2,63.2,Approved,28,1.6,Online,India,292564.68
1660,Metformin,Lupin,Central,2025-03-11 03:00:00,2023-01-31,Gastrointestinal,565,38361.22,21674089.3,4203,Pune,9,Phase 2,87.38,Pending,13,3.0,Retail Pharmacy,India,4472843.11
1661,Ibuprofen,Cadila,south ,2025-03-11 04:00:00,2022-02-06,Analgesic,474,14007.65,6639626.1,2761,Pune,45,Phase 4,58.55,Pending,75,2.2,Distributor,India,2213498.37
1662,Metformin,Torrent,Central,2025-03-11 05:00:00,2023-12-01,Antibiotic,434,36725.73,15938966.820000002,2280,Hyderabad,19,Phase 1,74.66,Approved,10,4.1,Retail Pharmacy,India,2836967.27
1663,Azithromycin,Glenmark,souTh,2025-03-11 06:00:00,2024-06-14,Cardiovascular,104,7696.69,800455.76,1938,Ahmedabad,11,Phase 3,67.83,Approved,52,3.4,Hospital,India,2339277.55
1664,Amoxicillin,Cipla,East Zone,2025-03-11 07:00:00,2022-04-28,Antibiotic,384,23051.09,8851618.56,3435,Hyderabad,7,Phase 4,73.25,Approved,39,4.9,Online,India,2250178.84
1665,Amoxicillin,Zydus,EAST,2025-03-11 08:00:00,2016-01-14,Analgesic,869,21690.4,18848957.6,4679,Ahmedabad,42,Phase 2,69.42,Approved,63,2.0,Retail Pharmacy,India,4443885.31
1666,Ciprofloxacin,Lupin,west region,2025-03-11 09:00:00,2017-05-26,Antibiotic,132,10309.79,1360892.28,4892,Pune,41,Phase 1,65.39,Approved,61,3.7,Distributor,India,3903990.01
1667,Ciprofloxacin,Cipla, North Region,2025-03-11 10:00:00,2018-04-24,Vaccine,251,25503.98,6401498.98,2433,Mumbai,32,Phase 1,69.52,Approved,88,3.1,Retail Pharmacy,India,4417993.45
1668,Amlodipine,Cadila,Central,2025-03-11 11:00:00,2018-12-15,Cardiovascular,597,18942.66,11308768.02,4124,Bangalore,36,Phase 4,92.62,Approved,29,1.4,Hospital,India,509516.5
1669,Paracetamol,Dr. Reddy's,souTh,2025-03-11 12:00:00,2018-10-22,Antidiabetic,761,8175.8,6221783.8,3813,Bangalore,45,Phase 4,57.48,Approved,99,3.0,Retail Pharmacy,India,922921.87
1670,Azithromycin,Dr. Reddy's,souTh,2025-03-11 13:00:00,2015-07-11,Antibiotic,697,1114.63,776897.1100000001,2543,Mumbai,24,Phase 4,87.58,Rejected,94,2.3,Online,India,2835763.09
1671,Ciprofloxacin,Cipla, east,2025-03-11 14:00:00,2024-03-17,Analgesic,165,22122.64,3650235.6,4364,Bangalore,46,Phase 4,77.33,Approved,26,3.3,Hospital,India,2221966.36
1672,Ciprofloxacin,Cadila,north,2025-03-11 15:00:00,2018-02-19,Antibiotic,652,20069.61,13085385.72,4479,Ahmedabad,11,Phase 2,89.99,Approved,25,2.4,Distributor,India,4059083.21
1673,Paracetamol,Zydus,East Zone,2025-03-11 16:00:00,2019-08-05,Analgesic,747,17568.38,13123579.86,2398,Pune,37,Phase 1,81.68,Approved,53,2.5,Online,India,2102019.71
1674,Atorvastatin,Zydus,EAST,2025-03-11 17:00:00,2022-10-14,Antibiotic,270,31649.79,8545443.3,3660,Pune,11,Phase 3,85.5,Pending,19,3.6,Distributor,India,3240629.6
1675,Amoxicillin,Lupin, east,2025-03-11 18:00:00,2021-06-07,Antidiabetic,23,37374.06,859603.3799999999,1539,Bangalore,18,Phase 2,56.93,Rejected,92,4.4,Retail Pharmacy,India,3535508.35
1676,Atorvastatin,Lupin, east,2025-03-11 19:00:00,2019-05-16,Analgesic,762,17633.53,13436749.86,2186,Mumbai,38,Phase 3,74.0,Pending,76,1.5,Hospital,India,1687744.55
1677,Atorvastatin,Cipla,West ,2025-03-11 20:00:00,2018-09-25,Cardiovascular,354,31224.93,11053625.22,2743,Mumbai,28,Phase 1,88.18,Approved,75,3.6,Hospital,India,3338760.1
1678,Losartan,Glenmark,East Zone,2025-03-11 21:00:00,2023-05-03,Cardiovascular,621,39711.27,24660698.67,3745,Pune,37,Phase 2,53.5,Pending,77,3.8,Retail Pharmacy,India,4928269.62
1679,Amlodipine,Aurobindo, North Region,2025-03-11 22:00:00,2017-09-18,Cardiovascular,430,1040.0,447200.0,4199,Pune,9,Phase 3,84.58,Pending,74,3.8,Distributor,India,3542482.38
1680,Ibuprofen,Cadila,souTh,2025-03-11 23:00:00,2015-02-17,Analgesic,884,6251.6,5526414.4,2659,Ahmedabad,38,Phase 4,61.9,Pending,16,4.7,Online,India,367709.21
1681,Amlodipine,Sun Pharma,north,2025-03-12 00:00:00,2019-03-03,Gastrointestinal,38,25991.1,987661.8,3890,Pune,7,Phase 3,80.75,Approved,53,1.9,Online,India,3753333.87
1682,Amoxicillin,Cadila,west region,2025-03-12 01:00:00,2017-08-24,Analgesic,339,19362.51,6563890.89,3650,Bangalore,49,Phase 1,72.76,Rejected,18,4.0,Hospital,India,3417428.27
1683,Amlodipine,Biocon,WEST,2025-03-12 02:00:00,2020-01-14,Analgesic,514,38792.59,19939391.26,4889,Hyderabad,17,Phase 4,99.53,Pending,44,3.8,Distributor,India,4628910.11
1684,Omeprazole,Aurobindo,Central,2025-03-12 03:00:00,2023-08-31,Cardiovascular,797,19132.97,15248977.090000002,3861,Bangalore,26,Phase 2,63.07,Approved,14,4.6,Online,India,2056482.85
1685,Losartan,Sun Pharma,WEST,2025-03-12 04:00:00,2022-06-03,Antibiotic,340,29989.44,10196409.6,3457,Pune,24,Phase 2,54.79,Rejected,16,4.9,Hospital,India,3591468.22
1686,Azithromycin,Zydus,NORTH ,2025-03-12 05:00:00,2015-06-23,Analgesic,384,17423.27,6690535.68,3809,Bangalore,17,Phase 1,86.41,Rejected,58,1.2,Retail Pharmacy,India,4871700.63
1687,Azithromycin,Biocon,WEST,2025-03-12 06:00:00,2020-07-20,Analgesic,945,20046.93,18944348.85,4161,Bangalore,9,Phase 2,79.32,Pending,94,4.5,Online,India,4877308.52
1688,Amoxicillin,Zydus,Central,2025-03-12 07:00:00,2023-09-10,Analgesic,275,32296.52,8881543.0,1838,Mumbai,29,Phase 2,74.19,Approved,94,3.4,Online,India,1428646.08
1689,Azithromycin,Cipla,West ,2025-03-12 08:00:00,2023-07-12,Cardiovascular,124,38678.79,4796169.96,2113,Pune,35,Phase 1,68.86,Rejected,30,3.2,Retail Pharmacy,India,1678611.95
1690,Atorvastatin,Torrent,West ,2025-03-12 09:00:00,2024-09-12,Analgesic,249,22227.51,5534649.989999999,1165,Pune,2,Phase 1,89.8,Pending,15,2.5,Hospital,India,2219457.93
1691,Amlodipine,Sun Pharma,west region,2025-03-12 10:00:00,2017-11-25,Analgesic,945,30921.24,29220571.8,1997,Pune,22,Phase 3,78.78,Approved,87,4.8,Distributor,India,482940.27
1692,Amoxicillin,Dr. Reddy's,EAST,2025-03-12 11:00:00,2023-12-24,Cardiovascular,249,14994.45,3733618.05,3027,Pune,17,Phase 4,56.71,Pending,32,3.8,Online,India,3136239.34
1693,,Dr. Reddy's,EAST,2025-03-12 12:00:00,2023-10-17,Analgesic,250,1708.6,427150.0,2745,Pune,48,Phase 4,93.89,Approved,20,2.6,Distributor,India,3716723.45
1694,Ibuprofen,Cadila,NORTH ,2025-03-12 13:00:00,2020-06-08,Analgesic,955,13455.14,12849658.7,2032,Pune,36,Phase 1,72.08,Approved,13,4.6,Distributor,India,4559327.05
1695,Amoxicillin,Lupin,SOUTH,2025-03-12 14:00:00,2020-04-13,Cardiovascular,818,23231.48,19003350.64,2818,Pune,9,Phase 4,94.67,Pending,13,1.5,Retail Pharmacy,India,2062832.26
1696,Metformin,Cipla, east,2025-03-12 15:00:00,2016-01-23,Vaccine,155,34478.48,5344164.4,2928,Hyderabad,20,Phase 2,67.08,Pending,78,1.9,Hospital,India,878544.96
1697,Omeprazole,Lupin,Central,2025-03-12 16:00:00,2021-12-17,Cardiovascular,572,2523.89,1443665.0799999998,2577,Mumbai,42,Phase 4,76.88,Pending,54,1.8,Online,India,2970142.59
1698,Amoxicillin,Zydus,West ,2025-03-12 17:00:00,2022-10-11,Cardiovascular,205,14373.48,2946563.4,2147,Pune,44,Phase 4,54.78,Approved,64,3.4,Distributor,India,2654531.77
1699,Metformin,Zydus,Central,2025-03-12 18:00:00,2024-08-26,Cardiovascular,360,15532.89,5591840.399999999,4795,Mumbai,14,Phase 1,60.15,Approved,56,4.9,Online,India,2062791.57
1700,Atorvastatin,Lupin,Central,2025-03-12 19:00:00,2016-09-23,Antibiotic,826,35578.59,29387915.34,2662,Hyderabad,7,Phase 4,66.7,Pending,74,1.7,Hospital,India,1280426.55
1701,Losartan,Torrent,south ,2025-03-12 20:00:00,2017-08-05,Gastrointestinal,588,16504.63,9704722.44,3940,Pune,35,Phase 3,70.05,Rejected,77,5.0,Distributor,India,2773470.27
1702,Omeprazole,Aurobindo,north,2025-03-12 21:00:00,2018-11-02,Analgesic,117,31436.33,3678050.61,2581,Hyderabad,27,Phase 4,52.91,Rejected,33,3.3,Hospital,India,2478187.42
1703,Amoxicillin,Zydus,souTh,2025-03-12 22:00:00,2020-07-23,Analgesic,269,9691.98,2607142.62,1100,Hyderabad,28,Phase 4,59.8,Rejected,25,2.0,Retail Pharmacy,India,697731.23
1704,Azithromycin,Glenmark,north,2025-03-12 23:00:00,2019-11-22,Vaccine,659,30570.97,20146269.23,3808,Hyderabad,22,Phase 3,54.46,Approved,17,3.7,Retail Pharmacy,India,3576350.65
1705,Amlodipine,Dr. Reddy's,East Zone,2025-03-13 00:00:00,2018-12-26,Cardiovascular,95,31306.1,2974079.5,1186,Ahmedabad,4,Phase 1,56.73,Pending,71,3.1,Distributor,India,2170213.56
1706,Amoxicillin,Aurobindo,East Zone,2025-03-13 01:00:00,2023-12-21,Antibiotic,332,20266.49,6728474.680000001,1838,Pune,37,Phase 2,88.53,Approved,15,2.6,Online,India,166985.55
1707,Paracetamol,Cadila,souTh,2025-03-13 02:00:00,2019-06-23,Antidiabetic,714,36777.04,26258806.56,2954,Mumbai,13,Phase 4,97.01,Rejected,74,3.7,Online,India,2675270.24
1708,Omeprazole,Biocon,NORTH ,2025-03-13 03:00:00,2022-11-11,Analgesic,458,35476.0,16248008.0,2042,Ahmedabad,27,Phase 1,65.14,Rejected,45,1.7,Distributor,India,3245137.12
1709,Losartan,Lupin,souTh,2025-03-13 04:00:00,2015-08-13,Analgesic,513,19759.67,10136710.71,1549,Bangalore,2,Phase 3,95.28,Pending,56,1.5,Online,India,798230.74
1710,Amlodipine,Sun Pharma,SOUTH,2025-03-13 05:00:00,2015-02-19,Cardiovascular,75,10776.8,808260.0,3057,Bangalore,39,Phase 1,89.96,Pending,52,4.8,Online,India,879431.52
1711,,Torrent,Central,2025-03-13 06:00:00,2024-08-09,Analgesic,391,29146.67,11396347.97,1208,Ahmedabad,47,Phase 4,60.94,Rejected,66,2.8,Hospital,India,4864264.06
1712,Losartan,Glenmark,West ,2025-03-13 07:00:00,2017-11-12,Vaccine,400,15029.04,6011616.0,2043,Pune,1,Phase 3,57.01,Pending,93,3.9,Distributor,India,4176940.55
1713,Metformin,Torrent,south ,2025-03-13 08:00:00,2023-04-20,Gastrointestinal,112,20164.1,2258379.2,4155,Bangalore,31,Phase 3,67.04,Pending,40,2.6,Online,India,1467278.05
1714,Atorvastatin,Lupin, east,2025-03-13 09:00:00,2021-10-30,Antidiabetic,315,1614.65,508614.75,4497,Bangalore,48,Phase 3,65.17,Rejected,35,3.9,Online,India,4362325.68
1715,Atorvastatin,Torrent,SOUTH,2025-03-13 10:00:00,2022-11-15,Antibiotic,313,2447.68,766123.84,1745,Mumbai,1,Phase 3,55.59,Pending,28,3.8,Distributor,India,1795455.32
1716,Amoxicillin,Aurobindo,west region,2025-03-13 11:00:00,2019-09-02,Cardiovascular,516,2048.89,1057227.24,4850,Pune,3,Phase 3,69.56,Approved,58,1.0,Distributor,India,3476392.77
1717,Atorvastatin,Glenmark,SOUTH,2025-03-13 12:00:00,2021-01-02,Antibiotic,61,10698.22,652591.4199999999,4352,Pune,38,Phase 3,95.36,Rejected,23,2.4,Hospital,India,2224311.47
1718,Amoxicillin,Dr. Reddy's,Central,2025-03-13 13:00:00,2017-05-08,Cardiovascular,46,27167.92,1249724.3199999998,4982,Ahmedabad,35,Phase 2,99.06,Approved,53,2.5,Retail Pharmacy,India,2041835.1
1719,Omeprazole,Cadila, North Region,2025-03-13 14:00:00,2017-03-03,Antibiotic,872,13906.33,12126319.76,2045,Pune,12,Phase 2,50.98,Rejected,23,4.6,Distributor,India,4393636.35
1720,Ibuprofen,Torrent,Central,2025-03-13 15:00:00,2016-10-17,Antidiabetic,324,32641.5,10575846.0,1433,Ahmedabad,39,Phase 1,68.14,Rejected,43,3.6,Online,India,1745939.27
1721,Losartan,Cipla,souTh,2025-03-13 16:00:00,2021-12-20,Antidiabetic,466,22959.26,10699015.16,2036,Ahmedabad,25,Phase 4,59.79,Approved,41,4.4,Hospital,India,285771.2
1722,Atorvastatin,Cipla,East Zone,2025-03-13 17:00:00,2021-06-17,Antidiabetic,543,9995.88,5427762.84,2559,Mumbai,31,Phase 1,86.02,Rejected,66,3.4,Hospital,India,546488.0
1723,Metformin,Sun Pharma, North Region,2025-03-13 18:00:00,2018-10-01,Gastrointestinal,130,10478.65,1362224.5,4191,Hyderabad,34,Phase 2,62.92,Rejected,51,3.2,Retail Pharmacy,India,931443.43
1724,Metformin,Lupin,north,2025-03-13 19:00:00,2022-11-28,Analgesic,484,32180.86,15575536.24,3896,Ahmedabad,42,Phase 4,97.35,Approved,39,2.8,Retail Pharmacy,India,640135.47
1725,Amlodipine,Glenmark,WEST,2025-03-13 20:00:00,2022-12-20,Cardiovascular,654,27261.22,17828837.88,3159,Hyderabad,34,Phase 2,77.62,Pending,50,1.8,Distributor,India,374842.42
1726,Azithromycin,Aurobindo,West ,2025-03-13 21:00:00,2015-02-18,Cardiovascular,11,34156.38,375720.18,3324,Mumbai,49,Phase 3,83.27,Rejected,53,2.0,Distributor,India,3412212.73
1727,Losartan,Sun Pharma,south ,2025-03-13 22:00:00,2022-03-04,Gastrointestinal,787,15176.3,11943748.1,4605,Bangalore,18,Phase 4,68.56,Approved,26,1.6,Hospital,India,3873696.43
1728,Amlodipine,Lupin,WEST,2025-03-13 23:00:00,2021-11-12,Analgesic,201,4961.43,997247.43,4345,Mumbai,23,Phase 1,81.46,Approved,27,3.7,Distributor,India,3751681.92
1729,Paracetamol,Torrent,SOUTH,2025-03-14 00:00:00,2018-07-18,Analgesic,33,6356.15,209752.95,4095,Ahmedabad,26,Phase 4,59.51,Rejected,77,1.6,Hospital,India,3441520.84
1730,Paracetamol,Biocon,north,2025-03-14 01:00:00,2021-03-13,Cardiovascular,360,16607.22,5978599.2,1503,Hyderabad,47,Phase 3,89.55,Pending,88,1.5,Online,India,1291666.72
1731,Metformin,Lupin,EAST,2025-03-14 02:00:00,2019-11-03,Analgesic,251,9432.85,2367645.35,1730,Mumbai,19,Phase 1,95.2,Pending,98,3.1,Retail Pharmacy,India,2205522.67
1732,Amlodipine,Aurobindo,EAST,2025-03-14 03:00:00,2021-11-16,Cardiovascular,807,15866.97,12804644.79,3801,Hyderabad,45,Phase 2,69.28,Rejected,42,4.0,Distributor,India,3462255.26
1733,Omeprazole,Lupin,SOUTH,2025-03-14 04:00:00,2018-07-15,Antibiotic,291,24742.85,7200169.35,3498,Hyderabad,34,Phase 4,64.94,Approved,44,4.9,Distributor,India,4547558.72
1734,Omeprazole,Dr. Reddy's,WEST,2025-03-14 05:00:00,2021-07-25,Antibiotic,519,27081.47,14055282.93,4776,Bangalore,45,Phase 1,95.52,Pending,43,3.3,Distributor,India,3440900.57
1735,Atorvastatin,Zydus,WEST,2025-03-14 06:00:00,2021-06-14,Antidiabetic,576,36516.59,21033555.84,4187,Mumbai,19,Phase 3,94.52,Pending,15,1.0,Distributor,India,3513490.04
1736,Azithromycin,Zydus,SOUTH,2025-03-14 07:00:00,2017-08-31,Analgesic,661,17727.53,11717897.33,1078,Ahmedabad,1,Phase 4,84.31,Approved,50,3.1,Online,India,4596995.32
1737,Metformin,Cadila,East Zone,2025-03-14 08:00:00,2018-04-05,Analgesic,117,12661.13,1481352.21,4593,Bangalore,48,Phase 3,59.11,Rejected,87,1.6,Distributor,India,4999813.05
1738,Ciprofloxacin,Sun Pharma, North Region,2025-03-14 09:00:00,2016-04-14,Antibiotic,944,20327.8,19189443.2,1802,Bangalore,26,Phase 1,92.11,Rejected,34,1.4,Distributor,India,1206505.86
1739,Amoxicillin,Dr. Reddy's,Central,2025-03-14 10:00:00,2021-05-17,Antibiotic,781,5960.4,4655072.399999999,4744,Mumbai,48,Phase 2,63.59,Pending,55,3.2,Distributor,India,4494153.62
1740,Azithromycin,Sun Pharma, North Region,2025-03-14 11:00:00,2021-11-23,Antibiotic,685,33361.94,22852928.9,4013,Ahmedabad,8,Phase 4,65.95,Pending,41,3.2,Distributor,India,3243882.24
1741,Amlodipine,Lupin,West ,2025-03-14 12:00:00,2024-01-22,Gastrointestinal,657,29530.16,19401315.12,2635,Mumbai,29,Phase 4,67.1,Rejected,12,4.3,Retail Pharmacy,India,3646517.39
1742,Ibuprofen,Aurobindo, east,2025-03-14 13:00:00,2022-09-15,Antidiabetic,274,24837.11,6805368.140000001,3212,Mumbai,13,Phase 3,77.05,Approved,94,2.6,Online,India,1463939.19
1743,Metformin,Lupin,NORTH ,2025-03-14 14:00:00,2023-10-03,Antibiotic,164,30446.37,4993204.68,1445,Hyderabad,4,Phase 4,58.53,Rejected,12,2.7,Retail Pharmacy,India,4567810.42
1744,Ibuprofen,Dr. Reddy's, east,2025-03-14 15:00:00,2024-04-29,Antibiotic,827,29754.48,24606954.96,3844,Pune,0,Phase 2,61.62,Approved,81,3.0,Retail Pharmacy,India,2285180.83
1745,Ibuprofen,Glenmark, east,2025-03-14 16:00:00,2020-07-11,Gastrointestinal,503,39730.8,19984592.4,3572,Bangalore,26,Phase 2,85.54,Approved,86,1.3,Online,India,3858843.58
1746,Losartan,Dr. Reddy's,East Zone,2025-03-14 17:00:00,2022-05-05,Antidiabetic,158,34786.43,5496255.94,3783,Mumbai,37,Phase 1,58.24,Approved,66,4.3,Retail Pharmacy,India,4654940.08
1747,Amlodipine,Zydus,NORTH ,2025-03-14 18:00:00,2016-11-30,Cardiovascular,641,9547.76,6120114.16,4924,Pune,12,Phase 4,87.26,Pending,66,4.9,Online,India,287950.52
1748,Ciprofloxacin,Lupin,south ,2025-03-14 19:00:00,2016-04-19,Gastrointestinal,532,22479.13,11958897.16,2316,Ahmedabad,41,Phase 4,72.27,Pending,37,4.0,Distributor,India,1148825.31
1749,Paracetamol,Biocon,WEST,2025-03-14 20:00:00,2019-09-02,Analgesic,625,11115.96,6947474.999999999,4975,Ahmedabad,16,Phase 3,53.87,Rejected,13,2.8,Hospital,India,3845283.23
1750,Amlodipine,Dr. Reddy's,south ,2025-03-14 21:00:00,2015-06-09,Gastrointestinal,323,30246.39,9769583.97,3594,Ahmedabad,15,Phase 3,65.59,Approved,14,3.8,Distributor,India,1188203.01
1751,Ibuprofen,Cipla,WEST,2025-03-14 22:00:00,2020-06-13,Vaccine,252,33967.88,8559905.76,4241,Hyderabad,24,Phase 3,86.44,Approved,69,2.7,Distributor,India,4852344.18
1752,Amoxicillin,Biocon,Central,2025-03-14 23:00:00,2020-09-19,Antidiabetic,434,39838.69,17289991.46,3049,Mumbai,26,Phase 1,86.62,Pending,96,4.8,Distributor,India,4187448.75
1753,Ibuprofen,Torrent,Central,2025-03-15 00:00:00,2021-04-26,Antibiotic,567,16491.25,9350538.75,1068,Hyderabad,17,Phase 4,92.0,Approved,72,1.2,Retail Pharmacy,India,2035364.21
1754,Ciprofloxacin,Dr. Reddy's, North Region,2025-03-15 01:00:00,2018-08-07,Gastrointestinal,217,16170.5,3508998.5,1743,Mumbai,34,Phase 2,70.55,Rejected,75,2.3,Distributor,India,3666594.8
1755,Ibuprofen,Aurobindo,East Zone,2025-03-15 02:00:00,2017-02-12,Vaccine,764,12432.23,9498223.72,2759,Ahmedabad,48,Phase 3,64.55,Pending,94,2.8,Retail Pharmacy,India,2655219.44
1756,Ciprofloxacin,Lupin, east,2025-03-15 03:00:00,2020-09-20,Antibiotic,45,35854.31,1613443.95,3343,Ahmedabad,2,Phase 2,74.35,Rejected,88,3.9,Distributor,India,2613319.83
1757,Losartan,Torrent,NORTH ,2025-03-15 04:00:00,2024-01-23,Antibiotic,63,1517.03,95572.89,1162,Mumbai,8,Phase 3,57.94,Rejected,61,2.1,Online,India,2269323.75
1758,Paracetamol,Torrent,south ,2025-03-15 05:00:00,2019-01-10,Antidiabetic,949,38557.4,36590972.6,1196,Pune,28,Phase 3,68.68,Pending,12,1.5,Distributor,India,342086.86
1759,Omeprazole,Glenmark,west region,2025-03-15 06:00:00,2022-08-03,Cardiovascular,611,4267.87,2607668.57,1644,Hyderabad,14,Phase 3,57.6,Pending,53,3.7,Distributor,India,4531547.53
1760,Amoxicillin,Torrent,EAST,2025-03-15 07:00:00,2023-09-11,Gastrointestinal,152,6535.93,993461.36,1252,Bangalore,24,Phase 3,90.11,Approved,47,3.6,Hospital,India,195565.82
1761,Metformin,Glenmark,East Zone,2025-03-15 08:00:00,2016-11-18,Vaccine,947,30944.28,29304233.16,3269,Hyderabad,36,Phase 3,90.0,Pending,86,1.7,Hospital,India,3065070.89
1762,Atorvastatin,Torrent,north,2025-03-15 09:00:00,2019-09-10,Analgesic,101,37516.05,3789121.05,4214,Pune,46,Phase 1,95.06,Rejected,37,3.2,Online,India,678229.83
1763,Paracetamol,Sun Pharma,west region,2025-03-15 10:00:00,2023-09-18,Antibiotic,915,24149.17,22096490.55,1459,Bangalore,35,Phase 1,90.36,Rejected,35,1.6,Distributor,India,3000149.26
1764,Omeprazole,Cadila,EAST,2025-03-15 11:00:00,2018-05-14,Gastrointestinal,421,13539.87,5700285.2700000005,1203,Ahmedabad,31,Phase 3,80.88,Pending,70,1.3,Retail Pharmacy,India,2262549.48
1765,Paracetamol,Lupin,Central,2025-03-15 12:00:00,2016-05-23,Antibiotic,133,17373.55,2310682.15,2749,Ahmedabad,11,Phase 4,59.79,Approved,58,3.5,Retail Pharmacy,India,1150352.82
1766,Atorvastatin,Dr. Reddy's,Central,2025-03-15 13:00:00,2024-03-09,Gastrointestinal,231,10574.82,2442783.42,3726,Mumbai,23,Phase 2,97.61,Pending,97,2.5,Hospital,India,1796883.43
1767,Amlodipine,Cadila,WEST,2025-03-15 14:00:00,2015-05-17,Antidiabetic,283,16923.84,4789446.72,2051,Bangalore,6,Phase 2,54.7,Approved,99,2.8,Distributor,India,4481391.22
1768,Ibuprofen,Cadila,EAST,2025-03-15 15:00:00,2019-01-24,Gastrointestinal,146,15010.29,2191502.3400000003,4132,Ahmedabad,21,Phase 1,74.39,Rejected,62,3.9,Online,India,4130045.22
1769,Ibuprofen,Lupin,West ,2025-03-15 16:00:00,2018-12-16,Vaccine,517,19424.33,10042378.61,4629,Mumbai,28,Phase 3,91.55,Approved,49,3.0,Distributor,India,4710346.51
1770,Azithromycin,Glenmark,Central,2025-03-15 17:00:00,2016-12-03,Gastrointestinal,802,8051.49,6457294.98,3973,Hyderabad,29,Phase 3,70.45,Approved,36,4.8,Hospital,India,4570271.65
1771,Ciprofloxacin,Dr. Reddy's,Central,2025-03-15 18:00:00,2022-06-07,Antidiabetic,63,11286.37,711041.31,2706,Pune,49,Phase 1,74.33,Pending,72,2.6,Retail Pharmacy,India,170729.47
1772,Ciprofloxacin,Cipla,SOUTH,2025-03-15 19:00:00,2023-10-31,Cardiovascular,906,8403.83,7613869.979999999,4233,Mumbai,4,Phase 3,88.92,Pending,63,4.6,Hospital,India,1076633.87
1773,Ibuprofen,Biocon,souTh,2025-03-15 20:00:00,2020-11-25,Antibiotic,548,29030.44,15908681.12,2792,Pune,15,Phase 1,91.04,Pending,18,4.6,Retail Pharmacy,India,4839331.77
1774,Metformin,Aurobindo,SOUTH,2025-03-15 21:00:00,2018-10-01,Vaccine,562,245.21,137808.02000000002,2932,Mumbai,12,Phase 4,74.6,Approved,45,2.6,Retail Pharmacy,India,1023546.66
1775,Losartan,Dr. Reddy's,EAST,2025-03-15 22:00:00,2016-07-02,Analgesic,150,1800.25,270037.5,1404,Mumbai,29,Phase 1,59.53,Rejected,85,1.6,Retail Pharmacy,India,3276025.43
1776,Metformin,Biocon,Central,2025-03-15 23:00:00,2017-12-20,Analgesic,28,33786.07,946009.96,2707,Mumbai,18,Phase 2,94.17,Rejected,58,4.0,Distributor,India,4916183.93
1777,Atorvastatin,Lupin, North Region,2025-03-16 00:00:00,2015-04-18,Antidiabetic,737,19811.71,14601230.27,2132,Pune,14,Phase 1,73.55,Approved,11,1.6,Retail Pharmacy,India,3716910.84
1778,Ciprofloxacin,Cadila,West ,2025-03-16 01:00:00,2023-01-19,Gastrointestinal,657,28750.46,18889052.22,4313,Bangalore,42,Phase 2,72.44,Rejected,96,1.3,Retail Pharmacy,India,3937432.94
1779,Losartan,Dr. Reddy's,East Zone,2025-03-16 02:00:00,2015-11-13,Antidiabetic,494,26072.73,12879928.62,4645,Bangalore,31,Phase 4,53.01,Approved,65,2.0,Hospital,India,591377.09
1780,Atorvastatin,Cadila,EAST,2025-03-16 03:00:00,2020-10-14,Antibiotic,954,34011.36,32446837.44,4975,Hyderabad,1,Phase 1,68.32,Pending,76,2.2,Retail Pharmacy,India,3274381.09
1781,Amoxicillin,Glenmark,Central,2025-03-16 04:00:00,2015-08-17,Vaccine,826,37248.85,30767550.1,1945,Hyderabad,1,Phase 1,65.66,Approved,23,1.0,Hospital,India,3594926.26
1782,Paracetamol,Sun Pharma,East Zone,2025-03-16 05:00:00,2020-10-18,Cardiovascular,242,16457.7,3982763.4,1359,Ahmedabad,20,Phase 1,82.6,Rejected,63,2.5,Online,India,3215875.38
1783,Paracetamol,Torrent,west region,2025-03-16 06:00:00,2024-09-16,Analgesic,714,23273.21,16617071.94,4307,Hyderabad,47,Phase 1,76.71,Approved,14,4.2,Hospital,India,3571325.65
1784,Amoxicillin,Biocon,SOUTH,2025-03-16 07:00:00,2017-12-11,Vaccine,749,27738.59,20776203.91,2457,Pune,2,Phase 3,63.33,Rejected,53,1.1,Hospital,India,3820910.23
1785,Azithromycin,Biocon,west region,2025-03-16 08:00:00,2016-03-20,Cardiovascular,209,31284.49,6538458.41,4156,Hyderabad,15,Phase 1,56.19,Rejected,83,2.6,Distributor,India,2437940.16
1786,Losartan,Sun Pharma,north,2025-03-16 09:00:00,2017-05-17,Antidiabetic,700,5257.39,3680173.0,3519,Ahmedabad,25,Phase 1,59.94,Approved,63,2.2,Retail Pharmacy,India,3323273.58
1787,Ibuprofen,Lupin,SOUTH,2025-03-16 10:00:00,2024-03-14,Gastrointestinal,562,12831.24,7211156.88,2454,Pune,5,Phase 4,82.14,Approved,19,4.5,Distributor,India,2188650.26
1788,Ibuprofen,Sun Pharma,Central,2025-03-16 11:00:00,2019-07-19,Antibiotic,524,1542.32,808175.6799999999,2081,Hyderabad,12,Phase 3,83.48,Rejected,70,2.3,Retail Pharmacy,India,4928183.05
1789,Losartan,Aurobindo,Central,2025-03-16 12:00:00,2017-09-20,Gastrointestinal,351,2918.03,1024228.53,3879,Mumbai,22,Phase 2,91.53,Pending,74,2.9,Retail Pharmacy,India,4968080.25
1790,Metformin,Zydus, North Region,2025-03-16 13:00:00,2022-02-17,Vaccine,429,31965.56,13713225.24,3041,Pune,18,Phase 2,65.16,Approved,10,4.4,Retail Pharmacy,India,1005554.67
1791,Omeprazole,Sun Pharma, North Region,2025-03-16 14:00:00,2015-01-31,Antidiabetic,320,7612.67,2436054.4,2619,Bangalore,4,Phase 4,86.82,Approved,86,1.2,Retail Pharmacy,India,388086.53
1792,Ciprofloxacin,Glenmark,SOUTH,2025-03-16 15:00:00,2023-06-07,Antidiabetic,514,33765.75,17355595.5,3807,Ahmedabad,18,Phase 4,54.2,Rejected,49,4.8,Hospital,India,3028567.54
1793,Paracetamol,Dr. Reddy's, North Region,2025-03-16 16:00:00,2021-04-14,Vaccine,73,737.15,53811.95,2346,Bangalore,31,Phase 4,75.07,Approved,54,2.6,Distributor,India,1634339.06
1794,Atorvastatin,Lupin,south ,2025-03-16 17:00:00,2019-07-09,Vaccine,518,23434.83,12139241.94,2495,Bangalore,34,Phase 3,89.84,Pending,69,3.4,Online,India,2596756.62
1795,Omeprazole,Glenmark, North Region,2025-03-16 18:00:00,2017-03-19,Vaccine,301,34702.68,10445506.68,4807,Mumbai,42,Phase 2,50.86,Approved,16,4.8,Online,India,2768642.09
1796,Paracetamol,Zydus,EAST,2025-03-16 19:00:00,2023-09-25,Gastrointestinal,891,11403.79,10160776.89,1880,Pune,8,Phase 4,57.46,Rejected,91,2.3,Online,India,1828211.17
1797,Omeprazole,Torrent,WEST,2025-03-16 20:00:00,2016-12-13,Antidiabetic,44,20484.9,901335.6,1744,Pune,11,Phase 2,61.42,Approved,11,4.5,Hospital,India,178568.3
1798,Amlodipine,Dr. Reddy's,Central,2025-03-16 21:00:00,2015-02-16,Antidiabetic,829,34378.36,28499660.44,2049,Hyderabad,30,Phase 1,97.81,Rejected,34,4.8,Retail Pharmacy,India,2862510.6
1799,Omeprazole,Dr. Reddy's,north,2025-03-16 22:00:00,2020-10-12,Analgesic,514,23533.93,12096440.02,1982,Hyderabad,2,Phase 2,95.23,Rejected,57,4.1,Online,India,556344.56
1800,Paracetamol,Glenmark,WEST,2025-03-16 23:00:00,2021-09-27,Cardiovascular,587,10111.8,5935626.6,4824,Bangalore,34,Phase 4,77.67,Rejected,11,1.4,Online,India,1004575.14
1801,Atorvastatin,Torrent,north,2025-03-17 00:00:00,2022-09-10,Cardiovascular,347,21427.55,7435359.85,2148,Hyderabad,32,Phase 1,98.04,Rejected,95,4.0,Hospital,India,556554.0
1802,Amoxicillin,Dr. Reddy's,souTh,2025-03-17 01:00:00,2023-01-27,Analgesic,72,37562.29,2704484.88,4888,Bangalore,40,Phase 4,74.18,Rejected,88,4.6,Distributor,India,3560327.82
1803,Amoxicillin,Cipla,west region,2025-03-17 02:00:00,2023-08-21,Gastrointestinal,447,8375.54,3743866.38,2797,Pune,0,Phase 3,62.84,Approved,45,3.9,Distributor,India,1439892.2
1804,Amlodipine,Dr. Reddy's,south ,2025-03-17 03:00:00,2015-03-11,Cardiovascular,44,27307.7,1201538.8,4496,Bangalore,3,Phase 1,50.6,Approved,60,1.3,Retail Pharmacy,India,1638288.23
1805,Amoxicillin,Torrent,Central,2025-03-17 04:00:00,2019-09-11,Antibiotic,561,9714.76,5449980.36,1213,Bangalore,48,Phase 2,53.19,Pending,21,1.1,Distributor,India,4746803.18
1806,Paracetamol,Zydus,East Zone,2025-03-17 05:00:00,2020-08-24,Gastrointestinal,338,22985.56,7769119.28,1411,Pune,26,Phase 1,82.21,Approved,92,1.5,Distributor,India,183551.87
1807,Losartan,Glenmark,EAST,2025-03-17 06:00:00,2022-06-02,Gastrointestinal,201,8936.24,1796184.24,2182,Ahmedabad,18,Phase 1,58.48,Approved,36,3.0,Distributor,India,4395724.44
1808,Azithromycin,Glenmark,Central,2025-03-17 07:00:00,2021-02-11,Vaccine,887,26806.28,23777170.36,4835,Hyderabad,18,Phase 4,75.0,Pending,75,2.3,Hospital,India,1515476.58
1809,Omeprazole,Torrent,WEST,2025-03-17 08:00:00,2015-10-11,Cardiovascular,694,14843.57,10301437.58,2897,Mumbai,14,Phase 3,64.23,Pending,99,4.0,Online,India,1171316.88
1810,Azithromycin,Sun Pharma,EAST,2025-03-17 09:00:00,2015-08-09,Cardiovascular,611,2670.89,1631913.79,3617,Ahmedabad,19,Phase 4,77.82,Pending,46,3.5,Retail Pharmacy,India,2302218.04
1811,Amlodipine,Glenmark,souTh,2025-03-17 10:00:00,2017-08-19,Antibiotic,18,3849.03,69282.54000000001,2291,Bangalore,41,Phase 2,56.84,Approved,83,2.8,Retail Pharmacy,India,2443108.69
1812,Atorvastatin,Torrent,SOUTH,2025-03-17 11:00:00,2021-09-25,Antibiotic,941,27965.23,26315281.43,2490,Mumbai,31,Phase 3,71.46,Rejected,63,1.9,Retail Pharmacy,India,776259.92
1813,Ciprofloxacin,Biocon,West ,2025-03-17 12:00:00,2017-06-28,Antidiabetic,521,29653.1,15449265.1,3839,Bangalore,8,Phase 2,65.61,Pending,58,1.9,Retail Pharmacy,India,1223413.6
1814,Atorvastatin,Glenmark,EAST,2025-03-17 13:00:00,2021-06-16,Vaccine,859,24324.18,20894470.62,1667,Bangalore,25,Phase 4,67.44,Pending,75,3.4,Distributor,India,3677631.35
1815,Atorvastatin,Zydus,NORTH ,2025-03-17 14:00:00,2021-02-07,Antibiotic,161,18290.68,2944799.48,4141,Bangalore,8,Phase 1,95.49,Pending,41,3.6,Online,India,156731.88
1816,Amlodipine,Dr. Reddy's,west region,2025-03-17 15:00:00,2023-02-09,Analgesic,324,10551.96,3418835.04,4733,Hyderabad,6,Phase 2,95.79,Approved,71,1.6,Retail Pharmacy,India,4240797.18
1817,Ciprofloxacin,Dr. Reddy's,SOUTH,2025-03-17 16:00:00,2023-07-31,Cardiovascular,459,37044.25,17003310.75,2804,Ahmedabad,31,Phase 1,52.37,Approved,15,4.7,Online,India,1489288.91
1818,Amoxicillin,Lupin,WEST,2025-03-17 17:00:00,2017-04-20,Vaccine,719,2245.8,1614730.2000000002,3120,Hyderabad,27,Phase 3,51.86,Approved,29,4.7,Retail Pharmacy,India,3642637.68
1819,Ciprofloxacin,Lupin,south ,2025-03-17 18:00:00,2023-10-18,Antibiotic,27,14503.07,391582.89,1340,Pune,13,Phase 2,94.33,Approved,40,5.0,Online,India,382671.0
1820,Atorvastatin,Sun Pharma,Central,2025-03-17 19:00:00,2021-05-19,Analgesic,598,5286.52,3161338.9600000004,4841,Mumbai,45,Phase 1,95.18,Rejected,87,2.4,Distributor,India,1440443.85
1821,Azithromycin,Lupin,SOUTH,2025-03-17 20:00:00,2024-12-28,Vaccine,619,22763.19,14090414.61,1179,Ahmedabad,11,Phase 2,91.13,Pending,46,2.7,Online,India,629396.89
1822,Ibuprofen,Cipla,EAST,2025-03-17 21:00:00,2019-08-27,Gastrointestinal,322,3704.18,1192745.96,2357,Ahmedabad,46,Phase 1,91.73,Pending,34,2.6,Hospital,India,522451.5
1823,Ibuprofen,Cipla,west region,2025-03-17 22:00:00,2023-03-08,Gastrointestinal,669,4249.13,2842667.97,3345,Bangalore,27,Phase 3,82.13,Pending,46,4.3,Retail Pharmacy,India,3109909.39
1824,Omeprazole,Cadila,EAST,2025-03-17 23:00:00,2019-06-24,Analgesic,525,6907.97,3626684.25,4072,Bangalore,29,Phase 4,68.53,Rejected,35,1.7,Distributor,India,117913.53
1825,Ciprofloxacin,Dr. Reddy's,East Zone,2025-03-18 00:00:00,2018-11-01,Gastrointestinal,254,3076.66,781471.64,2412,Mumbai,47,Phase 2,98.04,Rejected,49,2.2,Distributor,India,338742.78
1826,Amoxicillin,Zydus,WEST,2025-03-18 01:00:00,2017-07-19,Vaccine,244,14569.43,3554940.92,3079,Ahmedabad,40,Phase 2,77.04,Approved,63,4.0,Hospital,India,2537467.28
1827,Amlodipine,Cadila,west region,2025-03-18 02:00:00,2020-12-25,Antidiabetic,13,20342.4,264451.2,2986,Pune,37,Phase 4,77.01,Approved,49,1.6,Online,India,716271.42
1828,Omeprazole,Torrent,west region,2025-03-18 03:00:00,2016-05-21,Gastrointestinal,216,18267.46,3945771.36,4530,Mumbai,2,Phase 2,67.99,Rejected,46,1.0,Retail Pharmacy,India,2141425.47
1829,Atorvastatin,Aurobindo,SOUTH,2025-03-18 04:00:00,2015-03-08,Vaccine,404,19295.39,7795337.56,3313,Ahmedabad,38,Phase 4,50.66,Approved,58,4.9,Distributor,India,2132888.33
1830,Atorvastatin,Torrent,north,2025-03-18 05:00:00,2024-01-05,Cardiovascular,584,22315.53,13032269.52,1743,Ahmedabad,19,Phase 2,85.67,Approved,33,2.2,Online,India,4059085.3
1831,Losartan,Lupin,west region,2025-03-18 06:00:00,2022-03-17,Antidiabetic,92,20163.18,1855012.56,3588,Hyderabad,8,Phase 2,84.3,Approved,83,4.7,Distributor,India,691773.68
1832,Ibuprofen,Torrent,East Zone,2025-03-18 07:00:00,2020-04-19,Cardiovascular,267,28342.24,7567378.08,4262,Bangalore,25,Phase 3,67.8,Pending,13,4.2,Hospital,India,3737343.88
1833,Ibuprofen,Torrent,NORTH ,2025-03-18 08:00:00,2017-02-12,Antidiabetic,950,34364.89,32646645.5,1181,Ahmedabad,40,Phase 1,66.55,Pending,76,3.5,Online,India,1534112.4
1834,Omeprazole,Dr. Reddy's,Central,2025-03-18 09:00:00,2015-09-17,Antidiabetic,263,4554.62,1197865.06,3857,Bangalore,20,Phase 4,89.65,Approved,86,1.6,Online,India,4514909.66
1835,Ibuprofen,Cadila,souTh,2025-03-18 10:00:00,2023-07-19,Analgesic,748,1624.61,1215208.28,4866,Bangalore,2,Phase 4,92.83,Rejected,94,4.5,Retail Pharmacy,India,4516153.22
1836,Amlodipine,Aurobindo,WEST,2025-03-18 11:00:00,2015-01-23,Antidiabetic,842,31808.34,26782622.28,1208,Ahmedabad,38,Phase 2,69.93,Rejected,32,2.3,Hospital,India,3737602.76
1837,Paracetamol,Cipla,Central,2025-03-18 12:00:00,2016-10-04,Antidiabetic,755,20356.85,15369421.749999998,2073,Bangalore,18,Phase 3,94.92,Approved,62,3.2,Distributor,India,1089351.89
1838,Amlodipine,Cadila,south ,2025-03-18 13:00:00,2016-05-09,Analgesic,879,20829.52,18309148.08,2479,Mumbai,6,Phase 2,90.51,Rejected,58,1.3,Retail Pharmacy,India,1356033.2
1839,Atorvastatin,Sun Pharma,Central,2025-03-18 14:00:00,2022-12-18,Gastrointestinal,87,10245.24,891335.88,1550,Pune,12,Phase 2,56.58,Rejected,23,3.2,Hospital,India,802461.29
1840,Amlodipine,Cadila,SOUTH,2025-03-18 15:00:00,2021-11-21,Cardiovascular,996,10654.13,10611513.48,1574,Bangalore,13,Phase 1,68.5,Approved,53,4.6,Online,India,1382203.45
1841,Amoxicillin,Torrent,west region,2025-03-18 16:00:00,2016-03-09,Vaccine,240,18202.18,4368523.2,1795,Bangalore,15,Phase 1,91.2,Rejected,21,2.7,Distributor,India,3136416.14
1842,Omeprazole,Zydus,Central,2025-03-18 17:00:00,2017-07-28,Vaccine,862,11812.11,10182038.82,4520,Pune,16,Phase 1,99.62,Pending,36,4.2,Distributor,India,2281249.04
1843,Ciprofloxacin,Aurobindo,Central,2025-03-18 18:00:00,2023-09-11,Antidiabetic,447,30249.1,13521347.7,2267,Mumbai,42,Phase 2,60.55,Rejected,49,1.6,Hospital,India,541560.9
1844,Paracetamol,Glenmark,north,2025-03-18 19:00:00,2023-10-11,Antidiabetic,990,29027.57,28737294.3,1869,Bangalore,30,Phase 4,60.92,Rejected,85,3.8,Distributor,India,1552596.99
1845,Amlodipine,Zydus,west region,2025-03-18 20:00:00,2024-10-06,Gastrointestinal,130,25563.23,3323219.9,2677,Mumbai,14,Phase 4,91.23,Pending,12,4.9,Online,India,1757919.07
1846,Amoxicillin,Biocon, North Region,2025-03-18 21:00:00,2021-08-29,Vaccine,821,29170.78,23949210.38,3807,Mumbai,21,Phase 2,63.09,Pending,91,2.9,Online,India,4056774.26
1847,Ibuprofen,Lupin,west region,2025-03-18 22:00:00,2016-06-19,Gastrointestinal,66,2477.39,163507.74,1297,Hyderabad,34,Phase 2,55.44,Approved,90,1.3,Retail Pharmacy,India,2335727.25
1848,Losartan,Aurobindo,souTh,2025-03-18 23:00:00,2017-10-25,Antibiotic,667,24893.96,16604271.32,1166,Mumbai,31,Phase 2,73.0,Rejected,41,3.3,Hospital,India,4730010.0
1849,Losartan,Cadila,south ,2025-03-19 00:00:00,2018-09-11,Antibiotic,244,33575.71,8192473.24,1089,Pune,18,Phase 3,71.03,Rejected,56,4.8,Hospital,India,141487.2
1850,Ciprofloxacin,Cadila,NORTH ,2025-03-19 01:00:00,2018-07-15,Analgesic,799,35767.62,28578328.380000003,4585,Bangalore,9,Phase 4,91.89,Approved,54,4.9,Hospital,India,4406991.08
1851,Omeprazole,Dr. Reddy's,Central,2025-03-19 02:00:00,2018-03-26,Antibiotic,55,30791.42,1693528.1,4380,Pune,31,Phase 3,72.54,Rejected,89,1.0,Online,India,2242464.12
1852,Paracetamol,Aurobindo,souTh,2025-03-19 03:00:00,2015-08-22,Cardiovascular,87,18142.84,1578427.08,2811,Mumbai,34,Phase 4,88.59,Approved,67,3.2,Distributor,India,2023743.29
1853,Amlodipine,Lupin,souTh,2025-03-19 04:00:00,2018-04-07,Antibiotic,640,2737.29,1751865.6,2467,Pune,12,Phase 1,78.14,Approved,20,1.7,Online,India,2356163.17
1854,Ciprofloxacin,Dr. Reddy's, North Region,2025-03-19 05:00:00,2024-07-23,Antidiabetic,539,26716.99,14400457.61,1255,Pune,37,Phase 2,55.33,Approved,10,1.5,Retail Pharmacy,India,4640972.63
1855,Atorvastatin,Zydus,WEST,2025-03-19 06:00:00,2024-04-28,Antibiotic,364,17533.62,6382237.68,1465,Pune,13,Phase 3,76.71,Approved,65,1.0,Online,India,477129.92
1856,Azithromycin,Biocon,souTh,2025-03-19 07:00:00,2022-09-24,Antidiabetic,560,14898.72,8343283.199999999,3536,Hyderabad,36,Phase 1,53.04,Rejected,38,2.2,Distributor,India,1907803.9
1857,Azithromycin,Zydus, North Region,2025-03-19 08:00:00,2023-08-24,Antibiotic,515,18853.13,9709361.95,1458,Hyderabad,8,Phase 4,63.2,Rejected,45,3.7,Online,India,4077919.17
1858,Losartan,Sun Pharma,NORTH ,2025-03-19 09:00:00,2021-10-27,Analgesic,686,6292.34,4316545.24,2842,Bangalore,7,Phase 2,53.52,Approved,25,4.8,Hospital,India,2498973.53
1859,Losartan,Lupin,west region,2025-03-19 10:00:00,2022-06-20,Vaccine,849,8213.24,6973040.76,4372,Bangalore,38,Phase 3,84.27,Rejected,90,3.4,Online,India,2153451.09
1860,Amoxicillin,Lupin,south ,2025-03-19 11:00:00,2017-12-08,Cardiovascular,32,25515.81,816505.92,2676,Ahmedabad,43,Phase 1,82.3,Approved,67,2.0,Online,India,4218452.59
1861,Metformin,Lupin,Central,2025-03-19 12:00:00,2015-06-29,Vaccine,356,17670.22,6290598.32,3730,Pune,19,Phase 1,99.71,Rejected,85,2.0,Retail Pharmacy,India,3887636.93
1862,Metformin,Biocon, east,2025-03-19 13:00:00,2022-10-20,Cardiovascular,979,23653.78,23157050.62,3324,Hyderabad,48,Phase 2,58.61,Pending,84,2.1,Distributor,India,2439260.61
1863,Ciprofloxacin,Glenmark,Central,2025-03-19 14:00:00,2023-11-06,Vaccine,372,15988.69,5947792.680000001,3711,Hyderabad,47,Phase 3,97.94,Approved,85,1.6,Distributor,India,3452612.99
1864,Amlodipine,Cipla,SOUTH,2025-03-19 15:00:00,2023-04-20,Analgesic,298,11284.27,3362712.46,2222,Mumbai,0,Phase 4,76.67,Pending,61,1.7,Retail Pharmacy,India,3260332.51
1865,Ibuprofen,Lupin,west region,2025-03-19 16:00:00,2016-10-03,Gastrointestinal,335,4771.16,1598338.6,3039,Mumbai,41,Phase 1,57.12,Pending,45,3.2,Distributor,India,216036.11
1866,Omeprazole,Biocon,north,2025-03-19 17:00:00,2020-11-26,Analgesic,601,17156.89,10311290.89,1322,Bangalore,44,Phase 1,71.87,Rejected,90,2.6,Hospital,India,3232441.21
1867,Amlodipine,Aurobindo,Central,2025-03-19 18:00:00,2015-12-27,Analgesic,219,22431.19,4912430.609999999,4559,Mumbai,29,Phase 2,79.64,Approved,31,3.2,Hospital,India,2361975.92
1868,Losartan,Torrent, North Region,2025-03-19 19:00:00,2018-01-25,Cardiovascular,564,5666.11,3195686.04,3803,Mumbai,16,Phase 2,66.64,Approved,81,2.1,Hospital,India,66621.49
1869,Paracetamol,Sun Pharma,south ,2025-03-19 20:00:00,2017-07-08,Gastrointestinal,25,20389.63,509740.75,3749,Pune,26,Phase 3,59.49,Rejected,15,3.0,Hospital,India,1707325.34
1870,Ciprofloxacin,Dr. Reddy's,EAST,2025-03-19 21:00:00,2023-06-15,Analgesic,725,35429.66,25686503.500000004,1049,Pune,14,Phase 4,78.3,Rejected,64,2.8,Hospital,India,680902.44
1871,Ciprofloxacin,Zydus,south ,2025-03-19 22:00:00,2019-07-07,Antibiotic,656,1961.99,1287065.44,2649,Mumbai,32,Phase 3,91.34,Pending,69,2.8,Online,India,2723031.61
1872,Ciprofloxacin,Zydus, east,2025-03-19 23:00:00,2017-12-11,Antibiotic,823,24066.71,19806902.33,1428,Bangalore,38,Phase 1,77.45,Approved,14,1.1,Online,India,400852.12
1873,Omeprazole,Torrent,WEST,2025-03-20 00:00:00,2015-02-28,Analgesic,317,24284.82,7698287.939999999,2708,Mumbai,36,Phase 4,97.92,Pending,64,3.6,Online,India,2506953.47
1874,Atorvastatin,Aurobindo,West ,2025-03-20 01:00:00,2018-04-19,Antibiotic,606,7689.52,4659849.12,4142,Bangalore,18,Phase 4,96.84,Pending,61,1.7,Retail Pharmacy,India,3615016.53
1875,Azithromycin,Zydus, North Region,2025-03-20 02:00:00,2018-01-03,Antibiotic,103,4957.09,510580.27,1305,Ahmedabad,14,Phase 3,78.17,Rejected,46,3.5,Online,India,3514470.91
1876,Metformin,Zydus,East Zone,2025-03-20 03:00:00,2021-09-05,Vaccine,352,37653.42,13254003.84,2911,Pune,5,Phase 3,52.95,Rejected,44,3.1,Online,India,1494485.55
1877,Amlodipine,Aurobindo,WEST,2025-03-20 04:00:00,2020-12-25,Antidiabetic,363,1930.94,700931.22,1984,Mumbai,3,Phase 1,73.89,Rejected,22,4.3,Retail Pharmacy,India,4886883.33
1878,Ibuprofen,Zydus,East Zone,2025-03-20 05:00:00,2020-08-07,Analgesic,981,22300.8,21877084.8,1809,Pune,27,Phase 3,97.83,Approved,35,4.8,Online,India,3086096.16
1879,Ciprofloxacin,Glenmark,SOUTH,2025-03-20 06:00:00,2019-05-13,Analgesic,647,32657.96,21129700.12,3171,Pune,40,Phase 4,75.87,Approved,95,4.7,Distributor,India,4605161.99
1880,,Cadila,SOUTH,2025-03-20 07:00:00,2020-05-06,Vaccine,83,5940.97,493100.51,4656,Hyderabad,4,Phase 2,98.95,Pending,23,2.3,Hospital,India,1568566.08
1881,Atorvastatin,Glenmark,WEST,2025-03-20 08:00:00,2016-03-02,Cardiovascular,72,15715.5,1131516.0,3464,Pune,23,Phase 4,83.32,Pending,12,3.3,Distributor,India,1915129.94
1882,Paracetamol,Cadila, North Region,2025-03-20 09:00:00,2022-04-23,Gastrointestinal,749,13010.01,9744497.49,4482,Ahmedabad,36,Phase 1,53.25,Approved,87,4.7,Online,India,1105401.76
1883,Ibuprofen,Sun Pharma,Central,2025-03-20 10:00:00,2022-06-10,Antidiabetic,308,30557.39,9411676.12,1502,Bangalore,6,Phase 2,52.35,Rejected,21,3.9,Online,India,1749638.13
1884,Amoxicillin,Sun Pharma,west region,2025-03-20 11:00:00,2022-07-15,Gastrointestinal,917,3227.69,2959791.73,4136,Bangalore,36,Phase 3,92.5,Pending,14,2.8,Distributor,India,399020.57
1885,Ibuprofen,Lupin,West ,2025-03-20 12:00:00,2021-12-28,Antidiabetic,731,4099.26,2996559.06,2038,Pune,23,Phase 1,81.63,Rejected,62,2.2,Online,India,4948171.71
1886,Ciprofloxacin,Cipla,East Zone,2025-03-20 13:00:00,2019-10-24,Antidiabetic,527,753.19,396931.13,1210,Bangalore,22,Phase 4,96.55,Rejected,91,2.9,Online,India,4554525.54
1887,Omeprazole,Lupin,East Zone,2025-03-20 14:00:00,2016-10-16,Vaccine,177,39532.29,6997215.33,1841,Ahmedabad,26,Phase 3,56.86,Rejected,26,4.9,Online,India,3120004.88
1888,Metformin,Cadila,Central,2025-03-20 15:00:00,2022-10-18,Vaccine,466,29972.61,13967236.26,2595,Pune,32,Phase 1,55.52,Approved,19,4.5,Retail Pharmacy,India,3469624.45
1889,Ibuprofen,Biocon,Central,2025-03-20 16:00:00,2024-04-11,Antidiabetic,644,35955.9,23155599.6,3065,Pune,49,Phase 1,69.04,Approved,32,1.4,Online,India,766606.46
1890,Amlodipine,Cipla,north,2025-03-20 17:00:00,2024-09-01,Antidiabetic,553,39645.57,21924000.21,2338,Bangalore,16,Phase 3,57.0,Pending,97,4.8,Online,India,3970424.46
1891,Amoxicillin,Sun Pharma,SOUTH,2025-03-20 18:00:00,2015-06-30,Gastrointestinal,843,28558.16,24074528.88,2339,Ahmedabad,4,Phase 1,53.6,Pending,34,2.1,Hospital,India,3873852.71
1892,Omeprazole,Lupin,SOUTH,2025-03-20 19:00:00,2020-08-28,Vaccine,621,3952.13,2454272.73,4841,Mumbai,21,Phase 1,62.48,Rejected,63,2.5,Online,India,4151026.74
1893,Omeprazole,Lupin,Central,2025-03-20 20:00:00,2023-12-30,Antidiabetic,274,7707.49,2111852.26,3465,Bangalore,4,Phase 3,62.33,Approved,87,4.7,Distributor,India,1262720.02
1894,Losartan,Torrent,EAST,2025-03-20 21:00:00,2015-05-07,Antidiabetic,203,1451.42,294638.26,2727,Bangalore,3,Phase 4,96.77,Pending,21,2.3,Distributor,India,1722884.88
1895,Atorvastatin,Sun Pharma,south ,2025-03-20 22:00:00,2023-10-16,Vaccine,35,3242.23,113478.05,2594,Mumbai,3,Phase 2,70.25,Rejected,68,4.4,Distributor,India,2262848.72
1896,Atorvastatin,Sun Pharma,SOUTH,2025-03-20 23:00:00,2023-02-25,Antidiabetic,687,2309.24,1586447.88,4835,Ahmedabad,45,Phase 1,88.04,Rejected,92,3.6,Online,India,1543784.49
1897,Azithromycin,Cadila,East Zone,2025-03-21 00:00:00,2020-10-11,Gastrointestinal,596,3419.45,2037992.2,4829,Ahmedabad,49,Phase 1,87.02,Approved,67,4.7,Online,India,2145089.8
1898,Atorvastatin,Glenmark,south ,2025-03-21 01:00:00,2023-01-14,Analgesic,942,19882.12,18728957.04,1821,Pune,48,Phase 1,54.3,Approved,95,1.4,Online,India,2807613.97
1899,Metformin,Glenmark,EAST,2025-03-21 02:00:00,2016-08-17,Vaccine,158,21259.12,3358940.96,2154,Mumbai,9,Phase 2,68.59,Rejected,61,3.5,Distributor,India,2725382.93
1900,Amlodipine,Cadila,Central,2025-03-21 03:00:00,2015-05-18,Vaccine,716,6989.75,5004661.0,2968,Ahmedabad,23,Phase 2,77.42,Pending,67,1.3,Retail Pharmacy,India,1184266.36
1901,Ibuprofen,Zydus,SOUTH,2025-03-21 04:00:00,2024-02-13,Cardiovascular,612,20538.68,12569672.16,3583,Pune,5,Phase 1,84.07,Approved,25,2.6,Hospital,India,4252424.6
1902,Ciprofloxacin,Aurobindo,West ,2025-03-21 05:00:00,2015-06-26,Cardiovascular,284,2781.9,790059.6,4434,Pune,21,Phase 1,77.26,Pending,57,1.8,Retail Pharmacy,India,2987019.12
1903,Ciprofloxacin,Zydus,EAST,2025-03-21 06:00:00,2021-03-23,Gastrointestinal,664,11646.08,7732997.12,3053,Ahmedabad,43,Phase 4,53.21,Approved,64,4.9,Hospital,India,1754851.98
1904,Ibuprofen,Glenmark,Central,2025-03-21 07:00:00,2015-04-03,Cardiovascular,433,26173.4,11333082.2,1920,Hyderabad,24,Phase 1,95.16,Approved,87,2.3,Distributor,India,1931155.43
1905,Azithromycin,Sun Pharma,EAST,2025-03-21 08:00:00,2022-01-25,Antibiotic,531,14766.92,7841234.52,1089,Ahmedabad,47,Phase 4,78.32,Pending,23,2.2,Online,India,1557594.85
1906,Atorvastatin,Sun Pharma,south ,2025-03-21 09:00:00,2016-04-05,Analgesic,207,9791.97,2026937.79,2337,Pune,40,Phase 3,54.41,Pending,34,3.7,Retail Pharmacy,India,1651016.56
1907,Ciprofloxacin,Dr. Reddy's,WEST,2025-03-21 10:00:00,2018-11-22,Gastrointestinal,283,7147.4,2022714.2,2634,Hyderabad,28,Phase 4,53.11,Approved,80,4.9,Distributor,India,1597718.14
1908,Losartan,Cadila,Central,2025-03-21 11:00:00,2022-03-19,Antidiabetic,79,829.46,65527.34,4735,Ahmedabad,9,Phase 4,67.02,Approved,68,1.2,Hospital,India,815211.22
1909,Azithromycin,Biocon,SOUTH,2025-03-21 12:00:00,2019-07-13,Gastrointestinal,665,37055.13,24641661.45,2754,Hyderabad,40,Phase 4,87.16,Pending,37,2.3,Online,India,4937727.02
1910,Losartan,Dr. Reddy's,EAST,2025-03-21 13:00:00,2024-10-27,Gastrointestinal,153,1392.75,213090.75,3522,Bangalore,17,Phase 1,73.0,Pending,37,4.3,Distributor,India,1058849.72
1911,Amlodipine,Aurobindo,West ,2025-03-21 14:00:00,2024-02-09,Vaccine,604,18333.72,11073566.88,3850,Hyderabad,43,Phase 2,97.84,Rejected,74,4.4,Retail Pharmacy,India,1480595.29
1912,Amoxicillin,Zydus,souTh,2025-03-21 15:00:00,2022-10-12,Vaccine,340,10784.28,3666655.2,1779,Hyderabad,36,Phase 1,68.97,Pending,55,4.2,Distributor,India,3107779.99
1913,Metformin,Aurobindo,north,2025-03-21 16:00:00,2018-04-13,Cardiovascular,709,1337.26,948117.34,3004,Bangalore,26,Phase 4,81.43,Rejected,29,2.4,Hospital,India,4910531.4
1914,Amoxicillin,Cipla,WEST,2025-03-21 17:00:00,2021-04-17,Vaccine,355,33533.65,11904445.75,1374,Hyderabad,30,Phase 2,52.21,Approved,80,2.4,Distributor,India,1698500.66
1915,Amoxicillin,Torrent,EAST,2025-03-21 18:00:00,2021-03-15,Antibiotic,330,24743.11,8165226.3,2983,Mumbai,1,Phase 4,50.66,Rejected,41,1.5,Online,India,4400718.58
1916,Paracetamol,Glenmark, North Region,2025-03-21 19:00:00,2021-07-03,Antidiabetic,261,36731.4,9586895.4,4632,Ahmedabad,48,Phase 1,51.61,Rejected,38,3.4,Hospital,India,2837712.75
1917,Amlodipine,Sun Pharma,West ,2025-03-21 20:00:00,2017-10-18,Gastrointestinal,989,9222.6,9121151.4,4827,Ahmedabad,8,Phase 4,81.73,Pending,56,4.4,Hospital,India,4054296.02
1918,Omeprazole,Sun Pharma,Central,2025-03-21 21:00:00,2020-06-13,Analgesic,976,15584.05,15210032.8,3532,Pune,11,Phase 2,56.93,Rejected,98,3.2,Distributor,India,2763334.69
1919,Ibuprofen,Torrent,west region,2025-03-21 22:00:00,2020-04-14,Analgesic,803,18825.79,15117109.37,2294,Pune,22,Phase 3,96.44,Pending,37,3.1,Online,India,1219631.48
1920,Atorvastatin,Cadila, North Region,2025-03-21 23:00:00,2020-06-16,Antidiabetic,859,26869.66,23081037.94,4744,Hyderabad,2,Phase 3,57.67,Pending,14,4.2,Hospital,India,3076007.55
1921,Ciprofloxacin,Sun Pharma,SOUTH,2025-03-22 00:00:00,2018-08-26,Vaccine,795,31707.55,25207502.25,3486,Bangalore,44,Phase 4,75.47,Rejected,57,1.3,Distributor,India,3578756.57
1922,Atorvastatin,Zydus,East Zone,2025-03-22 01:00:00,2020-07-17,Analgesic,884,10183.11,9001869.24,3679,Mumbai,41,Phase 3,76.59,Approved,77,4.5,Online,India,2309820.29
1923,Amlodipine,Torrent,SOUTH,2025-03-22 02:00:00,2018-07-24,Antibiotic,747,853.62,637654.14,1922,Mumbai,18,Phase 2,56.99,Approved,78,3.5,Hospital,India,304708.78
1924,Ciprofloxacin,Cipla,East Zone,2025-03-22 03:00:00,2021-11-25,Analgesic,818,2768.73,2264821.14,3945,Bangalore,45,Phase 4,67.58,Pending,37,2.5,Hospital,India,4499670.44
1925,Atorvastatin,Cadila,west region,2025-03-22 04:00:00,2015-09-05,Antidiabetic,789,30245.75,23863896.75,3142,Hyderabad,22,Phase 1,70.1,Rejected,57,4.8,Online,India,1946536.03
1926,Metformin,Torrent,WEST,2025-03-22 05:00:00,2022-01-14,Vaccine,358,18858.78,6751443.239999999,2126,Mumbai,29,Phase 3,62.72,Approved,68,3.2,Hospital,India,1053561.54
1927,Amlodipine,Aurobindo,north,2025-03-22 06:00:00,2018-03-13,Vaccine,452,39694.35,17941846.2,3159,Pune,22,Phase 4,64.1,Approved,26,2.0,Retail Pharmacy,India,3935600.72
1928,Amoxicillin,Cadila,Central,2025-03-22 07:00:00,2020-11-20,Vaccine,137,4930.46,675473.02,3798,Pune,0,Phase 3,65.68,Rejected,88,1.7,Retail Pharmacy,India,3434328.22
1929,Paracetamol,Torrent,Central,2025-03-22 08:00:00,2019-12-09,Analgesic,194,29877.15,5796167.100000001,2841,Ahmedabad,14,Phase 2,86.96,Rejected,60,5.0,Retail Pharmacy,India,3477361.11
1930,Ibuprofen,Cadila,Central,2025-03-22 09:00:00,2024-01-27,Cardiovascular,20,38622.78,772455.6,1826,Bangalore,49,Phase 3,69.72,Rejected,42,2.7,Online,India,1214470.35
1931,Atorvastatin,Zydus,Central,2025-03-22 10:00:00,2019-02-12,Gastrointestinal,112,21327.8,2388713.6,3953,Pune,14,Phase 4,60.6,Approved,53,2.4,Distributor,India,3986028.39
1932,Paracetamol,Cadila,Central,2025-03-22 11:00:00,2024-06-30,Gastrointestinal,52,5366.84,279075.68,2132,Mumbai,46,Phase 1,98.57,Rejected,70,1.5,Distributor,India,3466537.29
1933,Paracetamol,Sun Pharma, North Region,2025-03-22 12:00:00,2017-03-05,Gastrointestinal,84,12302.99,1033451.16,3652,Pune,34,Phase 4,52.34,Approved,15,2.2,Distributor,India,193449.51
1934,Azithromycin,Biocon, North Region,2025-03-22 13:00:00,2022-08-10,Analgesic,666,5639.3,3755773.8,2763,Mumbai,21,Phase 4,50.76,Approved,18,1.6,Distributor,India,192101.92
1935,Amlodipine,Glenmark,Central,2025-03-22 14:00:00,2023-04-18,Vaccine,948,5514.63,5227869.24,1853,Pune,27,Phase 2,51.88,Approved,99,3.1,Online,India,2903879.28
1936,Amoxicillin,Dr. Reddy's, North Region,2025-03-22 15:00:00,2019-07-03,Antibiotic,75,3606.51,270488.25,4932,Pune,46,Phase 2,51.94,Pending,90,2.4,Retail Pharmacy,India,3909396.24
1937,Amoxicillin,Glenmark,Central,2025-03-22 16:00:00,2022-11-26,Analgesic,80,11529.04,922323.2,4295,Ahmedabad,25,Phase 4,97.02,Rejected,12,2.5,Online,India,1303276.58
1938,Amlodipine,Dr. Reddy's,SOUTH,2025-03-22 17:00:00,2020-10-20,Vaccine,259,25733.22,6664903.98,3920,Bangalore,17,Phase 4,70.89,Pending,63,4.4,Online,India,3568851.02
1939,Paracetamol,Aurobindo,Central,2025-03-22 18:00:00,2019-12-10,Antidiabetic,367,7647.8,2806742.6,2834,Ahmedabad,42,Phase 2,67.94,Pending,69,1.0,Retail Pharmacy,India,1983401.34
1940,Metformin,Glenmark,west region,2025-03-22 19:00:00,2016-05-20,Analgesic,791,36392.97,28786839.27,3417,Ahmedabad,11,Phase 4,87.81,Rejected,20,1.2,Online,India,3472751.53
1941,Atorvastatin,Zydus,WEST,2025-03-22 20:00:00,2023-08-23,Analgesic,806,11332.65,9134115.9,2477,Pune,43,Phase 4,64.14,Pending,62,1.9,Distributor,India,4705764.04
1942,Losartan,Glenmark,west region,2025-03-22 21:00:00,2021-01-31,Antibiotic,45,34245.85,1541063.25,3681,Hyderabad,32,Phase 1,55.27,Pending,71,2.8,Hospital,India,950633.35
1943,Azithromycin,Glenmark,Central,2025-03-22 22:00:00,2019-09-13,Cardiovascular,620,21790.35,13510017.0,4742,Hyderabad,5,Phase 4,92.65,Approved,42,2.3,Distributor,India,1408320.64
1944,Amoxicillin,Aurobindo,WEST,2025-03-22 23:00:00,2021-04-12,Cardiovascular,808,1094.19,884105.52,3353,Mumbai,48,Phase 1,98.12,Pending,85,1.4,Distributor,India,1831954.75
1945,Omeprazole,Sun Pharma, east,2025-03-23 00:00:00,2024-12-25,Cardiovascular,226,4630.72,1046542.72,3129,Hyderabad,5,Phase 3,79.48,Rejected,24,1.1,Hospital,India,673202.86
1946,Paracetamol,Biocon,NORTH ,2025-03-23 01:00:00,2017-06-15,Cardiovascular,609,33233.56,20239238.04,3551,Hyderabad,42,Phase 3,64.4,Approved,69,1.9,Retail Pharmacy,India,541149.2
1947,Amlodipine,Lupin,SOUTH,2025-03-23 02:00:00,2020-01-03,Analgesic,760,16027.12,12180611.2,3420,Bangalore,31,Phase 1,90.42,Pending,26,2.2,Hospital,India,1339676.13
1948,Ibuprofen,Glenmark,East Zone,2025-03-23 03:00:00,2024-07-20,Antidiabetic,763,30708.31,23430440.53,3124,Mumbai,27,Phase 2,95.99,Approved,75,1.3,Retail Pharmacy,India,437851.25
1949,Amoxicillin,Glenmark,Central,2025-03-23 04:00:00,2015-09-25,Cardiovascular,320,5346.48,1710873.6,1859,Bangalore,7,Phase 4,86.0,Rejected,40,3.2,Retail Pharmacy,India,578164.84
1950,Metformin,Dr. Reddy's,north,2025-03-23 05:00:00,2022-01-06,Cardiovascular,162,4536.21,734866.02,4986,Ahmedabad,48,Phase 4,68.31,Pending,47,3.4,Online,India,2074253.53
1951,Amlodipine,Torrent,west region,2025-03-23 06:00:00,2017-05-02,Antidiabetic,112,26774.24,2998714.8800000004,1709,Bangalore,43,Phase 3,67.24,Rejected,60,4.3,Retail Pharmacy,India,280663.73
1952,Amlodipine,Aurobindo,SOUTH,2025-03-23 07:00:00,2017-03-04,Cardiovascular,541,29722.18,16079699.38,2448,Hyderabad,49,Phase 1,53.3,Rejected,89,1.0,Retail Pharmacy,India,2661973.41
1953,Metformin,Torrent,EAST,2025-03-23 08:00:00,2019-01-25,Cardiovascular,128,26445.98,3385085.44,3677,Bangalore,45,Phase 4,81.48,Approved,77,1.4,Hospital,India,2704986.53
1954,Amlodipine,Dr. Reddy's,WEST,2025-03-23 09:00:00,2024-04-09,Antidiabetic,465,32811.44,15257319.6,1290,Bangalore,38,Phase 3,82.21,Rejected,17,2.2,Online,India,1194749.18
1955,Amoxicillin,Lupin,WEST,2025-03-23 10:00:00,2019-06-24,Cardiovascular,643,39944.22,25684133.46,1598,Hyderabad,9,Phase 1,59.35,Pending,85,4.4,Retail Pharmacy,India,1129193.9
1956,Atorvastatin,Cadila,West ,2025-03-23 11:00:00,2016-12-03,Vaccine,37,23157.1,856812.7,3146,Mumbai,46,Phase 1,66.13,Rejected,81,4.8,Retail Pharmacy,India,223047.78
1957,Atorvastatin,Glenmark,WEST,2025-03-23 12:00:00,2024-01-14,Antidiabetic,780,6722.37,5243448.6,1360,Hyderabad,31,Phase 4,96.47,Rejected,72,4.2,Online,India,4680285.21
1958,Ibuprofen,Biocon,Central,2025-03-23 13:00:00,2024-08-14,Antibiotic,827,39442.69,32619104.630000003,3089,Pune,36,Phase 2,71.01,Approved,21,2.8,Retail Pharmacy,India,1078923.24
1959,Losartan,Dr. Reddy's,south ,2025-03-23 14:00:00,2020-03-09,Cardiovascular,989,30164.94,29833125.66,3277,Bangalore,35,Phase 1,87.87,Pending,96,2.7,Retail Pharmacy,India,3885853.83
1960,Amlodipine,Glenmark,EAST,2025-03-23 15:00:00,2018-08-22,Analgesic,249,17609.47,4384758.03,3495,Ahmedabad,32,Phase 3,56.86,Approved,98,3.8,Hospital,India,1090741.65
1961,Ibuprofen,Cadila,NORTH ,2025-03-23 16:00:00,2017-10-02,Analgesic,935,24013.29,22452426.15,3187,Pune,8,Phase 2,82.05,Rejected,51,5.0,Distributor,India,4197919.29
1962,Metformin,Sun Pharma,EAST,2025-03-23 17:00:00,2018-11-26,Vaccine,126,23224.42,2926276.92,2206,Pune,43,Phase 2,88.26,Pending,55,3.8,Retail Pharmacy,India,4438331.09
1963,Paracetamol,Dr. Reddy's,south ,2025-03-23 18:00:00,2015-07-28,Antibiotic,116,31654.1,3671875.6,3590,Bangalore,44,Phase 4,51.21,Rejected,76,3.1,Hospital,India,2912426.95
1964,Ciprofloxacin,Dr. Reddy's,West ,2025-03-23 19:00:00,2023-12-03,Antidiabetic,710,4966.23,3526023.3,1366,Ahmedabad,38,Phase 3,95.67,Approved,11,1.6,Retail Pharmacy,India,1686860.52
1965,Metformin,Biocon,Central,2025-03-23 20:00:00,2020-08-30,Cardiovascular,442,2016.18,891151.56,2189,Ahmedabad,35,Phase 3,96.29,Approved,92,4.9,Distributor,India,3004040.02
1966,Ibuprofen,Biocon,SOUTH,2025-03-23 21:00:00,2022-01-29,Gastrointestinal,378,5489.68,2075099.04,4585,Ahmedabad,17,Phase 2,52.79,Pending,10,4.3,Distributor,India,3764977.59
1967,Azithromycin,Aurobindo, east,2025-03-23 22:00:00,2015-10-15,Gastrointestinal,671,12617.91,8466617.61,1274,Hyderabad,35,Phase 2,84.11,Approved,18,2.7,Hospital,India,4437919.22
1968,Atorvastatin,Dr. Reddy's,EAST,2025-03-23 23:00:00,2017-10-13,Analgesic,439,11128.92,4885595.88,1592,Hyderabad,47,Phase 2,72.95,Pending,53,3.3,Hospital,India,1367642.86
1969,Azithromycin,Dr. Reddy's,souTh,2025-03-24 00:00:00,2018-01-09,Vaccine,545,5294.19,2885333.55,4195,Hyderabad,34,Phase 3,87.16,Approved,43,1.7,Retail Pharmacy,India,3511344.32
1970,Azithromycin,Cadila,Central,2025-03-24 01:00:00,2021-06-11,Antibiotic,350,23513.79,8229826.5,2825,Ahmedabad,45,Phase 2,74.27,Approved,10,4.1,Retail Pharmacy,India,2266049.73
1971,Metformin,Sun Pharma,Central,2025-03-24 02:00:00,2018-01-26,Gastrointestinal,868,13497.02,11715413.36,3911,Pune,33,Phase 4,61.6,Approved,47,4.4,Online,India,1382329.98
1972,Atorvastatin,Sun Pharma,Central,2025-03-24 03:00:00,2023-04-03,Antidiabetic,477,8951.72,4269970.44,2425,Mumbai,40,Phase 2,55.88,Pending,64,2.0,Distributor,India,4729960.23
1973,Omeprazole,Cipla,north,2025-03-24 04:00:00,2023-07-20,Cardiovascular,28,10237.71,286655.88,2292,Pune,7,Phase 2,54.73,Pending,19,1.4,Hospital,India,3795209.63
1974,,Cadila,Central,2025-03-24 05:00:00,2018-11-22,Analgesic,273,12200.11,3330630.0300000003,1720,Bangalore,14,Phase 3,73.77,Rejected,92,3.6,Online,India,1911444.7
1975,Azithromycin,Glenmark,Central,2025-03-24 06:00:00,2018-06-16,Antibiotic,165,23559.35,3887292.75,1100,Hyderabad,33,Phase 4,74.16,Approved,29,3.3,Distributor,India,1038364.34
1976,Losartan,Dr. Reddy's,WEST,2025-03-24 07:00:00,2022-06-08,Vaccine,769,39431.06,30322485.14,2557,Pune,12,Phase 4,96.95,Rejected,65,3.1,Distributor,India,4595878.35
1977,Azithromycin,Torrent,NORTH ,2025-03-24 08:00:00,2019-12-08,Antibiotic,587,24301.69,14265092.03,4843,Hyderabad,41,Phase 1,88.09,Approved,70,1.6,Online,India,793608.54
1978,Ciprofloxacin,Sun Pharma,Central,2025-03-24 09:00:00,2016-03-09,Analgesic,44,32993.35,1451707.4,3283,Bangalore,32,Phase 4,59.81,Approved,13,4.6,Retail Pharmacy,India,4803355.95
1979,Amoxicillin,Torrent, North Region,2025-03-24 10:00:00,2020-03-13,Vaccine,177,1056.86,187064.22,1469,Ahmedabad,4,Phase 2,94.74,Pending,29,3.4,Online,India,3086923.78
1980,Amlodipine,Cadila,East Zone,2025-03-24 11:00:00,2023-03-28,Analgesic,731,17061.99,12472314.69,2969,Ahmedabad,19,Phase 1,73.78,Rejected,20,1.9,Distributor,India,983993.96
1981,,Biocon,souTh,2025-03-24 12:00:00,2019-08-06,Vaccine,480,16641.8,7988064.0,3488,Bangalore,1,Phase 4,89.6,Rejected,25,4.3,Distributor,India,4293318.32
1982,Amoxicillin,Dr. Reddy's,south ,2025-03-24 13:00:00,2020-08-16,Vaccine,567,23271.42,13194895.14,2785,Hyderabad,35,Phase 4,80.03,Approved,68,2.0,Online,India,2321932.75
1983,Ciprofloxacin,Glenmark,Central,2025-03-24 14:00:00,2015-09-13,Vaccine,146,2273.27,331897.42,4915,Ahmedabad,25,Phase 1,66.6,Pending,17,2.4,Online,India,113185.48
1984,Paracetamol,Sun Pharma,SOUTH,2025-03-24 15:00:00,2021-10-05,Antibiotic,222,4630.63,1027999.86,3939,Mumbai,24,Phase 3,76.78,Pending,47,2.0,Distributor,India,1038453.16
1985,Omeprazole,Sun Pharma, east,2025-03-24 16:00:00,2023-04-02,Vaccine,501,25426.21,12738531.21,4949,Hyderabad,12,Phase 2,85.96,Approved,11,1.3,Distributor,India,2923879.38
1986,Amlodipine,Lupin,north,2025-03-24 17:00:00,2016-05-10,Antidiabetic,832,26417.51,21979368.32,4124,Ahmedabad,44,Phase 1,73.8,Rejected,88,3.5,Online,India,4717251.95
1987,Ibuprofen,Torrent,Central,2025-03-24 18:00:00,2020-03-17,Gastrointestinal,743,19560.77,14533652.11,2991,Pune,20,Phase 2,82.23,Approved,75,4.6,Retail Pharmacy,India,4969613.12
1988,Amlodipine,Biocon,Central,2025-03-24 19:00:00,2024-05-20,Antibiotic,906,9346.72,8468128.32,3402,Hyderabad,28,Phase 2,61.55,Pending,31,3.1,Distributor,India,4447562.06
1989,Ibuprofen,Sun Pharma,EAST,2025-03-24 20:00:00,2020-08-15,Antibiotic,330,26936.23,8888955.9,2052,Ahmedabad,36,Phase 4,56.25,Pending,81,1.5,Online,India,351842.31
1990,,Torrent,north,2025-03-24 21:00:00,2016-08-05,Vaccine,721,34544.13,24906317.73,1038,Bangalore,7,Phase 4,94.37,Approved,75,2.7,Online,India,523691.54
1991,Ibuprofen,Aurobindo,WEST,2025-03-24 22:00:00,2019-01-07,Antibiotic,426,36948.42,15740026.92,4902,Hyderabad,3,Phase 2,84.4,Rejected,64,2.6,Retail Pharmacy,India,3888340.46
1992,Amlodipine,Torrent,west region,2025-03-24 23:00:00,2020-10-04,Vaccine,523,36546.71,19113929.33,4282,Mumbai,39,Phase 4,56.34,Rejected,80,4.1,Distributor,India,3672821.18
1993,Losartan,Biocon,West ,2025-03-25 00:00:00,2018-11-19,Cardiovascular,417,2498.04,1041682.68,4769,Bangalore,14,Phase 4,83.7,Rejected,78,2.8,Retail Pharmacy,India,2992103.93
1994,Omeprazole,Glenmark,Central,2025-03-25 01:00:00,2020-04-08,Antibiotic,310,11930.23,3698371.3,4113,Pune,9,Phase 3,55.48,Approved,79,4.5,Distributor,India,581116.58
1995,Ciprofloxacin,Aurobindo,SOUTH,2025-03-25 02:00:00,2022-02-23,Antibiotic,576,23208.46,13368072.96,3978,Bangalore,32,Phase 3,63.31,Approved,14,2.0,Hospital,India,4377459.21
1996,Losartan,Glenmark,Central,2025-03-25 03:00:00,2016-09-12,Gastrointestinal,175,26914.12,4709971.0,3074,Hyderabad,43,Phase 1,95.15,Approved,39,1.2,Retail Pharmacy,India,2848244.04
1997,Ibuprofen,Sun Pharma,Central,2025-03-25 04:00:00,2016-08-23,Cardiovascular,105,25847.63,2714001.15,3538,Bangalore,33,Phase 2,70.47,Rejected,26,3.8,Hospital,India,3981297.28
1998,Ibuprofen,Zydus,Central,2025-03-25 05:00:00,2020-09-02,Vaccine,959,14708.48,14105432.32,1297,Bangalore,7,Phase 4,75.42,Rejected,80,2.6,Online,India,2097965.2
1999,Ibuprofen,Sun Pharma,Central,2025-03-25 06:00:00,2021-09-27,Vaccine,933,20393.86,19027471.38,3796,Hyderabad,30,Phase 1,80.12,Rejected,48,3.9,Hospital,India,2180401.11
2000,Ciprofloxacin,Glenmark, North Region,2025-03-25 07:00:00,2023-10-21,Vaccine,569,28921.25,16456191.25,2978,Ahmedabad,4,Phase 2,62.54,Pending,76,1.1,Retail Pharmacy,India,3947509.0
1861,Metformin,Lupin,Central,2025-03-19 12:00:00,2015-06-29,Vaccine,356,17670.22,6290598.32,3730,Pune,19,Phase 1,99.71,Rejected,85,2.0,Retail Pharmacy,India,3887636.93
354,Omeprazole,Biocon,Central,2025-01-15 17:00:00,2015-01-19,Antidiabetic,398,8224.83,3273482.34,3867,Ahmedabad,39,Phase 3,55.62,Rejected,77,1.8,Distributor,India,1209134.24
1334,Azithromycin,Zydus,Central,2025-02-25 13:00:00,2024-09-04,Antidiabetic,92,17793.04,1636959.6800000002,2851,Hyderabad,48,Phase 2,94.13,Approved,11,4.1,Hospital,India,4874334.12
906,Omeprazole,Dr. Reddy's,West ,2025-02-07 17:00:00,2023-01-19,Cardiovascular,624,28384.17,17711722.08,4778,Bangalore,10,Phase 2,74.4,Rejected,51,2.4,Online,India,2134551.75
1290,Amoxicillin,Aurobindo,EAST,2025-02-23 17:00:00,2024-11-20,Cardiovascular,773,2205.11,1704550.03,1486,Pune,11,Phase 3,63.49,Approved,33,2.5,Distributor,India,1294489.19
1274,Paracetamol,Aurobindo,north,2025-02-23 01:00:00,2023-05-11,Vaccine,792,32287.66,25571826.72,4068,Ahmedabad,44,Phase 4,73.01,Approved,81,2.8,Retail Pharmacy,India,4613323.12
939,Losartan,Biocon,SOUTH,2025-02-09 02:00:00,2022-06-11,Vaccine,272,19606.24,5332897.28,2500,Hyderabad,22,Phase 4,69.86,Rejected,34,2.6,Distributor,India,876314.18
1732,Amlodipine,Aurobindo,East Zone,2025-03-14 03:00:00,2021-11-16,Cardiovascular,807,15866.97,12804644.79,3801,Hyderabad,45,Phase 2,69.28,Rejected,42,4.0,Distributor,India,3462255.26
66,Metformin,Dr. Reddy's, east,2025-01-03 17:00:00,2015-07-03,Cardiovascular,266,12411.53,3301466.98,3516,Hyderabad,38,Phase 4,80.34,Rejected,16,2.4,Online,India,164064.38
1324,Omeprazole,Zydus,souTh,2025-02-25 03:00:00,2015-08-25,Cardiovascular,685,9055.28,6202866.800000001,2043,Mumbai,20,Phase 1,89.13,Pending,86,4.2,Hospital,India,4319633.47
57,Metformin,Cipla,SOUTH,2025-01-03 08:00:00,2015-11-24,Cardiovascular,838,13362.95,11198152.1,2585,Mumbai,8,Phase 1,88.46,Rejected,63,1.4,Retail Pharmacy,India,4789489.23
1293,Atorvastatin,Biocon,west region,2025-02-23 20:00:00,2021-10-05,Gastrointestinal,179,8319.25,1489145.75,2077,Hyderabad,38,Phase 1,85.97,Rejected,95,4.8,Distributor,India,1058011.68
1119,Losartan,Dr. Reddy's,souTh,2025-02-16 14:00:00,2017-05-01,Cardiovascular,899,19250.6,17306289.4,4079,Mumbai,0,Phase 3,64.44,Rejected,47,4.6,Retail Pharmacy,India,1067042.5
585,Atorvastatin,Dr. Reddy's,West ,2025-01-25 08:00:00,2019-07-16,Vaccine,233,24840.66,5787873.78,3824,Pune,5,Phase 2,80.44,Pending,90,2.7,Online,India,2333656.7
375,Amoxicillin,Cipla,SOUTH,2025-01-16 14:00:00,2022-02-10,Antidiabetic,259,7711.43,1997260.37,4956,Pune,42,Phase 2,64.38,Pending,80,3.4,Distributor,India,451328.77
276,Amlodipine,Zydus, east,2025-01-12 11:00:00,2017-08-29,Gastrointestinal,285,2130.43,607172.5499999999,1072,Hyderabad,8,Phase 1,82.0,Rejected,45,2.9,Online,India,4013120.51
747,Atorvastatin,Cipla,WEST,2025-02-01 02:00:00,2022-04-22,Gastrointestinal,705,20637.2,14549226.0,1229,Hyderabad,31,Phase 2,61.91,Approved,96,4.5,Distributor,India,4470559.63
129,Atorvastatin,Sun Pharma, east,2025-01-06 08:00:00,2019-12-14,Cardiovascular,102,16589.61,1692140.22,1754,Mumbai,43,Phase 1,93.75,Rejected,29,1.7,Online,India,1232402.36
1647,Paracetamol,Cadila,WEST,2025-03-10 14:00:00,2022-10-02,Antidiabetic,865,30396.41,26292894.65,4032,Bangalore,46,Phase 4,98.68,Pending,77,3.3,Hospital,India,4707626.68
1853,Amlodipine,Lupin,south ,2025-03-19 04:00:00,2018-04-07,Antibiotic,640,2737.29,1751865.6,2467,Pune,12,Phase 1,78.14,Approved,20,1.7,Online,India,2356163.17
675,Azithromycin,Lupin,EAST,2025-01-29 02:00:00,2021-08-14,Antibiotic,408,4113.65,1678369.2,4800,Hyderabad,16,Phase 2,61.94,Pending,84,1.7,Online,India,4760107.22
1665,Amoxicillin,Zydus, east,2025-03-11 08:00:00,2016-01-14,Analgesic,869,21690.4,18848957.6,4679,Ahmedabad,42,Phase 2,69.42,Approved,63,2.0,Retail Pharmacy,India,4443885.31
1982,Amoxicillin,Dr. Reddy's,souTh,2025-03-24 13:00:00,2020-08-16,Vaccine,567,23271.42,13194895.14,2785,Hyderabad,35,Phase 4,80.03,Approved,68,2.0,Online,India,2321932.75
